[Licensing::Module] Trying to connect to existing licensing client channel...
Built from '6000.3/respin/6000.3.1f1-f56f53296c2c' branch; Version is '6000.3.1f1 (37142da19a94) revision 3609645'; Using compiler version '194234433'; Build Type 'Release'
OS: 'Windows 11  (10.0.26200) 64bit CoreSingleLanguage' Language: 'en' Physical Memory: 16155 MB
[Licensing::IpcConnector] Successfully connected to: "LicenseClient-user" at "2026-04-09T02:44:31.4627729Z"
BatchMode: 1, IsHumanControllingUs: 0, StartBugReporterOnCrash: 0, Is64bit: 1
Date: 2026-04-09T02:44:31Z

COMMAND LINE ARGUMENTS:
C:\Program Files\Unity\Hub\Editor\6000.3.1f1\Editor\Unity.exe
-adb2
-batchMode
-noUpm
-name
AssetImportWorker0
-projectPath
C:/UWU/fight/SolarParadox
-logFile
Logs/AssetImportWorker0.log
-srvPort
64170
-licensingIpc
LicenseClient-user
-job-worker-count
7
-background-job-worker-count
8
-gc-helper-count
1
-name
AssetImport
Successfully changed project path to: C:/UWU/fight/SolarParadox
C:/UWU/fight/SolarParadox
[UnityMemory] Configuration Parameters - Can be set up in boot.config
    "memorysetup-temp-allocator-size-nav-mesh-worker=65536"
    "memorysetup-temp-allocator-size-audio-worker=65536"
    "memorysetup-temp-allocator-size-gfx=262144"
    "memorysetup-allocator-temp-initial-block-size-main=262144"
    "memorysetup-allocator-temp-initial-block-size-worker=262144"
    "memorysetup-temp-allocator-size-background-worker=32768"
    "memorysetup-temp-allocator-size-job-worker=262144"
    "memorysetup-temp-allocator-size-preload-manager=33554432"
    "memorysetup-temp-allocator-size-gi-baking-worker=262144"
    "memorysetup-temp-allocator-size-gi-baking-worker=262144"
    "memorysetup-temp-allocator-size-gi-baking-worker=262144"
    "memorysetup-temp-allocator-size-gi-baking-worker=262144"
    "memorysetup-temp-allocator-size-gi-baking-worker=262144"
    "memorysetup-bucket-allocator-granularity=16"
    "memorysetup-bucket-allocator-bucket-count=8"
    "memorysetup-bucket-allocator-block-size=33554432"
    "memorysetup-bucket-allocator-block-count=8"
    "memorysetup-main-allocator-block-size=16777216"
    "memorysetup-thread-allocator-block-size=16777216"
    "memorysetup-gfx-main-allocator-block-size=16777216"
    "memorysetup-gfx-thread-allocator-block-size=16777216"
    "memorysetup-cache-allocator-block-size=4194304"
    "memorysetup-typetree-allocator-block-size=2097152"
    "memorysetup-profiler-bucket-allocator-granularity=16"
    "memorysetup-profiler-bucket-allocator-bucket-count=8"
    "memorysetup-profiler-bucket-allocator-block-size=33554432"
    "memorysetup-profiler-bucket-allocator-block-count=8"
    "memorysetup-profiler-allocator-block-size=16777216"
    "memorysetup-profiler-editor-allocator-block-size=1048576"
    "memorysetup-temp-allocator-size-main=16777216"
    "memorysetup-job-temp-allocator-block-size=2097152"
    "memorysetup-job-temp-allocator-block-size-background=1048576"
    "memorysetup-job-temp-allocator-reduction-small-platforms=262144"
    "memorysetup-temp-allocator-size-cloud-worker=32768"
Player connection [36456]  Target information:

Player connection [36456]  * "[IP] 25.30.185.231 [Port] 0 [Flags] 2 [Guid] 2638979581 [EditorId] 2638979581 [Version] 1048832 [Id] WindowsEditor(7,MSI) [Debug] 1 [PackageName] WindowsEditor [ProjectName] Editor" 

Player connection [36456]  * "[IP] 192.168.1.109 [Port] 0 [Flags] 2 [Guid] 2638979581 [EditorId] 2638979581 [Version] 1048832 [Id] WindowsEditor(7,MSI) [Debug] 1 [PackageName] WindowsEditor [ProjectName] Editor" 

Player connection [36456]  * "[IP] 26.214.68.58 [Port] 0 [Flags] 2 [Guid] 2638979581 [EditorId] 2638979581 [Version] 1048832 [Id] WindowsEditor(7,MSI) [Debug] 1 [PackageName] WindowsEditor [ProjectName] Editor" 

Player connection [36456]  * "[IP] 192.168.56.1 [Port] 0 [Flags] 2 [Guid] 2638979581 [EditorId] 2638979581 [Version] 1048832 [Id] WindowsEditor(7,MSI) [Debug] 1 [PackageName] WindowsEditor [ProjectName] Editor" 

Player connection [36456] Host joined multi-casting on [225.0.0.222:54997]...
Player connection [36456] Host joined alternative multi-casting on [225.0.0.222:34997]...
JobSystem: Creating JobQueue using job-worker-count value 7
Input System module state changed to: Initialized.
[Physics::Module] Initialized fallback backend.
[Physics::Module] Id: 0xdecafbad
Library Redirect Path: Library/
[Physics::Module] Selected backend.
[Physics::Module] Name: PhysX
[Physics::Module] Id: 0xf2b8ea05
[Physics::Module] SDK Version: 4.1.2
[Physics::Module] Integration Version: 1.0.0
[Physics::Module] Threading Mode: Multi-Threaded
Refreshing native plugins compatible for Editor in 4.17 ms, found 4 plugins.
Preloading 0 native plugins for Editor in 0.00 ms.
Initialize engine version: 6000.3.1f1 (37142da19a94)
[Subsystems] Discovering subsystems at path C:/Program Files/Unity/Hub/Editor/6000.3.1f1/Editor/Data/Resources/UnitySubsystems
[Subsystems] Discovering subsystems at path C:/UWU/fight/SolarParadox/Assets
GfxDevice: creating device client; kGfxThreadingModeNonThreaded
Direct3D:
    Version:  Direct3D 11.0 [level 11.1]
    Renderer: NVIDIA GeForce RTX 4070 Laptop GPU (ID=0x2820)
    Vendor:   NVIDIA
    VRAM:     7948 MB
    Driver:   32.0.15.6614
Initialize mono
Mono path[0] = 'C:/Program Files/Unity/Hub/Editor/6000.3.1f1/Editor/Data/Managed'
Mono path[1] = 'C:/Program Files/Unity/Hub/Editor/6000.3.1f1/Editor/Data/MonoBleedingEdge/lib/mono/unityjit-win32'
Mono config path = 'C:/Program Files/Unity/Hub/Editor/6000.3.1f1/Editor/Data/MonoBleedingEdge/etc'
Using monoOptions --debugger-agent=transport=dt_socket,embedding=1,server=y,suspend=n,address=127.0.0.1:56848
Begin MonoManager ReloadAssembly
Registering precompiled unity dll's ...
Register platform support module: C:/Program Files/Unity/Hub/Editor/6000.3.1f1/Editor/Data/PlaybackEngines/WebGLSupport/UnityEditor.WebGL.Extensions.dll
Register platform support module: C:/Program Files/Unity/Hub/Editor/6000.3.1f1/Editor/Data/PlaybackEngines/WindowsStandaloneSupport/UnityEditor.WindowsStandalone.Extensions.dll
Registered in 0.003414 seconds.
- Loaded All Assemblies, in  0.423 seconds
Native extension for WindowsStandalone target not found
Native extension for WebGL target not found
Mono: successfully reloaded assembly
- Finished resetting the current domain, in  0.382 seconds
Domain Reload Profiling: 802ms
	BeginReloadAssembly (138ms)
		ExecutionOrderSort (0ms)
		DisableScriptedObjects (0ms)
		BackupInstance (0ms)
		ReleaseScriptingObjects (0ms)
		CreateAndSetChildDomain (1ms)
	RebuildCommonClasses (38ms)
	RebuildNativeTypeToScriptingClass (14ms)
	initialDomainReloadingComplete (54ms)
	LoadAllAssembliesAndSetupDomain (176ms)
		LoadAssemblies (135ms)
		RebuildTransferFunctionScriptingTraits (0ms)
		AnalyzeDomain (172ms)
			TypeCache.Refresh (170ms)
				TypeCache.ScanAssembly (156ms)
			BuildScriptInfoCaches (0ms)
			ResolveRequiredComponents (0ms)
	FinalizeReload (382ms)
		ReleaseScriptCaches (0ms)
		RebuildScriptCaches (0ms)
		SetupLoadedEditorAssemblies (348ms)
			LogAssemblyErrors (0ms)
			InitializePlatformSupportModulesInManaged (55ms)
			SetLoadedEditorAssemblies (4ms)
			BeforeProcessingInitializeOnLoad (78ms)
			ProcessInitializeOnLoadAttributes (138ms)
			ProcessInitializeOnLoadMethodAttributes (73ms)
			AfterProcessingInitializeOnLoad (0ms)
			EditorAssembliesLoaded (0ms)
		ExecutionOrderSort2 (0ms)
		AwakeInstancesAfterBackupRestoration (0ms)
========================================================================
Worker process is ready to serve import requests
Import Worker Mode flag is 0x00
Begin MonoManager ReloadAssembly
[Licensing::Module] Licensing is not yet initialized.
[Licensing::Client] Handshaking with LicensingClient:
  Version:                 1.17.4+4293ba1
  Session Id:              f8c002f182564378b88a46f8f25234df
  Correlation Id:          01ffa4e27a6eb73f5df42a35b97ea187
  External correlation Id: 9069021170873659496
  Machine Id:              VYIVznokh63VNt0B3YA2QorE2k8=
[Licensing::Module] Successfully connected to LicensingClient on channel: "LicenseClient-user" (connect: 0.00s, validation: 0.00s, handshake: 2.02s)
[Licensing::IpcConnector] Successfully connected to: "LicenseClient-user-notifications" at "2026-04-09T02:44:33.4901821Z"
[Licensing::Module] Licensing Background thread has ended after 2.03s
[Licensing::Module] Licensing is initialized (took 0.26s).
[Licensing::Client] Successfully resolved entitlement details
[Licensing::Module] License group:
  Id: 18968359269172-UnityPersXXXX
  Product: Unity Personal
  Type: Assigned
  Expiration: Unlimited
- Loaded All Assemblies, in  0.958 seconds
Refreshing native plugins compatible for Editor in 1.46 ms, found 4 plugins.
Native extension for WindowsStandalone target not found
Native extension for WebGL target not found
Package Manager log level set to [2]
[Package Manager] Failed to launch server process. Reason: Unity was launched with the -noUpm command-line argument
[Package Manager] Unable to send message (not connected to server process).
[Package Manager] Cannot connect to Unity Package Manager local server
Mono: successfully reloaded assembly
- Finished resetting the current domain, in  0.673 seconds
Domain Reload Profiling: 1627ms
	BeginReloadAssembly (429ms)
		ExecutionOrderSort (0ms)
		DisableScriptedObjects (5ms)
		BackupInstance (0ms)
		ReleaseScriptingObjects (0ms)
		CreateAndSetChildDomain (26ms)
	RebuildCommonClasses (32ms)
	RebuildNativeTypeToScriptingClass (12ms)
	initialDomainReloadingComplete (36ms)
	LoadAllAssembliesAndSetupDomain (445ms)
		LoadAssemblies (314ms)
		RebuildTransferFunctionScriptingTraits (0ms)
		AnalyzeDomain (215ms)
			TypeCache.Refresh (156ms)
				TypeCache.ScanAssembly (143ms)
			BuildScriptInfoCaches (46ms)
			ResolveRequiredComponents (9ms)
	FinalizeReload (673ms)
		ReleaseScriptCaches (0ms)
		RebuildScriptCaches (0ms)
		SetupLoadedEditorAssemblies (547ms)
			LogAssemblyErrors (0ms)
			InitializePlatformSupportModulesInManaged (2ms)
			SetLoadedEditorAssemblies (5ms)
			BeforeProcessingInitializeOnLoad (132ms)
			ProcessInitializeOnLoadAttributes (298ms)
			ProcessInitializeOnLoadMethodAttributes (104ms)
			AfterProcessingInitializeOnLoad (6ms)
			EditorAssembliesLoaded (0ms)
		ExecutionOrderSort2 (0ms)
		AwakeInstancesAfterBackupRestoration (7ms)
Launched and connected shader compiler UnityShaderCompiler.exe after 0.02 seconds
Refreshing native plugins compatible for Editor in 1.94 ms, found 4 plugins.
Preloading 0 native plugins for Editor in 0.00 ms.
Unloading 16 Unused Serialized files (Serialized files now loaded: 0)
Unloading 6881 unused Assets / (4.1 MB). Loaded Objects now: 7715.
Memory consumption went from 155.8 MB to 151.6 MB.
Total: 7.198300 ms (FindLiveObjects: 0.456600 ms CreateObjectMapping: 0.362200 ms MarkObjects: 4.689900 ms  DeleteObjects: 1.688400 ms)

========================================================================
Received Import Request.
  Time since last request: 71688.618775 seconds.
  path: Assets/Scenes/Level2.unity
  artifactKey: Guid(4eaf5258b2945eb4098e28ae6fcb943e) Importer(2089858483,b0f066a214c2f5e87bad3c948f4d605d)
Start importing Assets/Scenes/Level2.unity using Guid(4eaf5258b2945eb4098e28ae6fcb943e) Importer(2089858483,b0f066a214c2f5e87bad3c948f4d605d) (ScriptedImporter) -> (artifact id: 'f19b89459baee7a35064cce6b734c45c') in 0.1163326 seconds
Number of updated asset objects reloaded before import = 0Number of asset objects unloaded after import = 1

========================================================================
Received Import Request.
  Time since last request: 4.561299 seconds.
  path: Assets/Asset
  artifactKey: Guid(744172eb2bff3ad4aae541b0fc818d94) Importer(815301076,1909f56bfc062723c751e8b465ee728b)
Start importing Assets/Asset using Guid(744172eb2bff3ad4aae541b0fc818d94) Importer(815301076,1909f56bfc062723c751e8b465ee728b) (PreviewImporter) -> (artifact id: 'b3a4fb9b9291cf8c206dc72f08fcb8f0') in 0.0059942 seconds
Number of updated asset objects reloaded before import = 0Number of asset objects unloaded after import = 0

========================================================================
Received Import Request.
  Time since last request: 0.854538 seconds.
  path: Assets/Asset
  artifactKey: Guid(744172eb2bff3ad4aae541b0fc818d94) Importer(2089858483,b0f066a214c2f5e87bad3c948f4d605d)
Start importing Assets/Asset using Guid(744172eb2bff3ad4aae541b0fc818d94) Importer(2089858483,b0f066a214c2f5e87bad3c948f4d605d) (ScriptedImporter) -> (artifact id: '044b2794e89dbac3599ee41c21c3ffe9') in 0.0104651 seconds
Number of updated asset objects reloaded before import = 0Number of asset objects unloaded after import = 1

========================================================================
Received Import Request.
  Time since last request: 2.951722 seconds.
  path: Assets/Asset/fantasy_ [version 2.0]/fantasy_
  artifactKey: Guid(75978a89f70fe8e42b99d7581a08c7c0) Importer(2089858483,b0f066a214c2f5e87bad3c948f4d605d)
Start importing Assets/Asset/fantasy_ [version 2.0]/fantasy_ using Guid(75978a89f70fe8e42b99d7581a08c7c0) Importer(2089858483,b0f066a214c2f5e87bad3c948f4d605d) (ScriptedImporter) -> (artifact id: 'a7224cfb72f13fbafa0a20670be09d8c') in 0.0137989 seconds
Number of updated asset objects reloaded before import = 0Number of asset objects unloaded after import = 1

========================================================================
Received Import Request.
  Time since last request: 0.000014 seconds.
  path: Assets/Asset/fantasy_ [version 2.0]/tundra_/tundra_ [bridgeHorizontal].png
  artifactKey: Guid(3a1108927dec8d54cbcfe17872aa3810) Importer(2089858483,b0f066a214c2f5e87bad3c948f4d605d)
Start importing Assets/Asset/fantasy_ [version 2.0]/tundra_/tundra_ [bridgeHorizontal].png using Guid(3a1108927dec8d54cbcfe17872aa3810) Importer(2089858483,b0f066a214c2f5e87bad3c948f4d605d) (ScriptedImporter) -> (artifact id: '4fa4d494da14758337e11129dc570b07') in 0.1127186 seconds
Number of updated asset objects reloaded before import = 0Number of asset objects unloaded after import = 3

========================================================================
Received Import Request.
  Time since last request: 0.000027 seconds.
  path: Assets/Asset/fantasy_ [version 2.0]/desert_/Floor/desert__36.asset
  artifactKey: Guid(84f439519ec68004ba5f6cdd4fcf2c5c) Importer(2089858483,b0f066a214c2f5e87bad3c948f4d605d)
Start importing Assets/Asset/fantasy_ [version 2.0]/desert_/Floor/desert__36.asset using Guid(84f439519ec68004ba5f6cdd4fcf2c5c) Importer(2089858483,b0f066a214c2f5e87bad3c948f4d605d) (ScriptedImporter) -> (artifact id: '367848191d30a8b62d5b5503f8ca2d29') in 0.047965 seconds
Number of updated asset objects reloaded before import = 0Number of asset objects unloaded after import = 2

========================================================================
Received Import Request.
  Time since last request: 0.000029 seconds.
  path: Assets/Asset/fantasy_ [version 2.0]/forest_/Floor/forest__101.asset
  artifactKey: Guid(ccf63382eadff6a45829e8e77bf5e51f) Importer(2089858483,b0f066a214c2f5e87bad3c948f4d605d)
Start importing Assets/Asset/fantasy_ [version 2.0]/forest_/Floor/forest__101.asset using Guid(ccf63382eadff6a45829e8e77bf5e51f) Importer(2089858483,b0f066a214c2f5e87bad3c948f4d605d) (ScriptedImporter) -> (artifact id: 'a1dca53924b25c1907048e406ad48140') in 0.0191115 seconds
Number of updated asset objects reloaded before import = 0Number of asset objects unloaded after import = 2

========================================================================
Received Import Request.
  Time since last request: 0.000016 seconds.
  path: Assets/Asset/fantasy_ [version 2.0]/taiga_/taiga_.png
  artifactKey: Guid(4531306128984444890565a1a4c922db) Importer(2089858483,b0f066a214c2f5e87bad3c948f4d605d)
Start importing Assets/Asset/fantasy_ [version 2.0]/taiga_/taiga_.png using Guid(4531306128984444890565a1a4c922db) Importer(2089858483,b0f066a214c2f5e87bad3c948f4d605d) (ScriptedImporter) -> (artifact id: 'd958e25f8d950e0fc71d567f742befec') in 0.0271381 seconds
Number of updated asset objects reloaded before import = 0Number of asset objects unloaded after import = 3

========================================================================
Received Import Request.
  Time since last request: 0.000025 seconds.
  path: Assets/Asset/fantasy_ [version 2.0]/forest_/Box/forest_ [fencesAndWalls]_7.asset
  artifactKey: Guid(a24245c09d3cdd7418171b0b72c7f80f) Importer(2089858483,b0f066a214c2f5e87bad3c948f4d605d)
Start importing Assets/Asset/fantasy_ [version 2.0]/forest_/Box/forest_ [fencesAndWalls]_7.asset using Guid(a24245c09d3cdd7418171b0b72c7f80f) Importer(2089858483,b0f066a214c2f5e87bad3c948f4d605d) (ScriptedImporter) -> (artifact id: 'ddffd3e6d82635ed89c29635919a2619') in 0.0146951 seconds
Number of updated asset objects reloaded before import = 0Number of asset objects unloaded after import = 2

========================================================================
Received Import Request.
  Time since last request: 0.000018 seconds.
  path: Assets/Asset/fantasy_ [version 2.0]/tundra_/tundra_ [ice].png
  artifactKey: Guid(8cca9080419f163448e31e34bb1075fd) Importer(2089858483,b0f066a214c2f5e87bad3c948f4d605d)
Start importing Assets/Asset/fantasy_ [version 2.0]/tundra_/tundra_ [ice].png using Guid(8cca9080419f163448e31e34bb1075fd) Importer(2089858483,b0f066a214c2f5e87bad3c948f4d605d) (ScriptedImporter) -> (artifact id: 'ad6279b7c49760d487797550f4a3e327') in 0.0340913 seconds
Number of updated asset objects reloaded before import = 0Number of asset objects unloaded after import = 3

========================================================================
Received Import Request.
  Time since last request: 0.000023 seconds.
  path: Assets/Asset/fantasy_ [version 2.0]/forest_/Floor/forest__55.asset
  artifactKey: Guid(cd641f04bcb8fff43a5ad0733786fd8a) Importer(2089858483,b0f066a214c2f5e87bad3c948f4d605d)
Start importing Assets/Asset/fantasy_ [version 2.0]/forest_/Floor/forest__55.asset using Guid(cd641f04bcb8fff43a5ad0733786fd8a) Importer(2089858483,b0f066a214c2f5e87bad3c948f4d605d) (ScriptedImporter) -> (artifact id: '8779212b05df35e5feb3bcb8f98d3577') in 0.0166732 seconds
Number of updated asset objects reloaded before import = 0Number of asset objects unloaded after import = 2

========================================================================
Received Import Request.
  Time since last request: 0.000033 seconds.
  path: Assets/Asset/fantasy_ [version 2.0]/desert_/Floor/desert__86.asset
  artifactKey: Guid(ba14a7b32b31e4a4bb9ae7398cd2185e) Importer(2089858483,b0f066a214c2f5e87bad3c948f4d605d)
Start importing Assets/Asset/fantasy_ [version 2.0]/desert_/Floor/desert__86.asset using Guid(ba14a7b32b31e4a4bb9ae7398cd2185e) Importer(2089858483,b0f066a214c2f5e87bad3c948f4d605d) (ScriptedImporter) -> (artifact id: '3f7205648f530f1b10c66702d6337efe') in 0.0577841 seconds
Number of updated asset objects reloaded before import = 0Number of asset objects unloaded after import = 2

========================================================================
Received Import Request.
  Time since last request: 0.000020 seconds.
  path: Assets/Asset/fantasy_ [version 2.0]/forest_/Box/forest_ [fencesAndWalls]_35.asset
  artifactKey: Guid(6a6621907d1b9d24aaadf58bf8ee7873) Importer(2089858483,b0f066a214c2f5e87bad3c948f4d605d)
Start importing Assets/Asset/fantasy_ [version 2.0]/forest_/Box/forest_ [fencesAndWalls]_35.asset using Guid(6a6621907d1b9d24aaadf58bf8ee7873) Importer(2089858483,b0f066a214c2f5e87bad3c948f4d605d) (ScriptedImporter) -> (artifact id: 'cadd455570d9fd2ce40b1bacba4f8dc6') in 0.0179931 seconds
Number of updated asset objects reloaded before import = 0Number of asset objects unloaded after import = 2

========================================================================
Received Import Request.
  Time since last request: 0.000021 seconds.
  path: Assets/Asset/fantasy_ [version 2.0]/desert_/Floor/desert__35.asset
  artifactKey: Guid(b76b86200ba86b644b566658dd91e74a) Importer(2089858483,b0f066a214c2f5e87bad3c948f4d605d)
Start importing Assets/Asset/fantasy_ [version 2.0]/desert_/Floor/desert__35.asset using Guid(b76b86200ba86b644b566658dd91e74a) Importer(2089858483,b0f066a214c2f5e87bad3c948f4d605d) (ScriptedImporter) -> (artifact id: 'fa8a0601d7e8fcfacc6d6b051ab9f684') in 0.0145413 seconds
Number of updated asset objects reloaded before import = 0Number of asset objects unloaded after import = 2

========================================================================
Received Import Request.
  Time since last request: 0.000025 seconds.
  path: Assets/Asset/fantasy_ [version 2.0]/desert_/Floor/desert__7.asset
  artifactKey: Guid(a78e9842e2a65b3439d1752952b44eb5) Importer(2089858483,b0f066a214c2f5e87bad3c948f4d605d)
Start importing Assets/Asset/fantasy_ [version 2.0]/desert_/Floor/desert__7.asset using Guid(a78e9842e2a65b3439d1752952b44eb5) Importer(2089858483,b0f066a214c2f5e87bad3c948f4d605d) (ScriptedImporter) -> (artifact id: 'e6e06bc11fad80c790b398b2624f1f1d') in 0.0184866 seconds
Number of updated asset objects reloaded before import = 0Number of asset objects unloaded after import = 2

========================================================================
Received Import Request.
  Time since last request: 0.000027 seconds.
  path: Assets/Asset/fantasy_ [version 2.0]/forest_/Floor/forest__44.asset
  artifactKey: Guid(3e3e9ea204e07bf45b33a1ab772fdc9e) Importer(2089858483,b0f066a214c2f5e87bad3c948f4d605d)
Start importing Assets/Asset/fantasy_ [version 2.0]/forest_/Floor/forest__44.asset using Guid(3e3e9ea204e07bf45b33a1ab772fdc9e) Importer(2089858483,b0f066a214c2f5e87bad3c948f4d605d) (ScriptedImporter) -> (artifact id: 'b7d1a0f56365503aa710e86be97dffbe') in 0.0164211 seconds
Number of updated asset objects reloaded before import = 0Number of asset objects unloaded after import = 2

========================================================================
Received Import Request.
  Time since last request: 0.000022 seconds.
  path: Assets/Asset/fantasy_ [version 2.0]/forest_/Floor/forest__107.asset
  artifactKey: Guid(7dc0dbb107e36614591b6bf868eee020) Importer(2089858483,b0f066a214c2f5e87bad3c948f4d605d)
Start importing Assets/Asset/fantasy_ [version 2.0]/forest_/Floor/forest__107.asset using Guid(7dc0dbb107e36614591b6bf868eee020) Importer(2089858483,b0f066a214c2f5e87bad3c948f4d605d) (ScriptedImporter) -> (artifact id: '51c0de37d5cf303ddf158dd6e962bf06') in 0.0178553 seconds
Number of updated asset objects reloaded before import = 0Number of asset objects unloaded after import = 2

========================================================================
Received Import Request.
  Time since last request: 0.000022 seconds.
  path: Assets/Asset/fantasy_ [version 2.0]/forest_/Floor/forest__14.asset
  artifactKey: Guid(287eca4524b65434f907a850ca8acd71) Importer(2089858483,b0f066a214c2f5e87bad3c948f4d605d)
Start importing Assets/Asset/fantasy_ [version 2.0]/forest_/Floor/forest__14.asset using Guid(287eca4524b65434f907a850ca8acd71) Importer(2089858483,b0f066a214c2f5e87bad3c948f4d605d) (ScriptedImporter) -> (artifact id: '913247338e4ff261731baddbe40e5c2a') in 0.0176577 seconds
Number of updated asset objects reloaded before import = 0Number of asset objects unloaded after import = 2

========================================================================
Received Import Request.
  Time since last request: 0.000024 seconds.
  path: Assets/Asset/fantasy_ [version 2.0]/forest_/Floor/forest__37.asset
  artifactKey: Guid(5353d9e4af7d18046bd36a58c5faad3b) Importer(2089858483,b0f066a214c2f5e87bad3c948f4d605d)
Start importing Assets/Asset/fantasy_ [version 2.0]/forest_/Floor/forest__37.asset using Guid(5353d9e4af7d18046bd36a58c5faad3b) Importer(2089858483,b0f066a214c2f5e87bad3c948f4d605d) (ScriptedImporter) -> (artifact id: '230b00858fb8361f4efc27286fe0f667') in 0.0209909 seconds
Number of updated asset objects reloaded before import = 0Number of asset objects unloaded after import = 2

========================================================================
Received Import Request.
  Time since last request: 0.000030 seconds.
  path: Assets/Asset/fantasy_ [version 2.0]/forest_/Floor/forest__46.asset
  artifactKey: Guid(6e1c97a05407d2d4c990a1e2bd6b2cc3) Importer(2089858483,b0f066a214c2f5e87bad3c948f4d605d)
Start importing Assets/Asset/fantasy_ [version 2.0]/forest_/Floor/forest__46.asset using Guid(6e1c97a05407d2d4c990a1e2bd6b2cc3) Importer(2089858483,b0f066a214c2f5e87bad3c948f4d605d) (ScriptedImporter) -> (artifact id: '96c4a406ad102dafaa1dd387f610dede') in 0.014941 seconds
Number of updated asset objects reloaded before import = 0Number of asset objects unloaded after import = 2

========================================================================
Received Import Request.
  Time since last request: 0.000018 seconds.
  path: Assets/Asset/fantasy_ [version 2.0]/forest_/Floor/forest__20.asset
  artifactKey: Guid(a20726c030e62d643a60584d6654d410) Importer(2089858483,b0f066a214c2f5e87bad3c948f4d605d)
Start importing Assets/Asset/fantasy_ [version 2.0]/forest_/Floor/forest__20.asset using Guid(a20726c030e62d643a60584d6654d410) Importer(2089858483,b0f066a214c2f5e87bad3c948f4d605d) (ScriptedImporter) -> (artifact id: 'dd410141d0abf41e83acd27116a70b58') in 0.0163985 seconds
Number of updated asset objects reloaded before import = 0Number of asset objects unloaded after import = 2

========================================================================
Received Import Request.
  Time since last request: 0.000017 seconds.
  path: Assets/Asset/fantasy_ [version 2.0]/forest_
  artifactKey: Guid(458d83e347c219c4e89a21826358db37) Importer(2089858483,b0f066a214c2f5e87bad3c948f4d605d)
Start importing Assets/Asset/fantasy_ [version 2.0]/forest_ using Guid(458d83e347c219c4e89a21826358db37) Importer(2089858483,b0f066a214c2f5e87bad3c948f4d605d) (ScriptedImporter) -> (artifact id: '1c852aaab653571698e941527d7cd963') in 0.0133012 seconds
Number of updated asset objects reloaded before import = 0Number of asset objects unloaded after import = 1

========================================================================
Received Import Request.
  Time since last request: 0.000016 seconds.
  path: Assets/Asset/fantasy_ [version 2.0]/forest_/forest_.png
  artifactKey: Guid(d2f6642143443944384ce9728e59eea4) Importer(2089858483,b0f066a214c2f5e87bad3c948f4d605d)
Start importing Assets/Asset/fantasy_ [version 2.0]/forest_/forest_.png using Guid(d2f6642143443944384ce9728e59eea4) Importer(2089858483,b0f066a214c2f5e87bad3c948f4d605d) (ScriptedImporter) -> (artifact id: '76d378369f7bab5dcef8348e03e07963') in 0.102832 seconds
Number of updated asset objects reloaded before import = 0Number of asset objects unloaded after import = 117

========================================================================
Received Import Request.
  Time since last request: 0.000018 seconds.
  path: Assets/Asset/fantasy_ [version 2.0]/fantasy_/tundraDesert_.png
  artifactKey: Guid(73a1d38483bf7f0489acf4b0af7a716c) Importer(2089858483,b0f066a214c2f5e87bad3c948f4d605d)
Start importing Assets/Asset/fantasy_ [version 2.0]/fantasy_/tundraDesert_.png using Guid(73a1d38483bf7f0489acf4b0af7a716c) Importer(2089858483,b0f066a214c2f5e87bad3c948f4d605d) (ScriptedImporter) -> (artifact id: '9b4ae55d604e857c85b643547a5f0e83') in 0.0260638 seconds
Number of updated asset objects reloaded before import = 0Number of asset objects unloaded after import = 3

========================================================================
Received Import Request.
  Time since last request: 0.000034 seconds.
  path: Assets/Asset/fantasy_ [version 2.0]/swamp_
  artifactKey: Guid(b8d0262d468060d4d992f23d04f0022d) Importer(2089858483,b0f066a214c2f5e87bad3c948f4d605d)
Start importing Assets/Asset/fantasy_ [version 2.0]/swamp_ using Guid(b8d0262d468060d4d992f23d04f0022d) Importer(2089858483,b0f066a214c2f5e87bad3c948f4d605d) (ScriptedImporter) -> (artifact id: '3245a55bd7cd3e8102f11dcc1c9715e3') in 0.0124999 seconds
Number of updated asset objects reloaded before import = 0Number of asset objects unloaded after import = 1

========================================================================
Received Import Request.
  Time since last request: 0.000017 seconds.
  path: Assets/Asset/fantasy_ [version 2.0]/forest_/Box/forest_ [fencesAndWalls]_112.asset
  artifactKey: Guid(dc6de8f5668fc95408433c3f01b026d7) Importer(2089858483,b0f066a214c2f5e87bad3c948f4d605d)
Start importing Assets/Asset/fantasy_ [version 2.0]/forest_/Box/forest_ [fencesAndWalls]_112.asset using Guid(dc6de8f5668fc95408433c3f01b026d7) Importer(2089858483,b0f066a214c2f5e87bad3c948f4d605d) (ScriptedImporter) -> (artifact id: 'b7587f95853984cec73dc42fc8f713cc') in 0.0169817 seconds
Number of updated asset objects reloaded before import = 0Number of asset objects unloaded after import = 2

========================================================================
Received Import Request.
  Time since last request: 0.000028 seconds.
  path: Assets/Asset/fantasy_ [version 2.0]/forest_/Box/forest_ [fencesAndWalls]_40.asset
  artifactKey: Guid(0ec69ea51d77c0747be666a828aa3541) Importer(2089858483,b0f066a214c2f5e87bad3c948f4d605d)
Start importing Assets/Asset/fantasy_ [version 2.0]/forest_/Box/forest_ [fencesAndWalls]_40.asset using Guid(0ec69ea51d77c0747be666a828aa3541) Importer(2089858483,b0f066a214c2f5e87bad3c948f4d605d) (ScriptedImporter) -> (artifact id: '305020ad0413ffc7f67b5d0ddc2264ab') in 0.0552112 seconds
Number of updated asset objects reloaded before import = 0Number of asset objects unloaded after import = 2

========================================================================
Received Import Request.
  Time since last request: 0.260706 seconds.
  path: Assets/Asset/fantasy_ [version 2.0]/forest_/Box/forest_ [fencesAndWalls]_41.asset
  artifactKey: Guid(d52283066210a5e46b7910f0cd200493) Importer(2089858483,b0f066a214c2f5e87bad3c948f4d605d)
Start importing Assets/Asset/fantasy_ [version 2.0]/forest_/Box/forest_ [fencesAndWalls]_41.asset using Guid(d52283066210a5e46b7910f0cd200493) Importer(2089858483,b0f066a214c2f5e87bad3c948f4d605d) (ScriptedImporter) -> (artifact id: '92775313d8555c3221194136ccca9f29') in 0.0144199 seconds
Number of updated asset objects reloaded before import = 0Number of asset objects unloaded after import = 2

========================================================================
Received Import Request.
  Time since last request: 0.000021 seconds.
  path: Assets/Asset/fantasy_ [version 2.0]/desert_/Floor/desert__102.asset
  artifactKey: Guid(cf385d16e69345e4e8093e209c1d964a) Importer(2089858483,b0f066a214c2f5e87bad3c948f4d605d)
Start importing Assets/Asset/fantasy_ [version 2.0]/desert_/Floor/desert__102.asset using Guid(cf385d16e69345e4e8093e209c1d964a) Importer(2089858483,b0f066a214c2f5e87bad3c948f4d605d) (ScriptedImporter) -> (artifact id: '3304caf61916012b48ab5de425d89a38') in 0.0160723 seconds
Number of updated asset objects reloaded before import = 0Number of asset objects unloaded after import = 2

========================================================================
Received Import Request.
  Time since last request: 0.000015 seconds.
  path: Assets/Asset/fantasy_ [version 2.0]/forest_/Floor/forest__86.asset
  artifactKey: Guid(107ce336d762382458d0dee81e098380) Importer(2089858483,b0f066a214c2f5e87bad3c948f4d605d)
Start importing Assets/Asset/fantasy_ [version 2.0]/forest_/Floor/forest__86.asset using Guid(107ce336d762382458d0dee81e098380) Importer(2089858483,b0f066a214c2f5e87bad3c948f4d605d) (ScriptedImporter) -> (artifact id: 'c42c6edd31e2b085d53dd02e0e58c4df') in 0.0157879 seconds
Number of updated asset objects reloaded before import = 0Number of asset objects unloaded after import = 2

========================================================================
Received Import Request.
  Time since last request: 0.000019 seconds.
  path: Assets/Asset/fantasy_ [version 2.0]/forest_/Floor/forest__87.asset
  artifactKey: Guid(c8266c06a8f4cb249871c51ee1108717) Importer(2089858483,b0f066a214c2f5e87bad3c948f4d605d)
Start importing Assets/Asset/fantasy_ [version 2.0]/forest_/Floor/forest__87.asset using Guid(c8266c06a8f4cb249871c51ee1108717) Importer(2089858483,b0f066a214c2f5e87bad3c948f4d605d) (ScriptedImporter) -> (artifact id: '3c3aead8388bbe887487ca87d43e7a28') in 0.0156796 seconds
Number of updated asset objects reloaded before import = 0Number of asset objects unloaded after import = 2

========================================================================
Received Import Request.
  Time since last request: 0.274993 seconds.
  path: Assets/Asset/fantasy_ [version 2.0]/fantasy_/taigaDesert_.png
  artifactKey: Guid(438a9b467ca0aec4e92a0de4b462c49c) Importer(2089858483,b0f066a214c2f5e87bad3c948f4d605d)
Start importing Assets/Asset/fantasy_ [version 2.0]/fantasy_/taigaDesert_.png using Guid(438a9b467ca0aec4e92a0de4b462c49c) Importer(2089858483,b0f066a214c2f5e87bad3c948f4d605d) (ScriptedImporter) -> (artifact id: 'c19879cd7d63f1923132921519976a11') in 0.0257931 seconds
Number of updated asset objects reloaded before import = 0Number of asset objects unloaded after import = 3

========================================================================
Received Import Request.
  Time since last request: 0.000031 seconds.
  path: Assets/Asset/fantasy_ [version 2.0]/forest_/forest_ [bridgeAnimatedTiles].png
  artifactKey: Guid(524262664642d6740a159d72ea0d8777) Importer(2089858483,b0f066a214c2f5e87bad3c948f4d605d)
Start importing Assets/Asset/fantasy_ [version 2.0]/forest_/forest_ [bridgeAnimatedTiles].png using Guid(524262664642d6740a159d72ea0d8777) Importer(2089858483,b0f066a214c2f5e87bad3c948f4d605d) (ScriptedImporter) -> (artifact id: '185c2ed51c19486d78dd80bc9f3acb73') in 0.0269382 seconds
Number of updated asset objects reloaded before import = 0Number of asset objects unloaded after import = 3

========================================================================
Received Import Request.
  Time since last request: 0.000014 seconds.
  path: Assets/Asset/fantasy_ [version 2.0]/forest_/Floor/forest__65.asset
  artifactKey: Guid(a624c256bd3a9c448a594fde122bdd73) Importer(2089858483,b0f066a214c2f5e87bad3c948f4d605d)
Start importing Assets/Asset/fantasy_ [version 2.0]/forest_/Floor/forest__65.asset using Guid(a624c256bd3a9c448a594fde122bdd73) Importer(2089858483,b0f066a214c2f5e87bad3c948f4d605d) (ScriptedImporter) -> (artifact id: 'dbe5943e99ee808f07d86a994016e333') in 0.0153181 seconds
Number of updated asset objects reloaded before import = 0Number of asset objects unloaded after import = 2

========================================================================
Received Import Request.
  Time since last request: 0.324359 seconds.
  path: Assets/Asset/fantasy_ [version 2.0]/forest_/Box/forest_ [fencesAndWalls]_0.asset
  artifactKey: Guid(1f3c9a669821ea448b5ea7eb05213d06) Importer(2089858483,b0f066a214c2f5e87bad3c948f4d605d)
Start importing Assets/Asset/fantasy_ [version 2.0]/forest_/Box/forest_ [fencesAndWalls]_0.asset using Guid(1f3c9a669821ea448b5ea7eb05213d06) Importer(2089858483,b0f066a214c2f5e87bad3c948f4d605d) (ScriptedImporter) -> (artifact id: '42d6205befc77b08d0063383e5c2fbd2') in 0.015003 seconds
Number of updated asset objects reloaded before import = 0Number of asset objects unloaded after import = 2

========================================================================
Received Import Request.
  Time since last request: 0.000015 seconds.
  path: Assets/Asset/fantasy_ [version 2.0]/desert_/Floor/desert__4.asset
  artifactKey: Guid(336b01b69870b894fbce9a3b0149fbd8) Importer(2089858483,b0f066a214c2f5e87bad3c948f4d605d)
Start importing Assets/Asset/fantasy_ [version 2.0]/desert_/Floor/desert__4.asset using Guid(336b01b69870b894fbce9a3b0149fbd8) Importer(2089858483,b0f066a214c2f5e87bad3c948f4d605d) (ScriptedImporter) -> (artifact id: '703a7bf29ae3e340bb9054cc0f644976') in 0.0153178 seconds
Number of updated asset objects reloaded before import = 0Number of asset objects unloaded after import = 2

========================================================================
Received Import Request.
  Time since last request: 0.000014 seconds.
  path: Assets/Asset/fantasy_ [version 2.0]/forest_/Box/forest_ [fencesAndWalls]_106.asset
  artifactKey: Guid(efe2ed96199294643b013318739c4ec4) Importer(2089858483,b0f066a214c2f5e87bad3c948f4d605d)
Start importing Assets/Asset/fantasy_ [version 2.0]/forest_/Box/forest_ [fencesAndWalls]_106.asset using Guid(efe2ed96199294643b013318739c4ec4) Importer(2089858483,b0f066a214c2f5e87bad3c948f4d605d) (ScriptedImporter) -> (artifact id: '777256449c2c6f9db1eff68579e57b7e') in 0.0148593 seconds
Number of updated asset objects reloaded before import = 0Number of asset objects unloaded after import = 2

========================================================================
Received Import Request.
  Time since last request: 0.000036 seconds.
  path: Assets/Asset/fantasy_ [version 2.0]/forest_/Box/forest_ [fencesAndWalls]_72.asset
  artifactKey: Guid(b230d476e81c3174c88236baf733cf7f) Importer(2089858483,b0f066a214c2f5e87bad3c948f4d605d)
Start importing Assets/Asset/fantasy_ [version 2.0]/forest_/Box/forest_ [fencesAndWalls]_72.asset using Guid(b230d476e81c3174c88236baf733cf7f) Importer(2089858483,b0f066a214c2f5e87bad3c948f4d605d) (ScriptedImporter) -> (artifact id: '3610b0d0d29cb7f9c6dbd46470ea8b5b') in 0.0163806 seconds
Number of updated asset objects reloaded before import = 0Number of asset objects unloaded after import = 2

========================================================================
Received Import Request.
  Time since last request: 0.295746 seconds.
  path: Assets/Asset/fantasy_ [version 2.0]/swamp_/swamp_ [bridgeHorizontal].png
  artifactKey: Guid(a55d1fc65ac052c4085c6f8a665722ad) Importer(2089858483,b0f066a214c2f5e87bad3c948f4d605d)
Start importing Assets/Asset/fantasy_ [version 2.0]/swamp_/swamp_ [bridgeHorizontal].png using Guid(a55d1fc65ac052c4085c6f8a665722ad) Importer(2089858483,b0f066a214c2f5e87bad3c948f4d605d) (ScriptedImporter) -> (artifact id: 'b230ce3aec8a63cae956621ef9cdebf9') in 0.0234889 seconds
Number of updated asset objects reloaded before import = 0Number of asset objects unloaded after import = 3

========================================================================
Received Import Request.
  Time since last request: 0.000015 seconds.
  path: Assets/Asset/fantasy_ [version 2.0]/forest_/Floor/forest__32.asset
  artifactKey: Guid(8ff230e6dc360144892f3f19e2e6be39) Importer(2089858483,b0f066a214c2f5e87bad3c948f4d605d)
Start importing Assets/Asset/fantasy_ [version 2.0]/forest_/Floor/forest__32.asset using Guid(8ff230e6dc360144892f3f19e2e6be39) Importer(2089858483,b0f066a214c2f5e87bad3c948f4d605d) (ScriptedImporter) -> (artifact id: 'd57661c95098affab8a532f96273322b') in 0.0127515 seconds
Number of updated asset objects reloaded before import = 0Number of asset objects unloaded after import = 2

========================================================================
Received Import Request.
  Time since last request: 0.000023 seconds.
  path: Assets/Asset/fantasy_ [version 2.0]/forest_/Box/forest_ [fencesAndWalls]_77.asset
  artifactKey: Guid(d7e1bae638827ab4ea78122027118790) Importer(2089858483,b0f066a214c2f5e87bad3c948f4d605d)
Start importing Assets/Asset/fantasy_ [version 2.0]/forest_/Box/forest_ [fencesAndWalls]_77.asset using Guid(d7e1bae638827ab4ea78122027118790) Importer(2089858483,b0f066a214c2f5e87bad3c948f4d605d) (ScriptedImporter) -> (artifact id: 'c1abb937eeab296d53c73a564b2293aa') in 0.0134866 seconds
Number of updated asset objects reloaded before import = 0Number of asset objects unloaded after import = 2

========================================================================
Received Import Request.
  Time since last request: 0.354861 seconds.
  path: Assets/Asset/fantasy_ [version 2.0]/forest_/Box/forest_ [fencesAndWalls]_22.asset
  artifactKey: Guid(5b2ae01757268cc4c9bd84568d0cf10c) Importer(2089858483,b0f066a214c2f5e87bad3c948f4d605d)
Start importing Assets/Asset/fantasy_ [version 2.0]/forest_/Box/forest_ [fencesAndWalls]_22.asset using Guid(5b2ae01757268cc4c9bd84568d0cf10c) Importer(2089858483,b0f066a214c2f5e87bad3c948f4d605d) (ScriptedImporter) -> (artifact id: '3fa10191bc36a7e6867a1a1f1ba24d21') in 0.0142238 seconds
Number of updated asset objects reloaded before import = 0Number of asset objects unloaded after import = 2

========================================================================
Received Import Request.
  Time since last request: 0.000019 seconds.
  path: Assets/Asset/fantasy_ [version 2.0]/forest_/Floor/forest__61.asset
  artifactKey: Guid(06fffa27502dc224b967cff2fcce83b8) Importer(2089858483,b0f066a214c2f5e87bad3c948f4d605d)
Start importing Assets/Asset/fantasy_ [version 2.0]/forest_/Floor/forest__61.asset using Guid(06fffa27502dc224b967cff2fcce83b8) Importer(2089858483,b0f066a214c2f5e87bad3c948f4d605d) (ScriptedImporter) -> (artifact id: '8b8344cdfd5578f472817272ae8edbc8') in 0.0168661 seconds
Number of updated asset objects reloaded before import = 0Number of asset objects unloaded after import = 2

========================================================================
Received Import Request.
  Time since last request: 0.000152 seconds.
  path: Assets/Asset/fantasy_ [version 2.0]/desert_/Floor/desert__3.asset
  artifactKey: Guid(eadd3937069150b41bce1c120316e6fd) Importer(2089858483,b0f066a214c2f5e87bad3c948f4d605d)
Start importing Assets/Asset/fantasy_ [version 2.0]/desert_/Floor/desert__3.asset using Guid(eadd3937069150b41bce1c120316e6fd) Importer(2089858483,b0f066a214c2f5e87bad3c948f4d605d) (ScriptedImporter) -> (artifact id: '85e3d260afe5fb46d70db33eca87e392') in 0.0147103 seconds
Number of updated asset objects reloaded before import = 0Number of asset objects unloaded after import = 2

========================================================================
Received Import Request.
  Time since last request: 0.000023 seconds.
  path: Assets/Asset/fantasy_ [version 2.0]/tundra_/tundra_.png
  artifactKey: Guid(b17d6b2723122c74a943c310de4b61dd) Importer(2089858483,b0f066a214c2f5e87bad3c948f4d605d)
Start importing Assets/Asset/fantasy_ [version 2.0]/tundra_/tundra_.png using Guid(b17d6b2723122c74a943c310de4b61dd) Importer(2089858483,b0f066a214c2f5e87bad3c948f4d605d) (ScriptedImporter) -> (artifact id: '8b7349ab09636b38ea33057164232e0f') in 0.0272777 seconds
Number of updated asset objects reloaded before import = 0Number of asset objects unloaded after import = 3

========================================================================
Received Import Request.
  Time since last request: 0.332676 seconds.
  path: Assets/Asset/fantasy_ [version 2.0]/forest_/Box/forest_ [fencesAndWalls]_116.asset
  artifactKey: Guid(98485747f01e5cf408be99b4cff9402b) Importer(2089858483,b0f066a214c2f5e87bad3c948f4d605d)
Start importing Assets/Asset/fantasy_ [version 2.0]/forest_/Box/forest_ [fencesAndWalls]_116.asset using Guid(98485747f01e5cf408be99b4cff9402b) Importer(2089858483,b0f066a214c2f5e87bad3c948f4d605d) (ScriptedImporter) -> (artifact id: '0b740cd14ad4749265acb98e73aa8125') in 0.0138843 seconds
Number of updated asset objects reloaded before import = 0Number of asset objects unloaded after import = 2

========================================================================
Received Import Request.
  Time since last request: 0.000016 seconds.
  path: Assets/Asset/fantasy_ [version 2.0]/forest_/Floor/forest__90.asset
  artifactKey: Guid(ba4f2d679da6845448085d55c2074e64) Importer(2089858483,b0f066a214c2f5e87bad3c948f4d605d)
Start importing Assets/Asset/fantasy_ [version 2.0]/forest_/Floor/forest__90.asset using Guid(ba4f2d679da6845448085d55c2074e64) Importer(2089858483,b0f066a214c2f5e87bad3c948f4d605d) (ScriptedImporter) -> (artifact id: '9d205086f3026df45457abf4d9cf341d') in 0.0174463 seconds
Number of updated asset objects reloaded before import = 0Number of asset objects unloaded after import = 2

========================================================================
Received Import Request.
  Time since last request: 0.000014 seconds.
  path: Assets/Asset/fantasy_ [version 2.0]/desert_/Floor/desert__53.asset
  artifactKey: Guid(965ee767eb89ced44bf6c552b2afa336) Importer(2089858483,b0f066a214c2f5e87bad3c948f4d605d)
Start importing Assets/Asset/fantasy_ [version 2.0]/desert_/Floor/desert__53.asset using Guid(965ee767eb89ced44bf6c552b2afa336) Importer(2089858483,b0f066a214c2f5e87bad3c948f4d605d) (ScriptedImporter) -> (artifact id: '7f41f53d0235c3182dc3e06dad67ef79') in 0.0140157 seconds
Number of updated asset objects reloaded before import = 0Number of asset objects unloaded after import = 2

========================================================================
Received Import Request.
  Time since last request: 0.000017 seconds.
  path: Assets/Asset/fantasy_ [version 2.0]/desert_/Floor/desert__50.asset
  artifactKey: Guid(0a6e4397512d0114895ca837addc6247) Importer(2089858483,b0f066a214c2f5e87bad3c948f4d605d)
Start importing Assets/Asset/fantasy_ [version 2.0]/desert_/Floor/desert__50.asset using Guid(0a6e4397512d0114895ca837addc6247) Importer(2089858483,b0f066a214c2f5e87bad3c948f4d605d) (ScriptedImporter) -> (artifact id: 'c011942046755d97121c21731ed2b2a3') in 0.0137146 seconds
Number of updated asset objects reloaded before import = 0Number of asset objects unloaded after import = 2

========================================================================
Received Import Request.
  Time since last request: 0.309767 seconds.
  path: Assets/Asset/fantasy_ [version 2.0]/forest_/Floor/forest__0.asset
  artifactKey: Guid(c6e66d972391cec42b8e8153a98a8a20) Importer(2089858483,b0f066a214c2f5e87bad3c948f4d605d)
Start importing Assets/Asset/fantasy_ [version 2.0]/forest_/Floor/forest__0.asset using Guid(c6e66d972391cec42b8e8153a98a8a20) Importer(2089858483,b0f066a214c2f5e87bad3c948f4d605d) (ScriptedImporter) -> (artifact id: '1e7f6c14b7aad04b40ec20e70ade9b17') in 0.0158521 seconds
Number of updated asset objects reloaded before import = 0Number of asset objects unloaded after import = 2

========================================================================
Received Import Request.
  Time since last request: 0.000021 seconds.
  path: Assets/Asset/fantasy_ [version 2.0]/desert_/Floor/Venus.prefab
  artifactKey: Guid(46872618b510f9644adf098c890e8eef) Importer(2089858483,b0f066a214c2f5e87bad3c948f4d605d)
Start importing Assets/Asset/fantasy_ [version 2.0]/desert_/Floor/Venus.prefab using Guid(46872618b510f9644adf098c890e8eef) Importer(2089858483,b0f066a214c2f5e87bad3c948f4d605d) (ScriptedImporter) -> (artifact id: '49fc557eeec247c2529eaf9313e950c9') in 0.0243476 seconds
Number of updated asset objects reloaded before import = 0Number of asset objects unloaded after import = 10

========================================================================
Received Import Request.
  Time since last request: 0.389730 seconds.
  path: Assets/Asset/fantasy_ [version 2.0]/desert_/desert_ [resources].png
  artifactKey: Guid(50339238818c31e4d893d79bbf81d640) Importer(2089858483,b0f066a214c2f5e87bad3c948f4d605d)
Start importing Assets/Asset/fantasy_ [version 2.0]/desert_/desert_ [resources].png using Guid(50339238818c31e4d893d79bbf81d640) Importer(2089858483,b0f066a214c2f5e87bad3c948f4d605d) (ScriptedImporter) -> (artifact id: '0b79ca314e6fa4d7fdf03c05f6050e20') in 0.0432145 seconds
Number of updated asset objects reloaded before import = 0Number of asset objects unloaded after import = 27

========================================================================
Received Import Request.
  Time since last request: 0.425515 seconds.
  path: Assets/Asset/fantasy_ [version 2.0]/forest_/Box/forest_ [fencesAndWalls]_47.asset
  artifactKey: Guid(3c47a0681bfb05748a744be3370a9a72) Importer(2089858483,b0f066a214c2f5e87bad3c948f4d605d)
Start importing Assets/Asset/fantasy_ [version 2.0]/forest_/Box/forest_ [fencesAndWalls]_47.asset using Guid(3c47a0681bfb05748a744be3370a9a72) Importer(2089858483,b0f066a214c2f5e87bad3c948f4d605d) (ScriptedImporter) -> (artifact id: 'd5d28ce4c37051563b4b06cbb9b6c470') in 0.0141046 seconds
Number of updated asset objects reloaded before import = 0Number of asset objects unloaded after import = 2

========================================================================
Received Import Request.
  Time since last request: 0.000013 seconds.
  path: Assets/Asset/fantasy_ [version 2.0]/forest_/Box/forest_ [fencesAndWalls]_65.asset
  artifactKey: Guid(cbc0fb980025d2e4a85a37982071da69) Importer(2089858483,b0f066a214c2f5e87bad3c948f4d605d)
Start importing Assets/Asset/fantasy_ [version 2.0]/forest_/Box/forest_ [fencesAndWalls]_65.asset using Guid(cbc0fb980025d2e4a85a37982071da69) Importer(2089858483,b0f066a214c2f5e87bad3c948f4d605d) (ScriptedImporter) -> (artifact id: 'b0c45ede356469b44aa58721037c83f1') in 0.0120499 seconds
Number of updated asset objects reloaded before import = 0Number of asset objects unloaded after import = 2

========================================================================
Received Import Request.
  Time since last request: 0.406866 seconds.
  path: Assets/Asset/fantasy_ [version 2.0]/forest_/Box/forest_ [fencesAndWalls]_68.asset
  artifactKey: Guid(d3d9fba877504b44d82cd717c24f5198) Importer(2089858483,b0f066a214c2f5e87bad3c948f4d605d)
Start importing Assets/Asset/fantasy_ [version 2.0]/forest_/Box/forest_ [fencesAndWalls]_68.asset using Guid(d3d9fba877504b44d82cd717c24f5198) Importer(2089858483,b0f066a214c2f5e87bad3c948f4d605d) (ScriptedImporter) -> (artifact id: 'b7f30c77daa483b9a439c0ac99986a70') in 0.0130658 seconds
Number of updated asset objects reloaded before import = 0Number of asset objects unloaded after import = 2

========================================================================
Received Import Request.
  Time since last request: 0.000016 seconds.
  path: Assets/Asset/fantasy_ [version 2.0]/forest_/Floor/forest__66.asset
  artifactKey: Guid(8e28cb29e584b464ba2b2163977e96ea) Importer(2089858483,b0f066a214c2f5e87bad3c948f4d605d)
Start importing Assets/Asset/fantasy_ [version 2.0]/forest_/Floor/forest__66.asset using Guid(8e28cb29e584b464ba2b2163977e96ea) Importer(2089858483,b0f066a214c2f5e87bad3c948f4d605d) (ScriptedImporter) -> (artifact id: '7ac52b2b0926f116aad006baee288291') in 0.0120751 seconds
Number of updated asset objects reloaded before import = 0Number of asset objects unloaded after import = 2

========================================================================
Received Import Request.
  Time since last request: 0.408988 seconds.
  path: Assets/Asset/fantasy_ [version 2.0]/forest_/forest_ [fountain].png
  artifactKey: Guid(9e284c79c8f933b4f92b8876e622ee35) Importer(2089858483,b0f066a214c2f5e87bad3c948f4d605d)
Start importing Assets/Asset/fantasy_ [version 2.0]/forest_/forest_ [fountain].png using Guid(9e284c79c8f933b4f92b8876e622ee35) Importer(2089858483,b0f066a214c2f5e87bad3c948f4d605d) (ScriptedImporter) -> (artifact id: 'b82a6f726e9a9454de8584b883000d67') in 0.0271184 seconds
Number of updated asset objects reloaded before import = 0Number of asset objects unloaded after import = 3

========================================================================
Received Import Request.
  Time since last request: 0.443836 seconds.
  path: Assets/Asset/fantasy_ [version 2.0]/forest_/forest_ [bridgeHorizontal].png
  artifactKey: Guid(46e915d92ff710a43a0a2bdd1c15cd57) Importer(2089858483,b0f066a214c2f5e87bad3c948f4d605d)
Start importing Assets/Asset/fantasy_ [version 2.0]/forest_/forest_ [bridgeHorizontal].png using Guid(46e915d92ff710a43a0a2bdd1c15cd57) Importer(2089858483,b0f066a214c2f5e87bad3c948f4d605d) (ScriptedImporter) -> (artifact id: 'e2d1a6b4ca2ad431fb64e7dc8b6543b3') in 0.0241896 seconds
Number of updated asset objects reloaded before import = 0Number of asset objects unloaded after import = 3

========================================================================
Received Import Request.
  Time since last request: 0.447157 seconds.
  path: Assets/Asset/fantasy_ [version 2.0]/forest_/Box/forest_ [fencesAndWalls]_48.asset
  artifactKey: Guid(30219a4a33c6aeb4382ecb08b38368bb) Importer(2089858483,b0f066a214c2f5e87bad3c948f4d605d)
Start importing Assets/Asset/fantasy_ [version 2.0]/forest_/Box/forest_ [fencesAndWalls]_48.asset using Guid(30219a4a33c6aeb4382ecb08b38368bb) Importer(2089858483,b0f066a214c2f5e87bad3c948f4d605d) (ScriptedImporter) -> (artifact id: '5447905d2350f74b92621c061da4f56c') in 0.012407 seconds
Number of updated asset objects reloaded before import = 0Number of asset objects unloaded after import = 2

========================================================================
Received Import Request.
  Time since last request: 0.000012 seconds.
  path: Assets/Asset/fantasy_ [version 2.0]/forest_/Box/forest_ [fencesAndWalls]_90.asset
  artifactKey: Guid(8f9f317aae471d8498230776441269f5) Importer(2089858483,b0f066a214c2f5e87bad3c948f4d605d)
Start importing Assets/Asset/fantasy_ [version 2.0]/forest_/Box/forest_ [fencesAndWalls]_90.asset using Guid(8f9f317aae471d8498230776441269f5) Importer(2089858483,b0f066a214c2f5e87bad3c948f4d605d) (ScriptedImporter) -> (artifact id: '1b920b62c84e40c67b3a8d26f26411d1') in 0.0126841 seconds
Number of updated asset objects reloaded before import = 0Number of asset objects unloaded after import = 2

========================================================================
Received Import Request.
  Time since last request: 0.410052 seconds.
  path: Assets/Asset/fantasy_ [version 2.0]/forest_/Box/forest_ [fencesAndWalls]_74.asset
  artifactKey: Guid(41c47a8a1595b624987a84bc5b4b4d17) Importer(2089858483,b0f066a214c2f5e87bad3c948f4d605d)
Start importing Assets/Asset/fantasy_ [version 2.0]/forest_/Box/forest_ [fencesAndWalls]_74.asset using Guid(41c47a8a1595b624987a84bc5b4b4d17) Importer(2089858483,b0f066a214c2f5e87bad3c948f4d605d) (ScriptedImporter) -> (artifact id: 'cd841b6e51235b8c669f64e097e812f6') in 0.0165321 seconds
Number of updated asset objects reloaded before import = 0Number of asset objects unloaded after import = 2

========================================================================
Received Import Request.
  Time since last request: 0.449693 seconds.
  path: Assets/Asset/fantasy_ [version 2.0]/forest_/Floor/forest__91.asset
  artifactKey: Guid(8c64e91b6e686fc4b8f15762159c5f1e) Importer(2089858483,b0f066a214c2f5e87bad3c948f4d605d)
Start importing Assets/Asset/fantasy_ [version 2.0]/forest_/Floor/forest__91.asset using Guid(8c64e91b6e686fc4b8f15762159c5f1e) Importer(2089858483,b0f066a214c2f5e87bad3c948f4d605d) (ScriptedImporter) -> (artifact id: '25cb757b48cd8ee9b09665e1c5555e08') in 0.0114727 seconds
Number of updated asset objects reloaded before import = 0Number of asset objects unloaded after import = 2

========================================================================
Received Import Request.
  Time since last request: 0.000018 seconds.
  path: Assets/Asset/fantasy_ [version 2.0]/forest_/Box/forest_ [fencesAndWalls]_10.asset
  artifactKey: Guid(2154e03b2fdc6044f802608582c9be04) Importer(2089858483,b0f066a214c2f5e87bad3c948f4d605d)
Start importing Assets/Asset/fantasy_ [version 2.0]/forest_/Box/forest_ [fencesAndWalls]_10.asset using Guid(2154e03b2fdc6044f802608582c9be04) Importer(2089858483,b0f066a214c2f5e87bad3c948f4d605d) (ScriptedImporter) -> (artifact id: '0d4065c657b13c2ccf1d18133a100b9a') in 0.0140983 seconds
Number of updated asset objects reloaded before import = 0Number of asset objects unloaded after import = 2

========================================================================
Received Import Request.
  Time since last request: 0.403021 seconds.
  path: Assets/Asset/fantasy_ [version 2.0]/cave_/railway_.png
  artifactKey: Guid(7989035b46fed5141aef5f96bd32e00a) Importer(2089858483,b0f066a214c2f5e87bad3c948f4d605d)
Start importing Assets/Asset/fantasy_ [version 2.0]/cave_/railway_.png using Guid(7989035b46fed5141aef5f96bd32e00a) Importer(2089858483,b0f066a214c2f5e87bad3c948f4d605d) (ScriptedImporter) -> (artifact id: '2ce58a27d38d7272f5a9fb3fa9b1ef93') in 0.0296502 seconds
Number of updated asset objects reloaded before import = 0Number of asset objects unloaded after import = 7

========================================================================
Received Import Request.
  Time since last request: 0.439236 seconds.
  path: Assets/Asset/fantasy_ [version 2.0]/fantasy_/tundraSwamp_.png
  artifactKey: Guid(b9892f00016752b4dbf04333eda71416) Importer(2089858483,b0f066a214c2f5e87bad3c948f4d605d)
Start importing Assets/Asset/fantasy_ [version 2.0]/fantasy_/tundraSwamp_.png using Guid(b9892f00016752b4dbf04333eda71416) Importer(2089858483,b0f066a214c2f5e87bad3c948f4d605d) (ScriptedImporter) -> (artifact id: 'e68be6bece3dfd9b65add1d7a669c25f') in 0.0255783 seconds
Number of updated asset objects reloaded before import = 0Number of asset objects unloaded after import = 3

========================================================================
Received Import Request.
  Time since last request: 0.000015 seconds.
  path: Assets/Asset/fantasy_ [version 2.0]/forest_/forest_ [fencesAndWalls].png
  artifactKey: Guid(18349142855b0b242b24ff60a7885351) Importer(2089858483,b0f066a214c2f5e87bad3c948f4d605d)
Start importing Assets/Asset/fantasy_ [version 2.0]/forest_/forest_ [fencesAndWalls].png using Guid(18349142855b0b242b24ff60a7885351) Importer(2089858483,b0f066a214c2f5e87bad3c948f4d605d) (ScriptedImporter) -> (artifact id: '6a5d7c30365e4e21dc910abe65f1e7c6') in 0.0998174 seconds
Number of updated asset objects reloaded before import = 0Number of asset objects unloaded after import = 121

========================================================================
Received Import Request.
  Time since last request: 0.000019 seconds.
  path: Assets/Asset/fantasy_ [version 2.0]/forest_/Box/forest_ [fencesAndWalls]_78.asset
  artifactKey: Guid(6f7a2582dfc644f499333df0fb2dd55e) Importer(2089858483,b0f066a214c2f5e87bad3c948f4d605d)
Start importing Assets/Asset/fantasy_ [version 2.0]/forest_/Box/forest_ [fencesAndWalls]_78.asset using Guid(6f7a2582dfc644f499333df0fb2dd55e) Importer(2089858483,b0f066a214c2f5e87bad3c948f4d605d) (ScriptedImporter) -> (artifact id: '55411030882623d107727bc334df40c1') in 0.0136075 seconds
Number of updated asset objects reloaded before import = 0Number of asset objects unloaded after import = 2

========================================================================
Received Import Request.
  Time since last request: 0.000029 seconds.
  path: Assets/Asset/fantasy_ [version 2.0]/forest_/Box/forest_ [fencesAndWalls]_111.asset
  artifactKey: Guid(dda3d9e07d25b9949a2644ba46e82e0e) Importer(2089858483,b0f066a214c2f5e87bad3c948f4d605d)
Start importing Assets/Asset/fantasy_ [version 2.0]/forest_/Box/forest_ [fencesAndWalls]_111.asset using Guid(dda3d9e07d25b9949a2644ba46e82e0e) Importer(2089858483,b0f066a214c2f5e87bad3c948f4d605d) (ScriptedImporter) -> (artifact id: 'bff3cd452ba1176cb4c5499db8fa46b2') in 0.0145445 seconds
Number of updated asset objects reloaded before import = 0Number of asset objects unloaded after import = 2

========================================================================
Received Import Request.
  Time since last request: 0.000018 seconds.
  path: Assets/Asset/fantasy_ [version 2.0]/forest_/Floor/forest__13.asset
  artifactKey: Guid(8ee29d53902719c4285b6f78269ccd93) Importer(2089858483,b0f066a214c2f5e87bad3c948f4d605d)
Start importing Assets/Asset/fantasy_ [version 2.0]/forest_/Floor/forest__13.asset using Guid(8ee29d53902719c4285b6f78269ccd93) Importer(2089858483,b0f066a214c2f5e87bad3c948f4d605d) (ScriptedImporter) -> (artifact id: 'd5cc02aaa3b142fa3e9e7e326dfaa99a') in 0.013734 seconds
Number of updated asset objects reloaded before import = 0Number of asset objects unloaded after import = 2

========================================================================
Received Import Request.
  Time since last request: 0.000014 seconds.
  path: Assets/Asset/fantasy_ [version 2.0]/desert_/Floor/desert__8.asset
  artifactKey: Guid(bb69de7144b0f3c4d995738751cdba6a) Importer(2089858483,b0f066a214c2f5e87bad3c948f4d605d)
Start importing Assets/Asset/fantasy_ [version 2.0]/desert_/Floor/desert__8.asset using Guid(bb69de7144b0f3c4d995738751cdba6a) Importer(2089858483,b0f066a214c2f5e87bad3c948f4d605d) (ScriptedImporter) -> (artifact id: '375bd555ba4032f429fe110958c191d3') in 0.0200114 seconds
Number of updated asset objects reloaded before import = 0Number of asset objects unloaded after import = 2

========================================================================
Received Import Request.
  Time since last request: 0.000015 seconds.
  path: Assets/Asset/fantasy_ [version 2.0]/forest_/Floor/forest__64.asset
  artifactKey: Guid(15159201965dba440a5258d28c170724) Importer(2089858483,b0f066a214c2f5e87bad3c948f4d605d)
Start importing Assets/Asset/fantasy_ [version 2.0]/forest_/Floor/forest__64.asset using Guid(15159201965dba440a5258d28c170724) Importer(2089858483,b0f066a214c2f5e87bad3c948f4d605d) (ScriptedImporter) -> (artifact id: '1041d02d0ad13616119008a82e5bfab9') in 0.0135408 seconds
Number of updated asset objects reloaded before import = 0Number of asset objects unloaded after import = 2

========================================================================
Received Import Request.
  Time since last request: 0.000013 seconds.
  path: Assets/Asset/fantasy_ [version 2.0]/forest_/Floor/forest__31.asset
  artifactKey: Guid(d540fdd039105dd40992d306911fc4a9) Importer(2089858483,b0f066a214c2f5e87bad3c948f4d605d)
Start importing Assets/Asset/fantasy_ [version 2.0]/forest_/Floor/forest__31.asset using Guid(d540fdd039105dd40992d306911fc4a9) Importer(2089858483,b0f066a214c2f5e87bad3c948f4d605d) (ScriptedImporter) -> (artifact id: 'ba32abbcea111373c831a0ca098629a4') in 0.0133278 seconds
Number of updated asset objects reloaded before import = 0Number of asset objects unloaded after import = 2

========================================================================
Received Import Request.
  Time since last request: 0.000020 seconds.
  path: Assets/Asset/fantasy_ [version 2.0]/forest_/Box/forest_ [fencesAndWalls]_19.asset
  artifactKey: Guid(2c8f1d033ae224442bc1e7faedd2f69e) Importer(2089858483,b0f066a214c2f5e87bad3c948f4d605d)
Start importing Assets/Asset/fantasy_ [version 2.0]/forest_/Box/forest_ [fencesAndWalls]_19.asset using Guid(2c8f1d033ae224442bc1e7faedd2f69e) Importer(2089858483,b0f066a214c2f5e87bad3c948f4d605d) (ScriptedImporter) -> (artifact id: '26031305c194e7276a835bb2dddd141b') in 0.0121287 seconds
Number of updated asset objects reloaded before import = 0Number of asset objects unloaded after import = 2

========================================================================
Received Import Request.
  Time since last request: 0.000021 seconds.
  path: Assets/Asset/fantasy_ [version 2.0]/fantasy_/tundraForest.png
  artifactKey: Guid(81a892c1f2ef5984cac1e5571fd1b1c7) Importer(2089858483,b0f066a214c2f5e87bad3c948f4d605d)
Start importing Assets/Asset/fantasy_ [version 2.0]/fantasy_/tundraForest.png using Guid(81a892c1f2ef5984cac1e5571fd1b1c7) Importer(2089858483,b0f066a214c2f5e87bad3c948f4d605d) (ScriptedImporter) -> (artifact id: '98c32e56ef65114089c1a8d40c75ae83') in 0.0247471 seconds
Number of updated asset objects reloaded before import = 0Number of asset objects unloaded after import = 3

========================================================================
Received Import Request.
  Time since last request: 0.000013 seconds.
  path: Assets/Asset/fantasy_ [version 2.0]/forest_/Floor/forest__53.asset
  artifactKey: Guid(421375fc9c8ad81458097c0588e95d33) Importer(2089858483,b0f066a214c2f5e87bad3c948f4d605d)
Start importing Assets/Asset/fantasy_ [version 2.0]/forest_/Floor/forest__53.asset using Guid(421375fc9c8ad81458097c0588e95d33) Importer(2089858483,b0f066a214c2f5e87bad3c948f4d605d) (ScriptedImporter) -> (artifact id: '7ad276aba240c34829f8b32b28b60674') in 0.0147107 seconds
Number of updated asset objects reloaded before import = 0Number of asset objects unloaded after import = 2

========================================================================
Received Import Request.
  Time since last request: 0.000043 seconds.
  path: Assets/Asset/fantasy_ [version 2.0]/forest_/Floor/forest__105.asset
  artifactKey: Guid(7ffef44d6b723ae4e813c8d978c7082f) Importer(2089858483,b0f066a214c2f5e87bad3c948f4d605d)
Start importing Assets/Asset/fantasy_ [version 2.0]/forest_/Floor/forest__105.asset using Guid(7ffef44d6b723ae4e813c8d978c7082f) Importer(2089858483,b0f066a214c2f5e87bad3c948f4d605d) (ScriptedImporter) -> (artifact id: '734630d769c77cd7a16f92d52df99cb4') in 0.0121494 seconds
Number of updated asset objects reloaded before import = 0Number of asset objects unloaded after import = 2

========================================================================
Received Import Request.
  Time since last request: 0.000013 seconds.
  path: Assets/Asset/fantasy_ [version 2.0]/cave_/cave_ [bridgeVertical].png
  artifactKey: Guid(af5f984c9b1b6a242a40926ee1c11d0d) Importer(2089858483,b0f066a214c2f5e87bad3c948f4d605d)
Start importing Assets/Asset/fantasy_ [version 2.0]/cave_/cave_ [bridgeVertical].png using Guid(af5f984c9b1b6a242a40926ee1c11d0d) Importer(2089858483,b0f066a214c2f5e87bad3c948f4d605d) (ScriptedImporter) -> (artifact id: '456300426529351def3228b0a2e14abf') in 0.023681 seconds
Number of updated asset objects reloaded before import = 0Number of asset objects unloaded after import = 3

========================================================================
Received Import Request.
  Time since last request: 0.000018 seconds.
  path: Assets/Asset/fantasy_ [version 2.0]/forest_/Floor/forest__68.asset
  artifactKey: Guid(328a490df650d1b478cfc4f055fe2348) Importer(2089858483,b0f066a214c2f5e87bad3c948f4d605d)
Start importing Assets/Asset/fantasy_ [version 2.0]/forest_/Floor/forest__68.asset using Guid(328a490df650d1b478cfc4f055fe2348) Importer(2089858483,b0f066a214c2f5e87bad3c948f4d605d) (ScriptedImporter) -> (artifact id: 'e0b0cbf46e4e2d4580e434a1eaf137d6') in 0.0155582 seconds
Number of updated asset objects reloaded before import = 0Number of asset objects unloaded after import = 2

========================================================================
Received Import Request.
  Time since last request: 0.000024 seconds.
  path: Assets/Asset/fantasy_ [version 2.0]/cave_/cave_ [resources].png
  artifactKey: Guid(8fbd9c0da6b4f994ebabaa072ef6c78b) Importer(2089858483,b0f066a214c2f5e87bad3c948f4d605d)
Start importing Assets/Asset/fantasy_ [version 2.0]/cave_/cave_ [resources].png using Guid(8fbd9c0da6b4f994ebabaa072ef6c78b) Importer(2089858483,b0f066a214c2f5e87bad3c948f4d605d) (ScriptedImporter) -> (artifact id: '76841ce240590d49cba5886ebf133909') in 0.0451958 seconds
Number of updated asset objects reloaded before import = 0Number of asset objects unloaded after import = 36

========================================================================
Received Import Request.
  Time since last request: 0.000021 seconds.
  path: Assets/Asset/fantasy_ [version 2.0]/forest_/Floor/forest__29.asset
  artifactKey: Guid(1dbb647c999ca47449bfffc390f3b9a9) Importer(2089858483,b0f066a214c2f5e87bad3c948f4d605d)
Start importing Assets/Asset/fantasy_ [version 2.0]/forest_/Floor/forest__29.asset using Guid(1dbb647c999ca47449bfffc390f3b9a9) Importer(2089858483,b0f066a214c2f5e87bad3c948f4d605d) (ScriptedImporter) -> (artifact id: '77aef8bf78b3b3c9a9116286c76f7c7c') in 0.0182247 seconds
Number of updated asset objects reloaded before import = 0Number of asset objects unloaded after import = 2

========================================================================
Received Import Request.
  Time since last request: 0.000015 seconds.
  path: Assets/Asset/fantasy_ [version 2.0]/forest_/Box/forest_ [fencesAndWalls]_53.asset
  artifactKey: Guid(17464ee3222e1d04ea44413f202501e8) Importer(2089858483,b0f066a214c2f5e87bad3c948f4d605d)
Start importing Assets/Asset/fantasy_ [version 2.0]/forest_/Box/forest_ [fencesAndWalls]_53.asset using Guid(17464ee3222e1d04ea44413f202501e8) Importer(2089858483,b0f066a214c2f5e87bad3c948f4d605d) (ScriptedImporter) -> (artifact id: '7eb2e39f1a1f3d876f8623c534c5d93f') in 0.0152769 seconds
Number of updated asset objects reloaded before import = 0Number of asset objects unloaded after import = 2

========================================================================
Received Import Request.
  Time since last request: 0.000015 seconds.
  path: Assets/Asset/fantasy_ [version 2.0]/forest_/Floor/forest__73.asset
  artifactKey: Guid(075cc55d5106d9644935cb487e3cd1c4) Importer(2089858483,b0f066a214c2f5e87bad3c948f4d605d)
Start importing Assets/Asset/fantasy_ [version 2.0]/forest_/Floor/forest__73.asset using Guid(075cc55d5106d9644935cb487e3cd1c4) Importer(2089858483,b0f066a214c2f5e87bad3c948f4d605d) (ScriptedImporter) -> (artifact id: '025ee37bbca2bdc357653c4b46b1f416') in 0.0139732 seconds
Number of updated asset objects reloaded before import = 0Number of asset objects unloaded after import = 2

========================================================================
Received Import Request.
  Time since last request: 0.000018 seconds.
  path: Assets/Asset/fantasy_ [version 2.0]/forest_/Floor/forest__2.asset
  artifactKey: Guid(9a937e7cdd885ec429f0a300e1058b9d) Importer(2089858483,b0f066a214c2f5e87bad3c948f4d605d)
Start importing Assets/Asset/fantasy_ [version 2.0]/forest_/Floor/forest__2.asset using Guid(9a937e7cdd885ec429f0a300e1058b9d) Importer(2089858483,b0f066a214c2f5e87bad3c948f4d605d) (ScriptedImporter) -> (artifact id: '66e7b260d42b24b57c8499829be4d558') in 0.0141352 seconds
Number of updated asset objects reloaded before import = 0Number of asset objects unloaded after import = 2

========================================================================
Received Import Request.
  Time since last request: 0.000028 seconds.
  path: Assets/Asset/fantasy_ [version 2.0]/desert_/quickSand_.png
  artifactKey: Guid(d6e6da7d9e821774e9deba6b8effe5ce) Importer(2089858483,b0f066a214c2f5e87bad3c948f4d605d)
Start importing Assets/Asset/fantasy_ [version 2.0]/desert_/quickSand_.png using Guid(d6e6da7d9e821774e9deba6b8effe5ce) Importer(2089858483,b0f066a214c2f5e87bad3c948f4d605d) (ScriptedImporter) -> (artifact id: '5f922edf2a59c17c45c5f3c42b2314a8') in 0.0297938 seconds
Number of updated asset objects reloaded before import = 0Number of asset objects unloaded after import = 3

========================================================================
Received Import Request.
  Time since last request: 0.000021 seconds.
  path: Assets/Asset/fantasy_ [version 2.0]/forest_/Floor/forest__45.asset
  artifactKey: Guid(f8cd55fd6d647924495ed50eb9d1956d) Importer(2089858483,b0f066a214c2f5e87bad3c948f4d605d)
Start importing Assets/Asset/fantasy_ [version 2.0]/forest_/Floor/forest__45.asset using Guid(f8cd55fd6d647924495ed50eb9d1956d) Importer(2089858483,b0f066a214c2f5e87bad3c948f4d605d) (ScriptedImporter) -> (artifact id: '1c265d391cb0bdd34b6b9c51c1e0a1de') in 0.0151027 seconds
Number of updated asset objects reloaded before import = 0Number of asset objects unloaded after import = 2

========================================================================
Received Import Request.
  Time since last request: 0.000019 seconds.
  path: Assets/Asset/fantasy_ [version 2.0]/forest_/Floor/forest__75.asset
  artifactKey: Guid(72d6a85dff666934e8897be130ba6f53) Importer(2089858483,b0f066a214c2f5e87bad3c948f4d605d)
Start importing Assets/Asset/fantasy_ [version 2.0]/forest_/Floor/forest__75.asset using Guid(72d6a85dff666934e8897be130ba6f53) Importer(2089858483,b0f066a214c2f5e87bad3c948f4d605d) (ScriptedImporter) -> (artifact id: '9a460a1aa50c308fa9bcba5f2d5cb19b') in 0.015077 seconds
Number of updated asset objects reloaded before import = 0Number of asset objects unloaded after import = 2

========================================================================
Received Import Request.
  Time since last request: 0.000013 seconds.
  path: Assets/Asset/fantasy_ [version 2.0]/desert_/Floor/desert__101.asset
  artifactKey: Guid(412918bdfa4d44a4fa01d31def3ea5c5) Importer(2089858483,b0f066a214c2f5e87bad3c948f4d605d)
Start importing Assets/Asset/fantasy_ [version 2.0]/desert_/Floor/desert__101.asset using Guid(412918bdfa4d44a4fa01d31def3ea5c5) Importer(2089858483,b0f066a214c2f5e87bad3c948f4d605d) (ScriptedImporter) -> (artifact id: '22c61499c5137f08b5d689ca0328db88') in 0.0140013 seconds
Number of updated asset objects reloaded before import = 0Number of asset objects unloaded after import = 2

========================================================================
Received Import Request.
  Time since last request: 0.000024 seconds.
  path: Assets/Asset/fantasy_ [version 2.0]/forest_/Box/forest_ [fencesAndWalls]_51.asset
  artifactKey: Guid(f188f1d4a2c9d9d43952b8b3ec510f03) Importer(2089858483,b0f066a214c2f5e87bad3c948f4d605d)
Start importing Assets/Asset/fantasy_ [version 2.0]/forest_/Box/forest_ [fencesAndWalls]_51.asset using Guid(f188f1d4a2c9d9d43952b8b3ec510f03) Importer(2089858483,b0f066a214c2f5e87bad3c948f4d605d) (ScriptedImporter) -> (artifact id: 'efc1d2181823dd7ca2c83734c43dbe0f') in 0.0128754 seconds
Number of updated asset objects reloaded before import = 0Number of asset objects unloaded after import = 2

========================================================================
Received Import Request.
  Time since last request: 0.000027 seconds.
  path: Assets/Asset/fantasy_ [version 2.0]/desert_/Floor/desert__48.asset
  artifactKey: Guid(764766acce25d1843b6170ec2a3100b7) Importer(2089858483,b0f066a214c2f5e87bad3c948f4d605d)
Start importing Assets/Asset/fantasy_ [version 2.0]/desert_/Floor/desert__48.asset using Guid(764766acce25d1843b6170ec2a3100b7) Importer(2089858483,b0f066a214c2f5e87bad3c948f4d605d) (ScriptedImporter) -> (artifact id: 'e904ccb4c9254aabf2092faa72c63f07') in 0.0119648 seconds
Number of updated asset objects reloaded before import = 0Number of asset objects unloaded after import = 2

========================================================================
Received Import Request.
  Time since last request: 0.000014 seconds.
  path: Assets/Asset/fantasy_ [version 2.0]/cave_/cave_ [fencesAndWalls].png
  artifactKey: Guid(c44bbf54aa93e6f47a2f0d4a0d374157) Importer(2089858483,b0f066a214c2f5e87bad3c948f4d605d)
Start importing Assets/Asset/fantasy_ [version 2.0]/cave_/cave_ [fencesAndWalls].png using Guid(c44bbf54aa93e6f47a2f0d4a0d374157) Importer(2089858483,b0f066a214c2f5e87bad3c948f4d605d) (ScriptedImporter) -> (artifact id: '3efabffa38a5a14467ecef90218fe195') in 0.0471012 seconds
Number of updated asset objects reloaded before import = 0Number of asset objects unloaded after import = 25

========================================================================
Received Import Request.
  Time since last request: 0.000018 seconds.
  path: Assets/Asset/fantasy_ [version 2.0]/forest_/Floor/forest__84.asset
  artifactKey: Guid(3dc3bedca0af5034d8d4fcc013cdbd7a) Importer(2089858483,b0f066a214c2f5e87bad3c948f4d605d)
Start importing Assets/Asset/fantasy_ [version 2.0]/forest_/Floor/forest__84.asset using Guid(3dc3bedca0af5034d8d4fcc013cdbd7a) Importer(2089858483,b0f066a214c2f5e87bad3c948f4d605d) (ScriptedImporter) -> (artifact id: '8ba88771b241cfcb4a0c4900fa84dbec') in 0.0130318 seconds
Number of updated asset objects reloaded before import = 0Number of asset objects unloaded after import = 2

========================================================================
Received Import Request.
  Time since last request: 0.000021 seconds.
  path: Assets/Asset/fantasy_ [version 2.0]/desert_/Floor/desert__51.asset
  artifactKey: Guid(ee2cdd7dc6217494380648c915d3ef52) Importer(2089858483,b0f066a214c2f5e87bad3c948f4d605d)
Start importing Assets/Asset/fantasy_ [version 2.0]/desert_/Floor/desert__51.asset using Guid(ee2cdd7dc6217494380648c915d3ef52) Importer(2089858483,b0f066a214c2f5e87bad3c948f4d605d) (ScriptedImporter) -> (artifact id: '67bbb197ed1f93c43c318780ce2e920d') in 0.0131863 seconds
Number of updated asset objects reloaded before import = 0Number of asset objects unloaded after import = 2

========================================================================
Received Import Request.
  Time since last request: 0.000024 seconds.
  path: Assets/Asset/fantasy_ [version 2.0]/forest_/Box/forest_ [fencesAndWalls]_14.asset
  artifactKey: Guid(3753525d8d2844c4eb968322c4841f75) Importer(2089858483,b0f066a214c2f5e87bad3c948f4d605d)
Start importing Assets/Asset/fantasy_ [version 2.0]/forest_/Box/forest_ [fencesAndWalls]_14.asset using Guid(3753525d8d2844c4eb968322c4841f75) Importer(2089858483,b0f066a214c2f5e87bad3c948f4d605d) (ScriptedImporter) -> (artifact id: '6b1c28379f06cdc14068c0fe854b5d67') in 0.0148884 seconds
Number of updated asset objects reloaded before import = 0Number of asset objects unloaded after import = 2

========================================================================
Received Import Request.
  Time since last request: 0.000024 seconds.
  path: Assets/Asset/fantasy_ [version 2.0]/forest_/Floor/forest__109.asset
  artifactKey: Guid(defe79af558f5ef418a573af9b59b200) Importer(2089858483,b0f066a214c2f5e87bad3c948f4d605d)
Start importing Assets/Asset/fantasy_ [version 2.0]/forest_/Floor/forest__109.asset using Guid(defe79af558f5ef418a573af9b59b200) Importer(2089858483,b0f066a214c2f5e87bad3c948f4d605d) (ScriptedImporter) -> (artifact id: '5b0cc2549e9c3fc8f760d9ae9fbebbe0') in 0.0132141 seconds
Number of updated asset objects reloaded before import = 0Number of asset objects unloaded after import = 2

========================================================================
Received Import Request.
  Time since last request: 0.000015 seconds.
  path: Assets/Asset/fantasy_ [version 2.0]/forest_/Box/forest_ [fencesAndWalls]_44.asset
  artifactKey: Guid(18871dce48f04a6479c83f8c9189d941) Importer(2089858483,b0f066a214c2f5e87bad3c948f4d605d)
Start importing Assets/Asset/fantasy_ [version 2.0]/forest_/Box/forest_ [fencesAndWalls]_44.asset using Guid(18871dce48f04a6479c83f8c9189d941) Importer(2089858483,b0f066a214c2f5e87bad3c948f4d605d) (ScriptedImporter) -> (artifact id: '7a01e6166f2d77261fe9596c5bb513d6') in 0.0120215 seconds
Number of updated asset objects reloaded before import = 0Number of asset objects unloaded after import = 2

========================================================================
Received Import Request.
  Time since last request: 0.000015 seconds.
  path: Assets/Asset/fantasy_ [version 2.0]/desert_/Floor/desert__16.asset
  artifactKey: Guid(e11dc16f67bd9fb4890836b810ac9fd1) Importer(2089858483,b0f066a214c2f5e87bad3c948f4d605d)
Start importing Assets/Asset/fantasy_ [version 2.0]/desert_/Floor/desert__16.asset using Guid(e11dc16f67bd9fb4890836b810ac9fd1) Importer(2089858483,b0f066a214c2f5e87bad3c948f4d605d) (ScriptedImporter) -> (artifact id: '97ea2e482af217671775534cd3a4c98a') in 0.014519 seconds
Number of updated asset objects reloaded before import = 0Number of asset objects unloaded after import = 2

========================================================================
Received Import Request.
  Time since last request: 0.000016 seconds.
  path: Assets/Asset/fantasy_ [version 2.0]/forest_/Floor/forest__26.asset
  artifactKey: Guid(7ffb9a95a41e58d4d974765c27281d41) Importer(2089858483,b0f066a214c2f5e87bad3c948f4d605d)
Start importing Assets/Asset/fantasy_ [version 2.0]/forest_/Floor/forest__26.asset using Guid(7ffb9a95a41e58d4d974765c27281d41) Importer(2089858483,b0f066a214c2f5e87bad3c948f4d605d) (ScriptedImporter) -> (artifact id: '70eddfac7f4b97da27cef83a8b5f8343') in 0.0142921 seconds
Number of updated asset objects reloaded before import = 0Number of asset objects unloaded after import = 2

========================================================================
Received Import Request.
  Time since last request: 0.000022 seconds.
  path: Assets/Asset/fantasy_ [version 2.0]/forest_/Box/forest_ [fencesAndWalls]_79.asset
  artifactKey: Guid(1de9007e8e22e7248a4ba85974d59cf1) Importer(2089858483,b0f066a214c2f5e87bad3c948f4d605d)
Start importing Assets/Asset/fantasy_ [version 2.0]/forest_/Box/forest_ [fencesAndWalls]_79.asset using Guid(1de9007e8e22e7248a4ba85974d59cf1) Importer(2089858483,b0f066a214c2f5e87bad3c948f4d605d) (ScriptedImporter) -> (artifact id: '586f35fec8f4c675391d79e1ea9e56cd') in 0.0134852 seconds
Number of updated asset objects reloaded before import = 0Number of asset objects unloaded after import = 2

========================================================================
Received Import Request.
  Time since last request: 0.000018 seconds.
  path: Assets/Asset/fantasy_ [version 2.0]/forest_/Box/forest_ [fencesAndWalls]_99.asset
  artifactKey: Guid(217532aeac059684eb0631bf1d39205d) Importer(2089858483,b0f066a214c2f5e87bad3c948f4d605d)
Start importing Assets/Asset/fantasy_ [version 2.0]/forest_/Box/forest_ [fencesAndWalls]_99.asset using Guid(217532aeac059684eb0631bf1d39205d) Importer(2089858483,b0f066a214c2f5e87bad3c948f4d605d) (ScriptedImporter) -> (artifact id: '55ae550219bbfd5edce2677a3e00dd81') in 0.0136229 seconds
Number of updated asset objects reloaded before import = 0Number of asset objects unloaded after import = 2

========================================================================
Received Import Request.
  Time since last request: 0.000024 seconds.
  path: Assets/Asset/fantasy_ [version 2.0]/forest_/Box/forest_ [fencesAndWalls]_86.asset
  artifactKey: Guid(2ce9d6cf96e91234fa6d76d263596df3) Importer(2089858483,b0f066a214c2f5e87bad3c948f4d605d)
Start importing Assets/Asset/fantasy_ [version 2.0]/forest_/Box/forest_ [fencesAndWalls]_86.asset using Guid(2ce9d6cf96e91234fa6d76d263596df3) Importer(2089858483,b0f066a214c2f5e87bad3c948f4d605d) (ScriptedImporter) -> (artifact id: '98dc3d8e4d20cdb7f6d57f42f9d15c51') in 0.0140534 seconds
Number of updated asset objects reloaded before import = 0Number of asset objects unloaded after import = 2

========================================================================
Received Import Request.
  Time since last request: 0.000016 seconds.
  path: Assets/Asset/fantasy_ [version 2.0]/forest_/Box/forest_ [fencesAndWalls]_96.asset
  artifactKey: Guid(ae5cf6defb3326a409d916813a2a0bdd) Importer(2089858483,b0f066a214c2f5e87bad3c948f4d605d)
Start importing Assets/Asset/fantasy_ [version 2.0]/forest_/Box/forest_ [fencesAndWalls]_96.asset using Guid(ae5cf6defb3326a409d916813a2a0bdd) Importer(2089858483,b0f066a214c2f5e87bad3c948f4d605d) (ScriptedImporter) -> (artifact id: 'dd761fc10e7401def862a869839654cb') in 0.01644 seconds
Number of updated asset objects reloaded before import = 0Number of asset objects unloaded after import = 2

========================================================================
Received Import Request.
  Time since last request: 0.000017 seconds.
  path: Assets/Asset/fantasy_ [version 2.0]/forest_/Box/forest_ [fencesAndWalls]_61.asset
  artifactKey: Guid(31c02b3e0b0534442a9011dd6b5ece01) Importer(2089858483,b0f066a214c2f5e87bad3c948f4d605d)
Start importing Assets/Asset/fantasy_ [version 2.0]/forest_/Box/forest_ [fencesAndWalls]_61.asset using Guid(31c02b3e0b0534442a9011dd6b5ece01) Importer(2089858483,b0f066a214c2f5e87bad3c948f4d605d) (ScriptedImporter) -> (artifact id: '692c9b33ee4f918fcabab5bbe41adc88') in 0.013892 seconds
Number of updated asset objects reloaded before import = 0Number of asset objects unloaded after import = 2

========================================================================
Received Import Request.
  Time since last request: 0.000015 seconds.
  path: Assets/Asset/fantasy_ [version 2.0]/forest_/Floor/forest__8.asset
  artifactKey: Guid(687cd00c44e57574eb518df4edad952f) Importer(2089858483,b0f066a214c2f5e87bad3c948f4d605d)
Start importing Assets/Asset/fantasy_ [version 2.0]/forest_/Floor/forest__8.asset using Guid(687cd00c44e57574eb518df4edad952f) Importer(2089858483,b0f066a214c2f5e87bad3c948f4d605d) (ScriptedImporter) -> (artifact id: '05fcb4731479cb26b3958f0caf5eeca9') in 0.0128157 seconds
Number of updated asset objects reloaded before import = 0Number of asset objects unloaded after import = 2

========================================================================
Received Import Request.
  Time since last request: 0.000014 seconds.
  path: Assets/Asset/fantasy_ [version 2.0]/desert_/Floor/desert__52.asset
  artifactKey: Guid(2a7b281daceedc5479a12dd008a0eab2) Importer(2089858483,b0f066a214c2f5e87bad3c948f4d605d)
Start importing Assets/Asset/fantasy_ [version 2.0]/desert_/Floor/desert__52.asset using Guid(2a7b281daceedc5479a12dd008a0eab2) Importer(2089858483,b0f066a214c2f5e87bad3c948f4d605d) (ScriptedImporter) -> (artifact id: '5e1077fdee8c91a10023b7ff48d5c0ca') in 0.0128919 seconds
Number of updated asset objects reloaded before import = 0Number of asset objects unloaded after import = 2

========================================================================
Received Import Request.
  Time since last request: 0.000016 seconds.
  path: Assets/Asset/fantasy_ [version 2.0]/forest_/Box/forest_ [fencesAndWalls]_43.asset
  artifactKey: Guid(60a43aeb953a90b4bb479ec9675ce7cf) Importer(2089858483,b0f066a214c2f5e87bad3c948f4d605d)
Start importing Assets/Asset/fantasy_ [version 2.0]/forest_/Box/forest_ [fencesAndWalls]_43.asset using Guid(60a43aeb953a90b4bb479ec9675ce7cf) Importer(2089858483,b0f066a214c2f5e87bad3c948f4d605d) (ScriptedImporter) -> (artifact id: '205bf58804f29bbfa666f0af0b644ec3') in 0.0136653 seconds
Number of updated asset objects reloaded before import = 0Number of asset objects unloaded after import = 2

========================================================================
Received Import Request.
  Time since last request: 0.000024 seconds.
  path: Assets/Asset/fantasy_ [version 2.0]/desert_/Floor/desert__25.asset
  artifactKey: Guid(b06b86648d92a2e499a6013e78f59eec) Importer(2089858483,b0f066a214c2f5e87bad3c948f4d605d)
Start importing Assets/Asset/fantasy_ [version 2.0]/desert_/Floor/desert__25.asset using Guid(b06b86648d92a2e499a6013e78f59eec) Importer(2089858483,b0f066a214c2f5e87bad3c948f4d605d) (ScriptedImporter) -> (artifact id: '6c4ba692be2dad63edb32195a34df1cf') in 0.0139525 seconds
Number of updated asset objects reloaded before import = 0Number of asset objects unloaded after import = 2

========================================================================
Received Import Request.
  Time since last request: 0.000018 seconds.
  path: Assets/Asset/fantasy_ [version 2.0]/fantasy_/tundraTaiga_.png
  artifactKey: Guid(40e1bb2cd65e6974aae31388bbba3843) Importer(2089858483,b0f066a214c2f5e87bad3c948f4d605d)
Start importing Assets/Asset/fantasy_ [version 2.0]/fantasy_/tundraTaiga_.png using Guid(40e1bb2cd65e6974aae31388bbba3843) Importer(2089858483,b0f066a214c2f5e87bad3c948f4d605d) (ScriptedImporter) -> (artifact id: '12070330423e94e46227d010b54a0158') in 0.0241734 seconds
Number of updated asset objects reloaded before import = 0Number of asset objects unloaded after import = 3

========================================================================
Received Import Request.
  Time since last request: 0.000016 seconds.
  path: Assets/Asset/fantasy_ [version 2.0]/desert_/Floor/desert__21.asset
  artifactKey: Guid(3c69a8140693473449041a68f775a5cf) Importer(2089858483,b0f066a214c2f5e87bad3c948f4d605d)
Start importing Assets/Asset/fantasy_ [version 2.0]/desert_/Floor/desert__21.asset using Guid(3c69a8140693473449041a68f775a5cf) Importer(2089858483,b0f066a214c2f5e87bad3c948f4d605d) (ScriptedImporter) -> (artifact id: '1f77203d51c1893650d7f770082c250b') in 0.0145895 seconds
Number of updated asset objects reloaded before import = 0Number of asset objects unloaded after import = 2

========================================================================
Received Import Request.
  Time since last request: 0.000017 seconds.
  path: Assets/Asset/fantasy_ [version 2.0]/forest_/Floor/forest__104.asset
  artifactKey: Guid(0b60a32cfa8b2014e943070d54592e6d) Importer(2089858483,b0f066a214c2f5e87bad3c948f4d605d)
Start importing Assets/Asset/fantasy_ [version 2.0]/forest_/Floor/forest__104.asset using Guid(0b60a32cfa8b2014e943070d54592e6d) Importer(2089858483,b0f066a214c2f5e87bad3c948f4d605d) (ScriptedImporter) -> (artifact id: '1ac38aef6165f1aeb5b2c96b266888ab') in 0.0156922 seconds
Number of updated asset objects reloaded before import = 0Number of asset objects unloaded after import = 2

========================================================================
Received Import Request.
  Time since last request: 0.000013 seconds.
  path: Assets/Asset/fantasy_ [version 2.0]/forest_/Floor/forest__12.asset
  artifactKey: Guid(fd3958dd5ac06324480be21885556dc2) Importer(2089858483,b0f066a214c2f5e87bad3c948f4d605d)
Start importing Assets/Asset/fantasy_ [version 2.0]/forest_/Floor/forest__12.asset using Guid(fd3958dd5ac06324480be21885556dc2) Importer(2089858483,b0f066a214c2f5e87bad3c948f4d605d) (ScriptedImporter) -> (artifact id: 'bda61982d2f9aeeef988ef431a67553f') in 0.0138672 seconds
Number of updated asset objects reloaded before import = 0Number of asset objects unloaded after import = 2

========================================================================
Received Import Request.
  Time since last request: 0.000016 seconds.
  path: Assets/Asset/fantasy_ [version 2.0]/desert_/Floor/desert__41.asset
  artifactKey: Guid(09f223f13c73c1d43ba53e1896b1f764) Importer(2089858483,b0f066a214c2f5e87bad3c948f4d605d)
Start importing Assets/Asset/fantasy_ [version 2.0]/desert_/Floor/desert__41.asset using Guid(09f223f13c73c1d43ba53e1896b1f764) Importer(2089858483,b0f066a214c2f5e87bad3c948f4d605d) (ScriptedImporter) -> (artifact id: '97c39892b0a165b6c9b2ca460702eec0') in 0.0143815 seconds
Number of updated asset objects reloaded before import = 0Number of asset objects unloaded after import = 2

========================================================================
Received Import Request.
  Time since last request: 0.000032 seconds.
  path: Assets/Asset/fantasy_ [version 2.0]/forest_/Floor/forest__35.asset
  artifactKey: Guid(9ec6b85cab443e24cba81386f50e5fe7) Importer(2089858483,b0f066a214c2f5e87bad3c948f4d605d)
Start importing Assets/Asset/fantasy_ [version 2.0]/forest_/Floor/forest__35.asset using Guid(9ec6b85cab443e24cba81386f50e5fe7) Importer(2089858483,b0f066a214c2f5e87bad3c948f4d605d) (ScriptedImporter) -> (artifact id: 'dea5ca8b653c16a4ba22a0b92db1d928') in 0.0123405 seconds
Number of updated asset objects reloaded before import = 0Number of asset objects unloaded after import = 2

========================================================================
Received Import Request.
  Time since last request: 0.000013 seconds.
  path: Assets/Asset/fantasy_ [version 2.0]/forest_/Floor/forest__63.asset
  artifactKey: Guid(c3b8553f78676d944bd8ca178c957913) Importer(2089858483,b0f066a214c2f5e87bad3c948f4d605d)
Start importing Assets/Asset/fantasy_ [version 2.0]/forest_/Floor/forest__63.asset using Guid(c3b8553f78676d944bd8ca178c957913) Importer(2089858483,b0f066a214c2f5e87bad3c948f4d605d) (ScriptedImporter) -> (artifact id: 'c372378d2472e680d2b3dbf76d16a816') in 0.0128902 seconds
Number of updated asset objects reloaded before import = 0Number of asset objects unloaded after import = 2

========================================================================
Received Import Request.
  Time since last request: 0.000020 seconds.
  path: Assets/Asset/fantasy_ [version 2.0]/desert_/Floor/desert__49.asset
  artifactKey: Guid(562ae77dc73488648b474f30d5ddbadd) Importer(2089858483,b0f066a214c2f5e87bad3c948f4d605d)
Start importing Assets/Asset/fantasy_ [version 2.0]/desert_/Floor/desert__49.asset using Guid(562ae77dc73488648b474f30d5ddbadd) Importer(2089858483,b0f066a214c2f5e87bad3c948f4d605d) (ScriptedImporter) -> (artifact id: '0934c7d05d6a5993ab8a496cde7a0c5e') in 0.0142338 seconds
Number of updated asset objects reloaded before import = 0Number of asset objects unloaded after import = 2

========================================================================
Received Import Request.
  Time since last request: 0.000013 seconds.
  path: Assets/Asset/fantasy_ [version 2.0]/desert_/Floor/desert__100.asset
  artifactKey: Guid(eeac7861d00e364498092e372ed5a579) Importer(2089858483,b0f066a214c2f5e87bad3c948f4d605d)
Start importing Assets/Asset/fantasy_ [version 2.0]/desert_/Floor/desert__100.asset using Guid(eeac7861d00e364498092e372ed5a579) Importer(2089858483,b0f066a214c2f5e87bad3c948f4d605d) (ScriptedImporter) -> (artifact id: '96e0b3ea2fc03f4a9bdebb8fe18ae77c') in 0.0137138 seconds
Number of updated asset objects reloaded before import = 0Number of asset objects unloaded after import = 2

========================================================================
Received Import Request.
  Time since last request: 0.000013 seconds.
  path: Assets/Asset/fantasy_ [version 2.0]/forest_/Floor/forest__97.asset
  artifactKey: Guid(08dfc99d6e8f7d9438b7902ec6347f92) Importer(2089858483,b0f066a214c2f5e87bad3c948f4d605d)
Start importing Assets/Asset/fantasy_ [version 2.0]/forest_/Floor/forest__97.asset using Guid(08dfc99d6e8f7d9438b7902ec6347f92) Importer(2089858483,b0f066a214c2f5e87bad3c948f4d605d) (ScriptedImporter) -> (artifact id: '11413581434527a25f5063095840ad0a') in 0.0134791 seconds
Number of updated asset objects reloaded before import = 0Number of asset objects unloaded after import = 2

========================================================================
Received Import Request.
  Time since last request: 0.000015 seconds.
  path: Assets/Asset/fantasy_ [version 2.0]/forest_/Box/forest_ [fencesAndWalls]_25.asset
  artifactKey: Guid(9d86367385911774ca0780174abbbe5c) Importer(2089858483,b0f066a214c2f5e87bad3c948f4d605d)
Start importing Assets/Asset/fantasy_ [version 2.0]/forest_/Box/forest_ [fencesAndWalls]_25.asset using Guid(9d86367385911774ca0780174abbbe5c) Importer(2089858483,b0f066a214c2f5e87bad3c948f4d605d) (ScriptedImporter) -> (artifact id: 'e3a26a1998acabf004068b3a3f210e17') in 0.0134722 seconds
Number of updated asset objects reloaded before import = 0Number of asset objects unloaded after import = 2

========================================================================
Received Import Request.
  Time since last request: 0.000023 seconds.
  path: Assets/Asset/fantasy_ [version 2.0]/desert_/Floor/desert__57.asset
  artifactKey: Guid(048b00eca81be1c41807a40461f49421) Importer(2089858483,b0f066a214c2f5e87bad3c948f4d605d)
Start importing Assets/Asset/fantasy_ [version 2.0]/desert_/Floor/desert__57.asset using Guid(048b00eca81be1c41807a40461f49421) Importer(2089858483,b0f066a214c2f5e87bad3c948f4d605d) (ScriptedImporter) -> (artifact id: '9beabf9a71aeffbc69ff3f52116ae00f') in 0.0173951 seconds
Number of updated asset objects reloaded before import = 0Number of asset objects unloaded after import = 2

========================================================================
Received Import Request.
  Time since last request: 0.000015 seconds.
  path: Assets/Asset/fantasy_ [version 2.0]/desert_/Floor/desert__89.asset
  artifactKey: Guid(4f85f69f3bdac164691d86faf73fef84) Importer(2089858483,b0f066a214c2f5e87bad3c948f4d605d)
Start importing Assets/Asset/fantasy_ [version 2.0]/desert_/Floor/desert__89.asset using Guid(4f85f69f3bdac164691d86faf73fef84) Importer(2089858483,b0f066a214c2f5e87bad3c948f4d605d) (ScriptedImporter) -> (artifact id: '636caecf3408dd367f5419687389de96') in 0.0156277 seconds
Number of updated asset objects reloaded before import = 0Number of asset objects unloaded after import = 2

========================================================================
Received Import Request.
  Time since last request: 0.000016 seconds.
  path: Assets/Asset/fantasy_ [version 2.0]/desert_/Floor/desert__59.asset
  artifactKey: Guid(2ce915f292f25124fae59401a95d8d0e) Importer(2089858483,b0f066a214c2f5e87bad3c948f4d605d)
Start importing Assets/Asset/fantasy_ [version 2.0]/desert_/Floor/desert__59.asset using Guid(2ce915f292f25124fae59401a95d8d0e) Importer(2089858483,b0f066a214c2f5e87bad3c948f4d605d) (ScriptedImporter) -> (artifact id: 'c0f513c4e506dcbfd047fa4ede200c4c') in 0.0130832 seconds
Number of updated asset objects reloaded before import = 0Number of asset objects unloaded after import = 2

========================================================================
Received Import Request.
  Time since last request: 0.000016 seconds.
  path: Assets/Asset/fantasy_ [version 2.0]/forest_/Box/forest_ [fencesAndWalls]_4.asset
  artifactKey: Guid(18e6770e78680464991bde61d82f7ef5) Importer(2089858483,b0f066a214c2f5e87bad3c948f4d605d)
Start importing Assets/Asset/fantasy_ [version 2.0]/forest_/Box/forest_ [fencesAndWalls]_4.asset using Guid(18e6770e78680464991bde61d82f7ef5) Importer(2089858483,b0f066a214c2f5e87bad3c948f4d605d) (ScriptedImporter) -> (artifact id: '609df85b3aacb4d275be8855ebd432c6') in 0.0130239 seconds
Number of updated asset objects reloaded before import = 0Number of asset objects unloaded after import = 2

========================================================================
Received Import Request.
  Time since last request: 0.508805 seconds.
  path: Assets/Asset/Prop/TX Tileset Grass_32.asset
  artifactKey: Guid(083c3b0055540fc4ab9d65e7b04e23f3) Importer(2089858483,b0f066a214c2f5e87bad3c948f4d605d)
Start importing Assets/Asset/Prop/TX Tileset Grass_32.asset using Guid(083c3b0055540fc4ab9d65e7b04e23f3) Importer(2089858483,b0f066a214c2f5e87bad3c948f4d605d) (ScriptedImporter) -> (artifact id: '2bf153d2c204bca2243525570565585d') in 0.0238488 seconds
Number of updated asset objects reloaded before import = 0Number of asset objects unloaded after import = 2

========================================================================
Received Import Request.
  Time since last request: 0.000013 seconds.
  path: Assets/Asset/Prop/TX Tileset Grass_45.asset
  artifactKey: Guid(97f0328d59da01745a4be5e32cadc7bc) Importer(2089858483,b0f066a214c2f5e87bad3c948f4d605d)
Start importing Assets/Asset/Prop/TX Tileset Grass_45.asset using Guid(97f0328d59da01745a4be5e32cadc7bc) Importer(2089858483,b0f066a214c2f5e87bad3c948f4d605d) (ScriptedImporter) -> (artifact id: 'b77d15646de83392a5db0c1e14ab9741') in 0.0146042 seconds
Number of updated asset objects reloaded before import = 0Number of asset objects unloaded after import = 2

========================================================================
Received Import Request.
  Time since last request: 0.000018 seconds.
  path: Assets/Asset/Prop/TX Tileset Grass_58.asset
  artifactKey: Guid(c6158fee48bc9454ba0d66319c258eb2) Importer(2089858483,b0f066a214c2f5e87bad3c948f4d605d)
Start importing Assets/Asset/Prop/TX Tileset Grass_58.asset using Guid(c6158fee48bc9454ba0d66319c258eb2) Importer(2089858483,b0f066a214c2f5e87bad3c948f4d605d) (ScriptedImporter) -> (artifact id: '239894c62c9cdac90581f020b108c3f6') in 0.0138798 seconds
Number of updated asset objects reloaded before import = 0Number of asset objects unloaded after import = 2

========================================================================
Received Import Request.
  Time since last request: 0.000018 seconds.
  path: Assets/Asset/Prop/TX Tileset Grass_0.asset
  artifactKey: Guid(0b6ba25aeb5078d46bed34c8cb45d9e7) Importer(2089858483,b0f066a214c2f5e87bad3c948f4d605d)
Start importing Assets/Asset/Prop/TX Tileset Grass_0.asset using Guid(0b6ba25aeb5078d46bed34c8cb45d9e7) Importer(2089858483,b0f066a214c2f5e87bad3c948f4d605d) (ScriptedImporter) -> (artifact id: '672b7d13454efcc958deac64cad0acfa') in 0.0144371 seconds
Number of updated asset objects reloaded before import = 0Number of asset objects unloaded after import = 2

========================================================================
Received Import Request.
  Time since last request: 0.000019 seconds.
  path: Assets/Asset/Prop/TX Tileset Grass_24.asset
  artifactKey: Guid(af429a5113eeaa84587b694438b8f256) Importer(2089858483,b0f066a214c2f5e87bad3c948f4d605d)
Start importing Assets/Asset/Prop/TX Tileset Grass_24.asset using Guid(af429a5113eeaa84587b694438b8f256) Importer(2089858483,b0f066a214c2f5e87bad3c948f4d605d) (ScriptedImporter) -> (artifact id: '890c22ee7a2dfe11db945ab84e832ca2') in 0.0140592 seconds
Number of updated asset objects reloaded before import = 0Number of asset objects unloaded after import = 2

========================================================================
Received Import Request.
  Time since last request: 0.000014 seconds.
  path: Assets/Asset/Prop/TX Tileset Wall_3.asset
  artifactKey: Guid(5aed11020b275984591ded0346597701) Importer(2089858483,b0f066a214c2f5e87bad3c948f4d605d)
Start importing Assets/Asset/Prop/TX Tileset Wall_3.asset using Guid(5aed11020b275984591ded0346597701) Importer(2089858483,b0f066a214c2f5e87bad3c948f4d605d) (ScriptedImporter) -> (artifact id: 'bfc80e62740818c0d7a76d39e24fc4a6') in 0.0134205 seconds
Number of updated asset objects reloaded before import = 0Number of asset objects unloaded after import = 2

========================================================================
Received Import Request.
  Time since last request: 0.000014 seconds.
  path: Assets/Asset/Prop/TX Tileset Grass_36.asset
  artifactKey: Guid(8225e18b3b5246646a7461449f6b6c67) Importer(2089858483,b0f066a214c2f5e87bad3c948f4d605d)
Start importing Assets/Asset/Prop/TX Tileset Grass_36.asset using Guid(8225e18b3b5246646a7461449f6b6c67) Importer(2089858483,b0f066a214c2f5e87bad3c948f4d605d) (ScriptedImporter) -> (artifact id: '5e71510ce81ae33da6c4efaa83098a23') in 0.0120192 seconds
Number of updated asset objects reloaded before import = 0Number of asset objects unloaded after import = 2

========================================================================
Received Import Request.
  Time since last request: 0.000014 seconds.
  path: Assets/Asset/Prop/TX Tileset Grass_25.asset
  artifactKey: Guid(d26cfb76e5280a4459c8aedb1285cd4d) Importer(2089858483,b0f066a214c2f5e87bad3c948f4d605d)
Start importing Assets/Asset/Prop/TX Tileset Grass_25.asset using Guid(d26cfb76e5280a4459c8aedb1285cd4d) Importer(2089858483,b0f066a214c2f5e87bad3c948f4d605d) (ScriptedImporter) -> (artifact id: '25ee6ca07528b33cb28a2b4f620b54d9') in 0.0132265 seconds
Number of updated asset objects reloaded before import = 0Number of asset objects unloaded after import = 2

========================================================================
Received Import Request.
  Time since last request: 0.000013 seconds.
  path: Assets/Asset/Prop/TX Tileset Grass_18.asset
  artifactKey: Guid(8c855d53a15cdf6489ffbdbcf4cbdb2b) Importer(2089858483,b0f066a214c2f5e87bad3c948f4d605d)
Start importing Assets/Asset/Prop/TX Tileset Grass_18.asset using Guid(8c855d53a15cdf6489ffbdbcf4cbdb2b) Importer(2089858483,b0f066a214c2f5e87bad3c948f4d605d) (ScriptedImporter) -> (artifact id: 'c89e3b9960b64c44fe52a8828a70580e') in 0.0124243 seconds
Number of updated asset objects reloaded before import = 0Number of asset objects unloaded after import = 2

========================================================================
Received Import Request.
  Time since last request: 0.000018 seconds.
  path: Assets/Asset/Prop/TX Tileset Grass_50.asset
  artifactKey: Guid(a56c819d100ca0744b81c6d6729dd9e1) Importer(2089858483,b0f066a214c2f5e87bad3c948f4d605d)
Start importing Assets/Asset/Prop/TX Tileset Grass_50.asset using Guid(a56c819d100ca0744b81c6d6729dd9e1) Importer(2089858483,b0f066a214c2f5e87bad3c948f4d605d) (ScriptedImporter) -> (artifact id: '18a3359a2a6ef0b5be30ea19be7f8cbd') in 0.0127917 seconds
Number of updated asset objects reloaded before import = 0Number of asset objects unloaded after import = 2

========================================================================
Received Import Request.
  Time since last request: 0.000019 seconds.
  path: Assets/Asset/Prop/TX Tileset Grass_42.asset
  artifactKey: Guid(48a2f6615e4fa844a973aa04b66bc869) Importer(2089858483,b0f066a214c2f5e87bad3c948f4d605d)
Start importing Assets/Asset/Prop/TX Tileset Grass_42.asset using Guid(48a2f6615e4fa844a973aa04b66bc869) Importer(2089858483,b0f066a214c2f5e87bad3c948f4d605d) (ScriptedImporter) -> (artifact id: '87debd417c40b4f57a3650b90ea91804') in 0.0135803 seconds
Number of updated asset objects reloaded before import = 0Number of asset objects unloaded after import = 2

========================================================================
Received Import Request.
  Time since last request: 0.000013 seconds.
  path: Assets/Asset/Prop/TX Tileset Grass_51.asset
  artifactKey: Guid(9c37664e1339ebe41bb1bfc717b0634b) Importer(2089858483,b0f066a214c2f5e87bad3c948f4d605d)
Start importing Assets/Asset/Prop/TX Tileset Grass_51.asset using Guid(9c37664e1339ebe41bb1bfc717b0634b) Importer(2089858483,b0f066a214c2f5e87bad3c948f4d605d) (ScriptedImporter) -> (artifact id: 'a96524d66e9ec89d96fcf884981a74ae') in 0.0127081 seconds
Number of updated asset objects reloaded before import = 0Number of asset objects unloaded after import = 2

========================================================================
Received Import Request.
  Time since last request: 0.000026 seconds.
  path: Assets/Asset/Prop/TX Plant with Shadow.png
  artifactKey: Guid(b328b289a21f0b3419412ffcf1e5dd95) Importer(2089858483,b0f066a214c2f5e87bad3c948f4d605d)
Start importing Assets/Asset/Prop/TX Plant with Shadow.png using Guid(b328b289a21f0b3419412ffcf1e5dd95) Importer(2089858483,b0f066a214c2f5e87bad3c948f4d605d) (ScriptedImporter) -> (artifact id: '3d049b40844047f30ba764e86f83b754') in 0.0580941 seconds
Number of updated asset objects reloaded before import = 0Number of asset objects unloaded after import = 27

========================================================================
Received Import Request.
  Time since last request: 0.000014 seconds.
  path: Assets/Asset/Prop/TX Tileset Grass.png
  artifactKey: Guid(cd7d1c9522e24f048976aea4bedfc9cd) Importer(2089858483,b0f066a214c2f5e87bad3c948f4d605d)
Start importing Assets/Asset/Prop/TX Tileset Grass.png using Guid(cd7d1c9522e24f048976aea4bedfc9cd) Importer(2089858483,b0f066a214c2f5e87bad3c948f4d605d) (ScriptedImporter) -> (artifact id: '968f9fb1c63a9a52978080784780b6e9') in 0.0655922 seconds
Number of updated asset objects reloaded before import = 0Number of asset objects unloaded after import = 66

========================================================================
Received Import Request.
  Time since last request: 0.000017 seconds.
  path: Assets/Asset/Prop/TX Props with Shadow 1.png
  artifactKey: Guid(217ac515463fe2a4f850509ed29f361e) Importer(2089858483,b0f066a214c2f5e87bad3c948f4d605d)
Start importing Assets/Asset/Prop/TX Props with Shadow 1.png using Guid(217ac515463fe2a4f850509ed29f361e) Importer(2089858483,b0f066a214c2f5e87bad3c948f4d605d) (ScriptedImporter) -> (artifact id: '83360785947670136f5374f78dd2c573') in 0.069312 seconds
Number of updated asset objects reloaded before import = 0Number of asset objects unloaded after import = 56

========================================================================
Received Import Request.
  Time since last request: 0.000025 seconds.
  path: Assets/Asset/Prop/TX Tileset Stone Ground.png
  artifactKey: Guid(bb412961847d9c84d8825f982dd3a410) Importer(2089858483,b0f066a214c2f5e87bad3c948f4d605d)
Start importing Assets/Asset/Prop/TX Tileset Stone Ground.png using Guid(bb412961847d9c84d8825f982dd3a410) Importer(2089858483,b0f066a214c2f5e87bad3c948f4d605d) (ScriptedImporter) -> (artifact id: 'd9b005cdec43405a760e3f0b20ae3894') in 0.0265561 seconds
Number of updated asset objects reloaded before import = 0Number of asset objects unloaded after import = 3

========================================================================
Received Import Request.
  Time since last request: 0.000015 seconds.
  path: Assets/Asset/Prop/TX Tileset Grass_12.asset
  artifactKey: Guid(8aa141f84aae9684f9de11e47d80cc1c) Importer(2089858483,b0f066a214c2f5e87bad3c948f4d605d)
Start importing Assets/Asset/Prop/TX Tileset Grass_12.asset using Guid(8aa141f84aae9684f9de11e47d80cc1c) Importer(2089858483,b0f066a214c2f5e87bad3c948f4d605d) (ScriptedImporter) -> (artifact id: 'c5fd5f7998d504f9a0840d8bbaf6878f') in 0.0138818 seconds
Number of updated asset objects reloaded before import = 0Number of asset objects unloaded after import = 2

========================================================================
Received Import Request.
  Time since last request: 0.000013 seconds.
  path: Assets/Asset/Prop/TX Tileset Grass_46.asset
  artifactKey: Guid(335766a1771859f4d872297f44797438) Importer(2089858483,b0f066a214c2f5e87bad3c948f4d605d)
Start importing Assets/Asset/Prop/TX Tileset Grass_46.asset using Guid(335766a1771859f4d872297f44797438) Importer(2089858483,b0f066a214c2f5e87bad3c948f4d605d) (ScriptedImporter) -> (artifact id: '7c6f8ac3e712480cdc7da4d4b63e84fe') in 0.0140029 seconds
Number of updated asset objects reloaded before import = 0Number of asset objects unloaded after import = 2

========================================================================
Received Import Request.
  Time since last request: 0.000015 seconds.
  path: Assets/Asset/Prop/TX Tileset Grass_47.asset
  artifactKey: Guid(a1a20f413b9da1c4d9d40331f161ffba) Importer(2089858483,b0f066a214c2f5e87bad3c948f4d605d)
Start importing Assets/Asset/Prop/TX Tileset Grass_47.asset using Guid(a1a20f413b9da1c4d9d40331f161ffba) Importer(2089858483,b0f066a214c2f5e87bad3c948f4d605d) (ScriptedImporter) -> (artifact id: 'c2315f539ac528d0b5ec596f910b4adf') in 0.0131715 seconds
Number of updated asset objects reloaded before import = 0Number of asset objects unloaded after import = 2

========================================================================
Received Import Request.
  Time since last request: 0.575064 seconds.
  path: Assets/Asset/Foozle_2DS0015_Void_EnvironmentPack/Foozle_2DS0015_Void_EnvironmentPack/Effects
  artifactKey: Guid(41bff145d1ccc6948b70347090b0edd1) Importer(2089858483,b0f066a214c2f5e87bad3c948f4d605d)
Start importing Assets/Asset/Foozle_2DS0015_Void_EnvironmentPack/Foozle_2DS0015_Void_EnvironmentPack/Effects using Guid(41bff145d1ccc6948b70347090b0edd1) Importer(2089858483,b0f066a214c2f5e87bad3c948f4d605d) (ScriptedImporter) -> (artifact id: '861ad1dfdce3b56800a913a987997c2f') in 0.0103278 seconds
Number of updated asset objects reloaded before import = 0Number of asset objects unloaded after import = 1

========================================================================
Received Import Request.
  Time since last request: 0.000015 seconds.
  path: Assets/Asset/Foozle_2DS0015_Void_EnvironmentPack/Foozle_2DS0015_Void_EnvironmentPack/Backgrounds/PNGs/Condesed/Starry background  - Layer 03 - Stars.png
  artifactKey: Guid(c2f6085a5ec19924095368f51d046d21) Importer(2089858483,b0f066a214c2f5e87bad3c948f4d605d)
Start importing Assets/Asset/Foozle_2DS0015_Void_EnvironmentPack/Foozle_2DS0015_Void_EnvironmentPack/Backgrounds/PNGs/Condesed/Starry background  - Layer 03 - Stars.png using Guid(c2f6085a5ec19924095368f51d046d21) Importer(2089858483,b0f066a214c2f5e87bad3c948f4d605d) (ScriptedImporter) -> (artifact id: 'cc0f397e8cb2d422ab8bff59cd7020a2') in 0.0347515 seconds
Number of updated asset objects reloaded before import = 0Number of asset objects unloaded after import = 20

========================================================================
Received Import Request.
  Time since last request: 0.000021 seconds.
  path: Assets/Asset/Foozle_2DS0015_Void_EnvironmentPack/Foozle_2DS0015_Void_EnvironmentPack/Backgrounds/PNGs/Split up/Starry background  - Layer 03 - Stars.png
  artifactKey: Guid(43484bbac36b58745bdd1b2fcdabde0c) Importer(2089858483,b0f066a214c2f5e87bad3c948f4d605d)
Start importing Assets/Asset/Foozle_2DS0015_Void_EnvironmentPack/Foozle_2DS0015_Void_EnvironmentPack/Backgrounds/PNGs/Split up/Starry background  - Layer 03 - Stars.png using Guid(43484bbac36b58745bdd1b2fcdabde0c) Importer(2089858483,b0f066a214c2f5e87bad3c948f4d605d) (ScriptedImporter) -> (artifact id: 'a0951ec8b1fbeea785f3440ed1dd7aa1') in 0.0298466 seconds
Number of updated asset objects reloaded before import = 0Number of asset objects unloaded after import = 3

========================================================================
Received Import Request.
  Time since last request: 0.000012 seconds.
  path: Assets/Asset/Foozle_2DS0015_Void_EnvironmentPack/Foozle_2DS0015_Void_EnvironmentPack/Planets/Aseprite
  artifactKey: Guid(ea765a7c4bb890a4fa9bb45700e6cbbc) Importer(2089858483,b0f066a214c2f5e87bad3c948f4d605d)
Start importing Assets/Asset/Foozle_2DS0015_Void_EnvironmentPack/Foozle_2DS0015_Void_EnvironmentPack/Planets/Aseprite using Guid(ea765a7c4bb890a4fa9bb45700e6cbbc) Importer(2089858483,b0f066a214c2f5e87bad3c948f4d605d) (ScriptedImporter) -> (artifact id: '8cf775d20913ceb3dad638f4eaf15a31') in 0.0113723 seconds
Number of updated asset objects reloaded before import = 0Number of asset objects unloaded after import = 1

========================================================================
Received Import Request.
  Time since last request: 0.000013 seconds.
  path: Assets/Asset/Foozle_2DS0015_Void_EnvironmentPack/Foozle_2DS0015_Void_EnvironmentPack/Readme.txt
  artifactKey: Guid(08b6354102323c84094c77d4bc9719af) Importer(2089858483,b0f066a214c2f5e87bad3c948f4d605d)
Start importing Assets/Asset/Foozle_2DS0015_Void_EnvironmentPack/Foozle_2DS0015_Void_EnvironmentPack/Readme.txt using Guid(08b6354102323c84094c77d4bc9719af) Importer(2089858483,b0f066a214c2f5e87bad3c948f4d605d) (ScriptedImporter) -> (artifact id: '09d29a4014f2d313a02228010ebc60a2') in 0.0186689 seconds
Number of updated asset objects reloaded before import = 0Number of asset objects unloaded after import = 1

========================================================================
Received Import Request.
  Time since last request: 0.000014 seconds.
  path: Assets/Asset/Foozle_2DS0015_Void_EnvironmentPack/Foozle_2DS0015_Void_EnvironmentPack/Planets/PNGs/Earth-Like planet.png
  artifactKey: Guid(4b6592c9b657c2d4faa72aa5e4c7a22f) Importer(2089858483,b0f066a214c2f5e87bad3c948f4d605d)
Start importing Assets/Asset/Foozle_2DS0015_Void_EnvironmentPack/Foozle_2DS0015_Void_EnvironmentPack/Planets/PNGs/Earth-Like planet.png using Guid(4b6592c9b657c2d4faa72aa5e4c7a22f) Importer(2089858483,b0f066a214c2f5e87bad3c948f4d605d) (ScriptedImporter) -> (artifact id: '6199dd1048790c2900e767bae96cad8a') in 0.0786354 seconds
Number of updated asset objects reloaded before import = 0Number of asset objects unloaded after import = 79

========================================================================
Received Import Request.
  Time since last request: 0.000019 seconds.
  path: Assets/Asset/Foozle_2DS0015_Void_EnvironmentPack/Foozle_2DS0015_Void_EnvironmentPack/Backgrounds/PNGs/Split up
  artifactKey: Guid(5d13903b6c681ee4f9bbc9fe920434c2) Importer(2089858483,b0f066a214c2f5e87bad3c948f4d605d)
Start importing Assets/Asset/Foozle_2DS0015_Void_EnvironmentPack/Foozle_2DS0015_Void_EnvironmentPack/Backgrounds/PNGs/Split up using Guid(5d13903b6c681ee4f9bbc9fe920434c2) Importer(2089858483,b0f066a214c2f5e87bad3c948f4d605d) (ScriptedImporter) -> (artifact id: 'c238d271cb46fc13f794ac8c7352df1c') in 0.0111045 seconds
Number of updated asset objects reloaded before import = 0Number of asset objects unloaded after import = 1

========================================================================
Received Import Request.
  Time since last request: 0.000049 seconds.
  path: Assets/Asset/Foozle_2DS0015_Void_EnvironmentPack/Foozle_2DS0015_Void_EnvironmentPack/Asteroids/PNGs/Asteroid 01 - Base.png
  artifactKey: Guid(85a4a06cc19b2d548a3c6aedc17edc5f) Importer(2089858483,b0f066a214c2f5e87bad3c948f4d605d)
Start importing Assets/Asset/Foozle_2DS0015_Void_EnvironmentPack/Foozle_2DS0015_Void_EnvironmentPack/Asteroids/PNGs/Asteroid 01 - Base.png using Guid(85a4a06cc19b2d548a3c6aedc17edc5f) Importer(2089858483,b0f066a214c2f5e87bad3c948f4d605d) (ScriptedImporter) -> (artifact id: '152fc3769f084a8e73594ee839ed18a2') in 0.0166658 seconds
Number of updated asset objects reloaded before import = 0Number of asset objects unloaded after import = 3

========================================================================
Received Import Request.
  Time since last request: 0.000015 seconds.
  path: Assets/Asset/Foozle_2DS0015_Void_EnvironmentPack/Foozle_2DS0015_Void_EnvironmentPack/Asteroids/PNGs
  artifactKey: Guid(7bf72a01c28bd904094bd2874adedf4d) Importer(2089858483,b0f066a214c2f5e87bad3c948f4d605d)
Start importing Assets/Asset/Foozle_2DS0015_Void_EnvironmentPack/Foozle_2DS0015_Void_EnvironmentPack/Asteroids/PNGs using Guid(7bf72a01c28bd904094bd2874adedf4d) Importer(2089858483,b0f066a214c2f5e87bad3c948f4d605d) (ScriptedImporter) -> (artifact id: '64e94fc7b3c4d71f15ce8d80ffcfe85d') in 0.0121185 seconds
Number of updated asset objects reloaded before import = 0Number of asset objects unloaded after import = 1

========================================================================
Received Import Request.
  Time since last request: 0.000014 seconds.
  path: Assets/Asset/Foozle_2DS0015_Void_EnvironmentPack/Foozle_2DS0015_Void_EnvironmentPack/Planets/PNGs/Earth-Like planet - Without back glow.png
  artifactKey: Guid(dbe652f7c676d594c9de9b5dd06ab758) Importer(2089858483,b0f066a214c2f5e87bad3c948f4d605d)
Start importing Assets/Asset/Foozle_2DS0015_Void_EnvironmentPack/Foozle_2DS0015_Void_EnvironmentPack/Planets/PNGs/Earth-Like planet - Without back glow.png using Guid(dbe652f7c676d594c9de9b5dd06ab758) Importer(2089858483,b0f066a214c2f5e87bad3c948f4d605d) (ScriptedImporter) -> (artifact id: 'f961747acda8aec5cf9e2d5c109502a4') in 0.0792167 seconds
Number of updated asset objects reloaded before import = 0Number of asset objects unloaded after import = 79

========================================================================
Received Import Request.
  Time since last request: 0.000022 seconds.
  path: Assets/Asset/Foozle_2DS0015_Void_EnvironmentPack/Foozle_2DS0015_Void_EnvironmentPack/Backgrounds/PNGs/Condesed/Starry background  - Layer 01 - Void.png
  artifactKey: Guid(bf98b5dbf8258ba4fa5e5903191cccad) Importer(2089858483,b0f066a214c2f5e87bad3c948f4d605d)
Start importing Assets/Asset/Foozle_2DS0015_Void_EnvironmentPack/Foozle_2DS0015_Void_EnvironmentPack/Backgrounds/PNGs/Condesed/Starry background  - Layer 01 - Void.png using Guid(bf98b5dbf8258ba4fa5e5903191cccad) Importer(2089858483,b0f066a214c2f5e87bad3c948f4d605d) (ScriptedImporter) -> (artifact id: '6772bbbc2d0ca14b3c5e01436073b8bd') in 0.0235504 seconds
Number of updated asset objects reloaded before import = 0Number of asset objects unloaded after import = 3

========================================================================
Received Import Request.
  Time since last request: 41.847439 seconds.
  path: Assets/Tilesets/Interior/TilesetInterior.png
  artifactKey: Guid(4a3cb3279e167354b9c91c568ab3b00e) Importer(815301076,1909f56bfc062723c751e8b465ee728b)
Start importing Assets/Tilesets/Interior/TilesetInterior.png using Guid(4a3cb3279e167354b9c91c568ab3b00e) Importer(815301076,1909f56bfc062723c751e8b465ee728b) (PreviewImporter) -> (artifact id: '11e7babbbdddee5b91d68f3a9dd4bac9') in 0.0654842 seconds
Number of updated asset objects reloaded before import = 0Number of asset objects unloaded after import = 3

========================================================================
Received Import Request.
  Time since last request: 0.000021 seconds.
  path: Assets/Tilesets/Interior/TilesetRelief_59.asset
  artifactKey: Guid(449bdb4dd7118844cb7261e82a41b86d) Importer(815301076,1909f56bfc062723c751e8b465ee728b)
Start importing Assets/Tilesets/Interior/TilesetRelief_59.asset using Guid(449bdb4dd7118844cb7261e82a41b86d) Importer(815301076,1909f56bfc062723c751e8b465ee728b) (PreviewImporter) -> (artifact id: 'd66c79ec3d883f16addc66b164ffe29b') in 0.0174135 seconds
Number of updated asset objects reloaded before import = 0Number of asset objects unloaded after import = 3

========================================================================
Received Import Request.
  Time since last request: 0.000026 seconds.
  path: Assets/Tilesets/Interior/TilesetRelief_78.asset
  artifactKey: Guid(a0af0dbedc6e8454797b0627f47aefdb) Importer(815301076,1909f56bfc062723c751e8b465ee728b)
Start importing Assets/Tilesets/Interior/TilesetRelief_78.asset using Guid(a0af0dbedc6e8454797b0627f47aefdb) Importer(815301076,1909f56bfc062723c751e8b465ee728b) (PreviewImporter) -> (artifact id: 'b9b04dd6df8042e5a05ff259f972b71c') in 0.0136484 seconds
Number of updated asset objects reloaded before import = 0Number of asset objects unloaded after import = 3

========================================================================
Received Import Request.
  Time since last request: 0.000016 seconds.
  path: Assets/Tilesets/Interior/TilesetRelief_87.asset
  artifactKey: Guid(c651e53f5f2618d41b9a28b217db527f) Importer(815301076,1909f56bfc062723c751e8b465ee728b)
Start importing Assets/Tilesets/Interior/TilesetRelief_87.asset using Guid(c651e53f5f2618d41b9a28b217db527f) Importer(815301076,1909f56bfc062723c751e8b465ee728b) (PreviewImporter) -> (artifact id: '85934f5761f0104e90245764fa260dfa') in 0.0159841 seconds
Number of updated asset objects reloaded before import = 0Number of asset objects unloaded after import = 3

========================================================================
Received Import Request.
  Time since last request: 0.000016 seconds.
  path: Assets/Tilesets/Interior/TilesetRelief_65.asset
  artifactKey: Guid(93d5eb3543a898643ae2bc524e745b92) Importer(815301076,1909f56bfc062723c751e8b465ee728b)
Start importing Assets/Tilesets/Interior/TilesetRelief_65.asset using Guid(93d5eb3543a898643ae2bc524e745b92) Importer(815301076,1909f56bfc062723c751e8b465ee728b) (PreviewImporter) -> (artifact id: '1533f16e44b9bbece5373d05dce862c2') in 0.0219161 seconds
Number of updated asset objects reloaded before import = 0Number of asset objects unloaded after import = 3

========================================================================
Received Import Request.
  Time since last request: 0.000020 seconds.
  path: Assets/Tilesets/Interior/TilesetRelief_73.asset
  artifactKey: Guid(5d901e4f609a57841a5801c6a7496950) Importer(815301076,1909f56bfc062723c751e8b465ee728b)
Start importing Assets/Tilesets/Interior/TilesetRelief_73.asset using Guid(5d901e4f609a57841a5801c6a7496950) Importer(815301076,1909f56bfc062723c751e8b465ee728b) (PreviewImporter) -> (artifact id: '754d87f1f3dfe36a4a10ed301e5450f6') in 0.0217539 seconds
Number of updated asset objects reloaded before import = 0Number of asset objects unloaded after import = 3

========================================================================
Received Import Request.
  Time since last request: 0.000015 seconds.
  path: Assets/Tilesets/Interior/TilesetRelief_68.asset
  artifactKey: Guid(6d248db8a9d09554aaa1821f2dd2a612) Importer(815301076,1909f56bfc062723c751e8b465ee728b)
Start importing Assets/Tilesets/Interior/TilesetRelief_68.asset using Guid(6d248db8a9d09554aaa1821f2dd2a612) Importer(815301076,1909f56bfc062723c751e8b465ee728b) (PreviewImporter) -> (artifact id: '8c95e0a45b1efb646eb9b4b80019d584') in 0.0543189 seconds
Number of updated asset objects reloaded before import = 0Number of asset objects unloaded after import = 3

========================================================================
Received Import Request.
  Time since last request: 0.000023 seconds.
  path: Assets/Tilesets/Interior/TilesetRelief_54.asset
  artifactKey: Guid(478c28b4b713c144ba1f65871349eeeb) Importer(815301076,1909f56bfc062723c751e8b465ee728b)
Start importing Assets/Tilesets/Interior/TilesetRelief_54.asset using Guid(478c28b4b713c144ba1f65871349eeeb) Importer(815301076,1909f56bfc062723c751e8b465ee728b) (PreviewImporter) -> (artifact id: 'b8b27c62ae9671a7f41b1caf00fbe3cb') in 0.0145269 seconds
Number of updated asset objects reloaded before import = 0Number of asset objects unloaded after import = 3

========================================================================
Received Import Request.
  Time since last request: 0.000026 seconds.
  path: Assets/Tilesets/Interior/TilesetRelief_82.asset
  artifactKey: Guid(0ed9af670b2095c4f88d66109455d4c5) Importer(815301076,1909f56bfc062723c751e8b465ee728b)
Start importing Assets/Tilesets/Interior/TilesetRelief_82.asset using Guid(0ed9af670b2095c4f88d66109455d4c5) Importer(815301076,1909f56bfc062723c751e8b465ee728b) (PreviewImporter) -> (artifact id: '871afe3657e713c04f7c812579190d74') in 0.0142952 seconds
Number of updated asset objects reloaded before import = 0Number of asset objects unloaded after import = 3

========================================================================
Received Import Request.
  Time since last request: 0.000016 seconds.
  path: Assets/Tilesets/Interior/TilesetRelief_51.asset
  artifactKey: Guid(3302ea593780b5747a9eb5df4edaf945) Importer(815301076,1909f56bfc062723c751e8b465ee728b)
Start importing Assets/Tilesets/Interior/TilesetRelief_51.asset using Guid(3302ea593780b5747a9eb5df4edaf945) Importer(815301076,1909f56bfc062723c751e8b465ee728b) (PreviewImporter) -> (artifact id: 'edd86e184a1f73a0c33c167a17ef2c5f') in 0.0142332 seconds
Number of updated asset objects reloaded before import = 0Number of asset objects unloaded after import = 3

========================================================================
Received Import Request.
  Time since last request: 0.889965 seconds.
  path: Assets/Tilesets/Box/forest__0.asset
  artifactKey: Guid(7bbf641f3476b0d40bd3d457b4afb80f) Importer(815301076,1909f56bfc062723c751e8b465ee728b)
Start importing Assets/Tilesets/Box/forest__0.asset using Guid(7bbf641f3476b0d40bd3d457b4afb80f) Importer(815301076,1909f56bfc062723c751e8b465ee728b) (PreviewImporter) -> (artifact id: '8aae00ac8e54d9c56bc2134cc56284a4') in 0.0123507 seconds
Number of updated asset objects reloaded before import = 0Number of asset objects unloaded after import = 3

========================================================================
Received Import Request.
  Time since last request: 0.000017 seconds.
  path: Assets/Tilesets/Box/forest__3.asset
  artifactKey: Guid(ae76fbce9ff4d0742aa7a6ced043d605) Importer(815301076,1909f56bfc062723c751e8b465ee728b)
Start importing Assets/Tilesets/Box/forest__3.asset using Guid(ae76fbce9ff4d0742aa7a6ced043d605) Importer(815301076,1909f56bfc062723c751e8b465ee728b) (PreviewImporter) -> (artifact id: '2ccab8c821bd56a0fec909c87213cabb') in 0.0120199 seconds
Number of updated asset objects reloaded before import = 0Number of asset objects unloaded after import = 3

========================================================================
Received Import Request.
  Time since last request: 0.000017 seconds.
  path: Assets/Tilesets/Box/forest__6.asset
  artifactKey: Guid(7da039ae32716ac459214a912a375e27) Importer(815301076,1909f56bfc062723c751e8b465ee728b)
Start importing Assets/Tilesets/Box/forest__6.asset using Guid(7da039ae32716ac459214a912a375e27) Importer(815301076,1909f56bfc062723c751e8b465ee728b) (PreviewImporter) -> (artifact id: '9dfda6cd5b896e927e228c9ee7fa7006') in 0.0143367 seconds
Number of updated asset objects reloaded before import = 0Number of asset objects unloaded after import = 3

========================================================================
Received Import Request.
  Time since last request: 0.000027 seconds.
  path: Assets/Tilesets/Box/forest__18.asset
  artifactKey: Guid(7d386f1746d26424185306e4261c783b) Importer(815301076,1909f56bfc062723c751e8b465ee728b)
Start importing Assets/Tilesets/Box/forest__18.asset using Guid(7d386f1746d26424185306e4261c783b) Importer(815301076,1909f56bfc062723c751e8b465ee728b) (PreviewImporter) -> (artifact id: 'df792e367ef06f127e87c78ada3d5da0') in 0.0141594 seconds
Number of updated asset objects reloaded before import = 0Number of asset objects unloaded after import = 3

========================================================================
Received Import Request.
  Time since last request: 0.000015 seconds.
  path: Assets/Tilesets/Box/forest__26.asset
  artifactKey: Guid(40c6c566c92a9ff489e24739657909b3) Importer(815301076,1909f56bfc062723c751e8b465ee728b)
Start importing Assets/Tilesets/Box/forest__26.asset using Guid(40c6c566c92a9ff489e24739657909b3) Importer(815301076,1909f56bfc062723c751e8b465ee728b) (PreviewImporter) -> (artifact id: 'b789e3b199bba67e7e67eb8498e4fac7') in 0.0120569 seconds
Number of updated asset objects reloaded before import = 0Number of asset objects unloaded after import = 3

========================================================================
Received Import Request.
  Time since last request: 0.000022 seconds.
  path: Assets/Tilesets/Box/forest__33.asset
  artifactKey: Guid(3611c5a13d6890f4eafc74a90a64b190) Importer(815301076,1909f56bfc062723c751e8b465ee728b)
Start importing Assets/Tilesets/Box/forest__33.asset using Guid(3611c5a13d6890f4eafc74a90a64b190) Importer(815301076,1909f56bfc062723c751e8b465ee728b) (PreviewImporter) -> (artifact id: 'a8438d04647279f7d0d56fa791d084b2') in 0.0140116 seconds
Number of updated asset objects reloaded before import = 0Number of asset objects unloaded after import = 3

========================================================================
Received Import Request.
  Time since last request: 0.000017 seconds.
  path: Assets/Tilesets/Box/forest__37.asset
  artifactKey: Guid(36e157f8cd584fd419df789b2d16c275) Importer(815301076,1909f56bfc062723c751e8b465ee728b)
Start importing Assets/Tilesets/Box/forest__37.asset using Guid(36e157f8cd584fd419df789b2d16c275) Importer(815301076,1909f56bfc062723c751e8b465ee728b) (PreviewImporter) -> (artifact id: '64fbc06e4b40f8569ed9eeb0c52dc911') in 0.0151986 seconds
Number of updated asset objects reloaded before import = 0Number of asset objects unloaded after import = 3

========================================================================
Received Import Request.
  Time since last request: 0.000016 seconds.
  path: Assets/Tilesets/Box/forest__30.asset
  artifactKey: Guid(e22bb4d6886745c45acd0f47800e6300) Importer(815301076,1909f56bfc062723c751e8b465ee728b)
Start importing Assets/Tilesets/Box/forest__30.asset using Guid(e22bb4d6886745c45acd0f47800e6300) Importer(815301076,1909f56bfc062723c751e8b465ee728b) (PreviewImporter) -> (artifact id: '9bee0b5344a78dafeb0783c0e43978ab') in 0.0148655 seconds
Number of updated asset objects reloaded before import = 0Number of asset objects unloaded after import = 3

========================================================================
Received Import Request.
  Time since last request: 0.000018 seconds.
  path: Assets/Tilesets/Box/forest__36.asset
  artifactKey: Guid(0c597ab3d1c46fd4186f52d06e8a059f) Importer(815301076,1909f56bfc062723c751e8b465ee728b)
Start importing Assets/Tilesets/Box/forest__36.asset using Guid(0c597ab3d1c46fd4186f52d06e8a059f) Importer(815301076,1909f56bfc062723c751e8b465ee728b) (PreviewImporter) -> (artifact id: '59288830371a9732dd2b422bca794363') in 0.0145161 seconds
Number of updated asset objects reloaded before import = 0Number of asset objects unloaded after import = 3

========================================================================
Received Import Request.
  Time since last request: 0.000027 seconds.
  path: Assets/Tilesets/Box/forest__13.asset
  artifactKey: Guid(c9846587bdc98a047a0ad9403c9b6ed5) Importer(815301076,1909f56bfc062723c751e8b465ee728b)
Start importing Assets/Tilesets/Box/forest__13.asset using Guid(c9846587bdc98a047a0ad9403c9b6ed5) Importer(815301076,1909f56bfc062723c751e8b465ee728b) (PreviewImporter) -> (artifact id: '21360613b1a25429983c3a5cd09ec3c6') in 0.0165246 seconds
Number of updated asset objects reloaded before import = 0Number of asset objects unloaded after import = 3

========================================================================
Received Import Request.
  Time since last request: 0.000014 seconds.
  path: Assets/Tilesets/Box/forest__17.asset
  artifactKey: Guid(19b6e455aa2fa554ab36d4de23233b92) Importer(815301076,1909f56bfc062723c751e8b465ee728b)
Start importing Assets/Tilesets/Box/forest__17.asset using Guid(19b6e455aa2fa554ab36d4de23233b92) Importer(815301076,1909f56bfc062723c751e8b465ee728b) (PreviewImporter) -> (artifact id: 'cf6d0dfe8ed440882b3d528e38e9c20f') in 0.0139566 seconds
Number of updated asset objects reloaded before import = 0Number of asset objects unloaded after import = 3

Editor requested this worker to shutdown with reason: Scaling down because of idle timeout
AssetImportWorker is now disconnected from the server
Process exiting
Exiting without the bug reporter. Application will terminate with return code 0