[Licensing::Module] Trying to connect to existing licensing client channel...
Built from '6000.3/respin/6000.3.1f1-f56f53296c2c' branch; Version is '6000.3.1f1 (37142da19a94) revision 3609645'; Using compiler version '194234433'; Build Type 'Release'
OS: 'Windows 11  (10.0.26200) 64bit CoreSingleLanguage' Language: 'en' Physical Memory: 16155 MB
[Licensing::IpcConnector] Successfully connected to: "LicenseClient-user" at "2026-04-09T02:44:44.3901998Z"
BatchMode: 1, IsHumanControllingUs: 0, StartBugReporterOnCrash: 0, Is64bit: 1
Date: 2026-04-09T02:44:44Z

COMMAND LINE ARGUMENTS:
C:\Program Files\Unity\Hub\Editor\6000.3.1f1\Editor\Unity.exe
-adb2
-batchMode
-noUpm
-name
AssetImportWorker3
-projectPath
C:/UWU/fight/SolarParadox
-logFile
Logs/AssetImportWorker3.log
-srvPort
64170
-licensingIpc
LicenseClient-user
-job-worker-count
7
-background-job-worker-count
8
-gc-helper-count
1
-name
AssetImport
Successfully changed project path to: C:/UWU/fight/SolarParadox
C:/UWU/fight/SolarParadox
[UnityMemory] Configuration Parameters - Can be set up in boot.config
    "memorysetup-temp-allocator-size-nav-mesh-worker=65536"
    "memorysetup-temp-allocator-size-audio-worker=65536"
    "memorysetup-temp-allocator-size-gfx=262144"
    "memorysetup-allocator-temp-initial-block-size-main=262144"
    "memorysetup-allocator-temp-initial-block-size-worker=262144"
    "memorysetup-temp-allocator-size-background-worker=32768"
    "memorysetup-temp-allocator-size-job-worker=262144"
    "memorysetup-temp-allocator-size-preload-manager=33554432"
    "memorysetup-temp-allocator-size-gi-baking-worker=262144"
    "memorysetup-temp-allocator-size-gi-baking-worker=262144"
    "memorysetup-temp-allocator-size-gi-baking-worker=262144"
    "memorysetup-temp-allocator-size-gi-baking-worker=262144"
    "memorysetup-temp-allocator-size-gi-baking-worker=262144"
    "memorysetup-bucket-allocator-granularity=16"
    "memorysetup-bucket-allocator-bucket-count=8"
    "memorysetup-bucket-allocator-block-size=33554432"
    "memorysetup-bucket-allocator-block-count=8"
    "memorysetup-main-allocator-block-size=16777216"
    "memorysetup-thread-allocator-block-size=16777216"
    "memorysetup-gfx-main-allocator-block-size=16777216"
    "memorysetup-gfx-thread-allocator-block-size=16777216"
    "memorysetup-cache-allocator-block-size=4194304"
    "memorysetup-typetree-allocator-block-size=2097152"
    "memorysetup-profiler-bucket-allocator-granularity=16"
    "memorysetup-profiler-bucket-allocator-bucket-count=8"
    "memorysetup-profiler-bucket-allocator-block-size=33554432"
    "memorysetup-profiler-bucket-allocator-block-count=8"
    "memorysetup-profiler-allocator-block-size=16777216"
    "memorysetup-profiler-editor-allocator-block-size=1048576"
    "memorysetup-temp-allocator-size-main=16777216"
    "memorysetup-job-temp-allocator-block-size=2097152"
    "memorysetup-job-temp-allocator-block-size-background=1048576"
    "memorysetup-job-temp-allocator-reduction-small-platforms=262144"
    "memorysetup-temp-allocator-size-cloud-worker=32768"
Player connection [8152]  Target information:

Player connection [8152]  * "[IP] 25.30.185.231 [Port] 0 [Flags] 2 [Guid] 105822430 [EditorId] 105822430 [Version] 1048832 [Id] WindowsEditor(7,MSI) [Debug] 1 [PackageName] WindowsEditor [ProjectName] Editor" 

Player connection [8152]  * "[IP] 192.168.1.109 [Port] 0 [Flags] 2 [Guid] 105822430 [EditorId] 105822430 [Version] 1048832 [Id] WindowsEditor(7,MSI) [Debug] 1 [PackageName] WindowsEditor [ProjectName] Editor" 

Player connection [8152]  * "[IP] 26.214.68.58 [Port] 0 [Flags] 2 [Guid] 105822430 [EditorId] 105822430 [Version] 1048832 [Id] WindowsEditor(7,MSI) [Debug] 1 [PackageName] WindowsEditor [ProjectName] Editor" 

Player connection [8152]  * "[IP] 192.168.56.1 [Port] 0 [Flags] 2 [Guid] 105822430 [EditorId] 105822430 [Version] 1048832 [Id] WindowsEditor(7,MSI) [Debug] 1 [PackageName] WindowsEditor [ProjectName] Editor" 

Player connection [8152] Host joined multi-casting on [225.0.0.222:54997]...
Player connection [8152] Host joined alternative multi-casting on [225.0.0.222:34997]...
JobSystem: Creating JobQueue using job-worker-count value 7
Input System module state changed to: Initialized.
[Physics::Module] Initialized fallback backend.
[Physics::Module] Id: 0xdecafbad
Library Redirect Path: Library/
[Physics::Module] Selected backend.
[Physics::Module] Name: PhysX
[Physics::Module] Id: 0xf2b8ea05
[Physics::Module] SDK Version: 4.1.2
[Physics::Module] Integration Version: 1.0.0
[Physics::Module] Threading Mode: Multi-Threaded
Refreshing native plugins compatible for Editor in 4.73 ms, found 4 plugins.
Preloading 0 native plugins for Editor in 0.00 ms.
Initialize engine version: 6000.3.1f1 (37142da19a94)
[Subsystems] Discovering subsystems at path C:/Program Files/Unity/Hub/Editor/6000.3.1f1/Editor/Data/Resources/UnitySubsystems
[Subsystems] Discovering subsystems at path C:/UWU/fight/SolarParadox/Assets
GfxDevice: creating device client; kGfxThreadingModeNonThreaded
Direct3D:
    Version:  Direct3D 11.0 [level 11.1]
    Renderer: NVIDIA GeForce RTX 4070 Laptop GPU (ID=0x2820)
    Vendor:   NVIDIA
    VRAM:     7948 MB
    Driver:   32.0.15.6614
Initialize mono
Mono path[0] = 'C:/Program Files/Unity/Hub/Editor/6000.3.1f1/Editor/Data/Managed'
Mono path[1] = 'C:/Program Files/Unity/Hub/Editor/6000.3.1f1/Editor/Data/MonoBleedingEdge/lib/mono/unityjit-win32'
Mono config path = 'C:/Program Files/Unity/Hub/Editor/6000.3.1f1/Editor/Data/MonoBleedingEdge/etc'
Using monoOptions --debugger-agent=transport=dt_socket,embedding=1,server=y,suspend=n,address=127.0.0.1:56716
Begin MonoManager ReloadAssembly
Registering precompiled unity dll's ...
Register platform support module: C:/Program Files/Unity/Hub/Editor/6000.3.1f1/Editor/Data/PlaybackEngines/WebGLSupport/UnityEditor.WebGL.Extensions.dll
Register platform support module: C:/Program Files/Unity/Hub/Editor/6000.3.1f1/Editor/Data/PlaybackEngines/WindowsStandaloneSupport/UnityEditor.WindowsStandalone.Extensions.dll
Registered in 0.003537 seconds.
- Loaded All Assemblies, in  0.529 seconds
Native extension for WindowsStandalone target not found
Native extension for WebGL target not found
Mono: successfully reloaded assembly
- Finished resetting the current domain, in  0.535 seconds
Domain Reload Profiling: 1059ms
	BeginReloadAssembly (187ms)
		ExecutionOrderSort (0ms)
		DisableScriptedObjects (0ms)
		BackupInstance (0ms)
		ReleaseScriptingObjects (0ms)
		CreateAndSetChildDomain (1ms)
	RebuildCommonClasses (56ms)
	RebuildNativeTypeToScriptingClass (20ms)
	initialDomainReloadingComplete (67ms)
	LoadAllAssembliesAndSetupDomain (194ms)
		LoadAssemblies (183ms)
		RebuildTransferFunctionScriptingTraits (0ms)
		AnalyzeDomain (189ms)
			TypeCache.Refresh (188ms)
				TypeCache.ScanAssembly (174ms)
			BuildScriptInfoCaches (0ms)
			ResolveRequiredComponents (0ms)
	FinalizeReload (535ms)
		ReleaseScriptCaches (0ms)
		RebuildScriptCaches (0ms)
		SetupLoadedEditorAssemblies (478ms)
			LogAssemblyErrors (0ms)
			InitializePlatformSupportModulesInManaged (64ms)
			SetLoadedEditorAssemblies (5ms)
			BeforeProcessingInitializeOnLoad (104ms)
			ProcessInitializeOnLoadAttributes (220ms)
			ProcessInitializeOnLoadMethodAttributes (86ms)
			AfterProcessingInitializeOnLoad (0ms)
			EditorAssembliesLoaded (0ms)
		ExecutionOrderSort2 (0ms)
		AwakeInstancesAfterBackupRestoration (0ms)
========================================================================
Worker process is ready to serve import requests
Import Worker Mode flag is 0x00
Begin MonoManager ReloadAssembly
[Licensing::Module] Licensing is not yet initialized.
[Licensing::Client] Handshaking with LicensingClient:
  Version:                 1.17.4+4293ba1
  Session Id:              cb574aca11ca47cba4791811085fdb01
  Correlation Id:          01ffa4e27a6eb73f5df42a35b97ea187
  External correlation Id: 6105334828227503264
  Machine Id:              VYIVznokh63VNt0B3YA2QorE2k8=
[Licensing::Module] Successfully connected to LicensingClient on channel: "LicenseClient-user" (connect: 0.00s, validation: 0.00s, handshake: 2.54s)
[Licensing::IpcConnector] Successfully connected to: "LicenseClient-user-notifications" at "2026-04-09T02:44:46.936002Z"
[Licensing::Module] Licensing Background thread has ended after 2.55s
[Licensing::Module] Licensing is initialized (took 0.32s).
[Licensing::Client] Successfully resolved entitlement details
[Licensing::Module] License group:
  Id: 18968359269172-UnityPersXXXX
  Product: Unity Personal
  Type: Assigned
  Expiration: Unlimited
- Loaded All Assemblies, in  1.095 seconds
Refreshing native plugins compatible for Editor in 1.58 ms, found 4 plugins.
Native extension for WindowsStandalone target not found
Native extension for WebGL target not found
Package Manager log level set to [2]
[Package Manager] Failed to launch server process. Reason: Unity was launched with the -noUpm command-line argument
[Package Manager] Unable to send message (not connected to server process).
[Package Manager] Cannot connect to Unity Package Manager local server
Mono: successfully reloaded assembly
- Finished resetting the current domain, in  0.744 seconds
Domain Reload Profiling: 1835ms
	BeginReloadAssembly (496ms)
		ExecutionOrderSort (0ms)
		DisableScriptedObjects (9ms)
		BackupInstance (0ms)
		ReleaseScriptingObjects (0ms)
		CreateAndSetChildDomain (26ms)
	RebuildCommonClasses (31ms)
	RebuildNativeTypeToScriptingClass (11ms)
	initialDomainReloadingComplete (38ms)
	LoadAllAssembliesAndSetupDomain (514ms)
		LoadAssemblies (372ms)
		RebuildTransferFunctionScriptingTraits (0ms)
		AnalyzeDomain (226ms)
			TypeCache.Refresh (166ms)
				TypeCache.ScanAssembly (151ms)
			BuildScriptInfoCaches (47ms)
			ResolveRequiredComponents (10ms)
	FinalizeReload (745ms)
		ReleaseScriptCaches (0ms)
		RebuildScriptCaches (0ms)
		SetupLoadedEditorAssemblies (613ms)
			LogAssemblyErrors (0ms)
			InitializePlatformSupportModulesInManaged (2ms)
			SetLoadedEditorAssemblies (5ms)
			BeforeProcessingInitializeOnLoad (131ms)
			ProcessInitializeOnLoadAttributes (359ms)
			ProcessInitializeOnLoadMethodAttributes (110ms)
			AfterProcessingInitializeOnLoad (6ms)
			EditorAssembliesLoaded (0ms)
		ExecutionOrderSort2 (0ms)
		AwakeInstancesAfterBackupRestoration (8ms)
Launched and connected shader compiler UnityShaderCompiler.exe after 0.01 seconds
Refreshing native plugins compatible for Editor in 1.59 ms, found 4 plugins.
Preloading 0 native plugins for Editor in 0.00 ms.
Unloading 16 Unused Serialized files (Serialized files now loaded: 0)
Unloading 6881 unused Assets / (4.3 MB). Loaded Objects now: 7715.
Memory consumption went from 157.7 MB to 153.4 MB.
Total: 6.991900 ms (FindLiveObjects: 0.522700 ms CreateObjectMapping: 0.343300 ms MarkObjects: 4.494100 ms  DeleteObjects: 1.631100 ms)

========================================================================
Received Import Request.
  Time since last request: 71702.581985 seconds.
  path: Assets/Asset/fantasy_ [version 2.0]/forest_/Floor/forest__42.asset
  artifactKey: Guid(ec716af722e391d4fbb0cac748dbe274) Importer(2089858483,b0f066a214c2f5e87bad3c948f4d605d)
Start importing Assets/Asset/fantasy_ [version 2.0]/forest_/Floor/forest__42.asset using Guid(ec716af722e391d4fbb0cac748dbe274) Importer(2089858483,b0f066a214c2f5e87bad3c948f4d605d) (ScriptedImporter) -> (artifact id: '9bd9aec8d18a53a61ca1fec4271edee0') in 0.1159945 seconds
Number of updated asset objects reloaded before import = 0Number of asset objects unloaded after import = 2

========================================================================
Received Import Request.
  Time since last request: 0.349305 seconds.
  path: Assets/Asset/fantasy_ [version 2.0]/forest_/Floor/forest__9.asset
  artifactKey: Guid(8c8df63862d133644bb50b8b93199fa2) Importer(2089858483,b0f066a214c2f5e87bad3c948f4d605d)
Start importing Assets/Asset/fantasy_ [version 2.0]/forest_/Floor/forest__9.asset using Guid(8c8df63862d133644bb50b8b93199fa2) Importer(2089858483,b0f066a214c2f5e87bad3c948f4d605d) (ScriptedImporter) -> (artifact id: '4f06b2dec443aeb3d8c5d2d811f06829') in 0.0153959 seconds
Number of updated asset objects reloaded before import = 0Number of asset objects unloaded after import = 2

========================================================================
Received Import Request.
  Time since last request: 0.000016 seconds.
  path: Assets/Asset/fantasy_ [version 2.0]/desert_/Floor/desert__84.asset
  artifactKey: Guid(298eaf38965a6604fafc2ba1908bb156) Importer(2089858483,b0f066a214c2f5e87bad3c948f4d605d)
Start importing Assets/Asset/fantasy_ [version 2.0]/desert_/Floor/desert__84.asset using Guid(298eaf38965a6604fafc2ba1908bb156) Importer(2089858483,b0f066a214c2f5e87bad3c948f4d605d) (ScriptedImporter) -> (artifact id: '6b89cf096627ef9f7182268aeb12ea1b') in 0.0137504 seconds
Number of updated asset objects reloaded before import = 0Number of asset objects unloaded after import = 2

========================================================================
Received Import Request.
  Time since last request: 0.404839 seconds.
  path: Assets/Asset/fantasy_ [version 2.0]/forest_/Floor/forest__108.asset
  artifactKey: Guid(b069d0980700ca44e84612e8f36c78cd) Importer(2089858483,b0f066a214c2f5e87bad3c948f4d605d)
Start importing Assets/Asset/fantasy_ [version 2.0]/forest_/Floor/forest__108.asset using Guid(b069d0980700ca44e84612e8f36c78cd) Importer(2089858483,b0f066a214c2f5e87bad3c948f4d605d) (ScriptedImporter) -> (artifact id: 'ae6c83a308c318895696d9bb41d40b31') in 0.0173802 seconds
Number of updated asset objects reloaded before import = 0Number of asset objects unloaded after import = 2

========================================================================
Received Import Request.
  Time since last request: 0.000018 seconds.
  path: Assets/Asset/fantasy_ [version 2.0]/forest_/Floor/forest__51.asset
  artifactKey: Guid(ab57de98334da9445b4104fc4598755c) Importer(2089858483,b0f066a214c2f5e87bad3c948f4d605d)
Start importing Assets/Asset/fantasy_ [version 2.0]/forest_/Floor/forest__51.asset using Guid(ab57de98334da9445b4104fc4598755c) Importer(2089858483,b0f066a214c2f5e87bad3c948f4d605d) (ScriptedImporter) -> (artifact id: '10a37235bbbf93ac4c83ffc654b45e17') in 0.0133474 seconds
Number of updated asset objects reloaded before import = 0Number of asset objects unloaded after import = 2

========================================================================
Received Import Request.
  Time since last request: 0.400568 seconds.
  path: Assets/Asset/fantasy_ [version 2.0]/taiga_/taiga_ [fencesAndWalls].png
  artifactKey: Guid(af7d4ff8fa8b0154c80270244275309a) Importer(2089858483,b0f066a214c2f5e87bad3c948f4d605d)
Start importing Assets/Asset/fantasy_ [version 2.0]/taiga_/taiga_ [fencesAndWalls].png using Guid(af7d4ff8fa8b0154c80270244275309a) Importer(2089858483,b0f066a214c2f5e87bad3c948f4d605d) (ScriptedImporter) -> (artifact id: '56dfa38c36ed2d928a6c4d658b88c6bc') in 0.0831799 seconds
Number of updated asset objects reloaded before import = 0Number of asset objects unloaded after import = 25

========================================================================
Received Import Request.
  Time since last request: 0.395057 seconds.
  path: Assets/Asset/fantasy_ [version 2.0]/forest_/Box/forest_ [fencesAndWalls]_62.asset
  artifactKey: Guid(56829999544322943a747f95c9637f4f) Importer(2089858483,b0f066a214c2f5e87bad3c948f4d605d)
Start importing Assets/Asset/fantasy_ [version 2.0]/forest_/Box/forest_ [fencesAndWalls]_62.asset using Guid(56829999544322943a747f95c9637f4f) Importer(2089858483,b0f066a214c2f5e87bad3c948f4d605d) (ScriptedImporter) -> (artifact id: '9404f10e70d85cfad1d5cdad295876bc') in 0.0143493 seconds
Number of updated asset objects reloaded before import = 0Number of asset objects unloaded after import = 2

========================================================================
Received Import Request.
  Time since last request: 0.000019 seconds.
  path: Assets/Asset/fantasy_ [version 2.0]/tundra_/tundra_ [resources].png
  artifactKey: Guid(1f2eacb9e68e2a14698560dce3fef922) Importer(2089858483,b0f066a214c2f5e87bad3c948f4d605d)
Start importing Assets/Asset/fantasy_ [version 2.0]/tundra_/tundra_ [resources].png using Guid(1f2eacb9e68e2a14698560dce3fef922) Importer(2089858483,b0f066a214c2f5e87bad3c948f4d605d) (ScriptedImporter) -> (artifact id: '373c717b84b5278172a64821b4e5abb7') in 0.0451851 seconds
Number of updated asset objects reloaded before import = 0Number of asset objects unloaded after import = 35

========================================================================
Received Import Request.
  Time since last request: 0.376576 seconds.
  path: Assets/Asset/fantasy_ [version 2.0]/desert_/Floor/desert__62.asset
  artifactKey: Guid(62a4170a60c03e149853bf1006fe24ac) Importer(2089858483,b0f066a214c2f5e87bad3c948f4d605d)
Start importing Assets/Asset/fantasy_ [version 2.0]/desert_/Floor/desert__62.asset using Guid(62a4170a60c03e149853bf1006fe24ac) Importer(2089858483,b0f066a214c2f5e87bad3c948f4d605d) (ScriptedImporter) -> (artifact id: 'bff14853364825bcc0e670ebcfeefd3f') in 0.0143339 seconds
Number of updated asset objects reloaded before import = 0Number of asset objects unloaded after import = 2

========================================================================
Received Import Request.
  Time since last request: 0.000020 seconds.
  path: Assets/Asset/fantasy_ [version 2.0]/forest_/Box/forest_ [fencesAndWalls]_60.asset
  artifactKey: Guid(2b371f3aa6ec5a240b817057091b8549) Importer(2089858483,b0f066a214c2f5e87bad3c948f4d605d)
Start importing Assets/Asset/fantasy_ [version 2.0]/forest_/Box/forest_ [fencesAndWalls]_60.asset using Guid(2b371f3aa6ec5a240b817057091b8549) Importer(2089858483,b0f066a214c2f5e87bad3c948f4d605d) (ScriptedImporter) -> (artifact id: '7a4313e3d27928b5107678784943ec65') in 0.0109462 seconds
Number of updated asset objects reloaded before import = 0Number of asset objects unloaded after import = 2

========================================================================
Received Import Request.
  Time since last request: 0.409353 seconds.
  path: Assets/Asset/fantasy_ [version 2.0]/forest_/Floor/forest__88.asset
  artifactKey: Guid(470d5b5ac5250a94f81044f998884d08) Importer(2089858483,b0f066a214c2f5e87bad3c948f4d605d)
Start importing Assets/Asset/fantasy_ [version 2.0]/forest_/Floor/forest__88.asset using Guid(470d5b5ac5250a94f81044f998884d08) Importer(2089858483,b0f066a214c2f5e87bad3c948f4d605d) (ScriptedImporter) -> (artifact id: 'df0748d4d292118dcb1dc238c8e71ad2') in 0.0138475 seconds
Number of updated asset objects reloaded before import = 0Number of asset objects unloaded after import = 2

========================================================================
Received Import Request.
  Time since last request: 0.000011 seconds.
  path: Assets/Asset/fantasy_ [version 2.0]/tundra_/igloo_.png
  artifactKey: Guid(447a5a7a72ec1ed4799308e0c7c56af9) Importer(2089858483,b0f066a214c2f5e87bad3c948f4d605d)
Start importing Assets/Asset/fantasy_ [version 2.0]/tundra_/igloo_.png using Guid(447a5a7a72ec1ed4799308e0c7c56af9) Importer(2089858483,b0f066a214c2f5e87bad3c948f4d605d) (ScriptedImporter) -> (artifact id: 'd3d45e9ad7720043351f322edafc6add') in 0.032218 seconds
Number of updated asset objects reloaded before import = 0Number of asset objects unloaded after import = 10

========================================================================
Received Import Request.
  Time since last request: 0.391305 seconds.
  path: Assets/Asset/fantasy_ [version 2.0]/forest_/Box/forest_ [fencesAndWalls]_95.asset
  artifactKey: Guid(c17accda1d03ef049b8370b356d501ea) Importer(2089858483,b0f066a214c2f5e87bad3c948f4d605d)
Start importing Assets/Asset/fantasy_ [version 2.0]/forest_/Box/forest_ [fencesAndWalls]_95.asset using Guid(c17accda1d03ef049b8370b356d501ea) Importer(2089858483,b0f066a214c2f5e87bad3c948f4d605d) (ScriptedImporter) -> (artifact id: '82171ec27a9113996867327383665849') in 0.0124865 seconds
Number of updated asset objects reloaded before import = 0Number of asset objects unloaded after import = 2

========================================================================
Received Import Request.
  Time since last request: 0.000013 seconds.
  path: Assets/Asset/fantasy_ [version 2.0]/forest_/Box/forest_ [fencesAndWalls]_75.asset
  artifactKey: Guid(6270960bcdeecbc46a969c42e0b0c716) Importer(2089858483,b0f066a214c2f5e87bad3c948f4d605d)
Start importing Assets/Asset/fantasy_ [version 2.0]/forest_/Box/forest_ [fencesAndWalls]_75.asset using Guid(6270960bcdeecbc46a969c42e0b0c716) Importer(2089858483,b0f066a214c2f5e87bad3c948f4d605d) (ScriptedImporter) -> (artifact id: '59c4ea46166279f775c3f04b9b6a7388') in 0.0123293 seconds
Number of updated asset objects reloaded before import = 0Number of asset objects unloaded after import = 2

========================================================================
Received Import Request.
  Time since last request: 0.406628 seconds.
  path: Assets/Asset/fantasy_ [version 2.0]/taiga_/taiga_ [bridgeAnimatedTiles].png
  artifactKey: Guid(664ef62b69144fd488360ab864d86007) Importer(2089858483,b0f066a214c2f5e87bad3c948f4d605d)
Start importing Assets/Asset/fantasy_ [version 2.0]/taiga_/taiga_ [bridgeAnimatedTiles].png using Guid(664ef62b69144fd488360ab864d86007) Importer(2089858483,b0f066a214c2f5e87bad3c948f4d605d) (ScriptedImporter) -> (artifact id: '0f40da0310bcbc7bb7763baca104f204') in 0.0333719 seconds
Number of updated asset objects reloaded before import = 0Number of asset objects unloaded after import = 3

========================================================================
Received Import Request.
  Time since last request: 0.431562 seconds.
  path: Assets/Asset/fantasy_ [version 2.0]/cave_/cave_.png
  artifactKey: Guid(938ca16b9cd6f924b998e8edd3691431) Importer(2089858483,b0f066a214c2f5e87bad3c948f4d605d)
Start importing Assets/Asset/fantasy_ [version 2.0]/cave_/cave_.png using Guid(938ca16b9cd6f924b998e8edd3691431) Importer(2089858483,b0f066a214c2f5e87bad3c948f4d605d) (ScriptedImporter) -> (artifact id: '0506e99484332819300f4429439f744b') in 0.0247977 seconds
Number of updated asset objects reloaded before import = 0Number of asset objects unloaded after import = 3

========================================================================
Received Import Request.
  Time since last request: 0.000013 seconds.
  path: Assets/Asset/fantasy_ [version 2.0]/forest_/Floor/forest__102.asset
  artifactKey: Guid(67278b8bbc8382c4aa05873cfd8a74d4) Importer(2089858483,b0f066a214c2f5e87bad3c948f4d605d)
Start importing Assets/Asset/fantasy_ [version 2.0]/forest_/Floor/forest__102.asset using Guid(67278b8bbc8382c4aa05873cfd8a74d4) Importer(2089858483,b0f066a214c2f5e87bad3c948f4d605d) (ScriptedImporter) -> (artifact id: '024c8a9f667848fe181fa28c3a9496ab') in 0.0125353 seconds
Number of updated asset objects reloaded before import = 0Number of asset objects unloaded after import = 2

========================================================================
Received Import Request.
  Time since last request: 0.402319 seconds.
  path: Assets/Asset/fantasy_ [version 2.0]/fantasy_/taigaForest_.png
  artifactKey: Guid(3df4c2408bd2c874c811117e493e30f8) Importer(2089858483,b0f066a214c2f5e87bad3c948f4d605d)
Start importing Assets/Asset/fantasy_ [version 2.0]/fantasy_/taigaForest_.png using Guid(3df4c2408bd2c874c811117e493e30f8) Importer(2089858483,b0f066a214c2f5e87bad3c948f4d605d) (ScriptedImporter) -> (artifact id: '562bcf5b83136a91d272accdb75c55c7') in 0.02289 seconds
Number of updated asset objects reloaded before import = 0Number of asset objects unloaded after import = 3

========================================================================
Received Import Request.
  Time since last request: 0.000016 seconds.
  path: Assets/Asset/fantasy_ [version 2.0]/forest_/Box/forest_ [fencesAndWalls]_97.asset
  artifactKey: Guid(4b7a959bf61e1ac40b725faa2f6e96d6) Importer(2089858483,b0f066a214c2f5e87bad3c948f4d605d)
Start importing Assets/Asset/fantasy_ [version 2.0]/forest_/Box/forest_ [fencesAndWalls]_97.asset using Guid(4b7a959bf61e1ac40b725faa2f6e96d6) Importer(2089858483,b0f066a214c2f5e87bad3c948f4d605d) (ScriptedImporter) -> (artifact id: 'e07ca0293bc166e465933b2bbd19efc2') in 0.0119822 seconds
Number of updated asset objects reloaded before import = 0Number of asset objects unloaded after import = 2

========================================================================
Received Import Request.
  Time since last request: 0.000014 seconds.
  path: Assets/Asset/fantasy_ [version 2.0]/forest_/Box/forest_ [fencesAndWalls]_9.asset
  artifactKey: Guid(f91dc0f0767a8a94cb06b8d410b27a57) Importer(2089858483,b0f066a214c2f5e87bad3c948f4d605d)
Start importing Assets/Asset/fantasy_ [version 2.0]/forest_/Box/forest_ [fencesAndWalls]_9.asset using Guid(f91dc0f0767a8a94cb06b8d410b27a57) Importer(2089858483,b0f066a214c2f5e87bad3c948f4d605d) (ScriptedImporter) -> (artifact id: '31b038e19da44cdfe0e7a4d0ab343e2b') in 0.0115144 seconds
Number of updated asset objects reloaded before import = 0Number of asset objects unloaded after import = 2

========================================================================
Received Import Request.
  Time since last request: 0.000044 seconds.
  path: Assets/Asset/fantasy_ [version 2.0]/forest_/Box/forest_ [fencesAndWalls]_31.asset
  artifactKey: Guid(74176e2334474794eae7e2b1d7be2a62) Importer(2089858483,b0f066a214c2f5e87bad3c948f4d605d)
Start importing Assets/Asset/fantasy_ [version 2.0]/forest_/Box/forest_ [fencesAndWalls]_31.asset using Guid(74176e2334474794eae7e2b1d7be2a62) Importer(2089858483,b0f066a214c2f5e87bad3c948f4d605d) (ScriptedImporter) -> (artifact id: '25e62eed5e90b7c39ae8718d74c01206') in 0.0148019 seconds
Number of updated asset objects reloaded before import = 0Number of asset objects unloaded after import = 2

========================================================================
Received Import Request.
  Time since last request: 0.000015 seconds.
  path: Assets/Asset/fantasy_ [version 2.0]/forest_/Box/forest_ [fencesAndWalls]_88.asset
  artifactKey: Guid(d6cfefa1074bf6342b9d8868f940b189) Importer(2089858483,b0f066a214c2f5e87bad3c948f4d605d)
Start importing Assets/Asset/fantasy_ [version 2.0]/forest_/Box/forest_ [fencesAndWalls]_88.asset using Guid(d6cfefa1074bf6342b9d8868f940b189) Importer(2089858483,b0f066a214c2f5e87bad3c948f4d605d) (ScriptedImporter) -> (artifact id: '23087096067502140f33779e110d9d4c') in 0.0140581 seconds
Number of updated asset objects reloaded before import = 0Number of asset objects unloaded after import = 2

========================================================================
Received Import Request.
  Time since last request: 0.000016 seconds.
  path: Assets/Asset/fantasy_ [version 2.0]/forest_/Floor/forest__79.asset
  artifactKey: Guid(66747ea3f0d3d43438539d905f3f8f91) Importer(2089858483,b0f066a214c2f5e87bad3c948f4d605d)
Start importing Assets/Asset/fantasy_ [version 2.0]/forest_/Floor/forest__79.asset using Guid(66747ea3f0d3d43438539d905f3f8f91) Importer(2089858483,b0f066a214c2f5e87bad3c948f4d605d) (ScriptedImporter) -> (artifact id: '6bab311898c788814636a227cc0f49e3') in 0.012969 seconds
Number of updated asset objects reloaded before import = 0Number of asset objects unloaded after import = 2

========================================================================
Received Import Request.
  Time since last request: 0.000014 seconds.
  path: Assets/Asset/fantasy_ [version 2.0]/desert_/Floor/desert__2.asset
  artifactKey: Guid(dd5a34507f42926468fe4f6d075c06c0) Importer(2089858483,b0f066a214c2f5e87bad3c948f4d605d)
Start importing Assets/Asset/fantasy_ [version 2.0]/desert_/Floor/desert__2.asset using Guid(dd5a34507f42926468fe4f6d075c06c0) Importer(2089858483,b0f066a214c2f5e87bad3c948f4d605d) (ScriptedImporter) -> (artifact id: 'caa0ad4858202a99df4de20c656d07f8') in 0.014285 seconds
Number of updated asset objects reloaded before import = 0Number of asset objects unloaded after import = 2

========================================================================
Received Import Request.
  Time since last request: 0.000012 seconds.
  path: Assets/Asset/fantasy_ [version 2.0]/forest_/Floor/forest__60.asset
  artifactKey: Guid(818c2de24fb211544a1bbcd304b462d5) Importer(2089858483,b0f066a214c2f5e87bad3c948f4d605d)
Start importing Assets/Asset/fantasy_ [version 2.0]/forest_/Floor/forest__60.asset using Guid(818c2de24fb211544a1bbcd304b462d5) Importer(2089858483,b0f066a214c2f5e87bad3c948f4d605d) (ScriptedImporter) -> (artifact id: 'd3b9da9a74d13cd364e24a9cf9db092e') in 0.0137357 seconds
Number of updated asset objects reloaded before import = 0Number of asset objects unloaded after import = 2

========================================================================
Received Import Request.
  Time since last request: 0.000016 seconds.
  path: Assets/Asset/fantasy_ [version 2.0]/forest_/Floor/forest__30.asset
  artifactKey: Guid(cd206092723013b4a92b7edfa2642b7a) Importer(2089858483,b0f066a214c2f5e87bad3c948f4d605d)
Start importing Assets/Asset/fantasy_ [version 2.0]/forest_/Floor/forest__30.asset using Guid(cd206092723013b4a92b7edfa2642b7a) Importer(2089858483,b0f066a214c2f5e87bad3c948f4d605d) (ScriptedImporter) -> (artifact id: 'fca1bd099ac7b9efd9a33e8235edf2eb') in 0.0135213 seconds
Number of updated asset objects reloaded before import = 0Number of asset objects unloaded after import = 2

========================================================================
Received Import Request.
  Time since last request: 0.000022 seconds.
  path: Assets/Asset/fantasy_ [version 2.0]/forest_/Box/forest_ [fencesAndWalls]_45.asset
  artifactKey: Guid(11364543b694aa04daeda0fc037c92c4) Importer(2089858483,b0f066a214c2f5e87bad3c948f4d605d)
Start importing Assets/Asset/fantasy_ [version 2.0]/forest_/Box/forest_ [fencesAndWalls]_45.asset using Guid(11364543b694aa04daeda0fc037c92c4) Importer(2089858483,b0f066a214c2f5e87bad3c948f4d605d) (ScriptedImporter) -> (artifact id: '530fc8006e60845176eafd0775aeb69c') in 0.012605 seconds
Number of updated asset objects reloaded before import = 0Number of asset objects unloaded after import = 2

========================================================================
Received Import Request.
  Time since last request: 0.000012 seconds.
  path: Assets/Asset/fantasy_ [version 2.0]/forest_/Box/forest_ [fencesAndWalls]_85.asset
  artifactKey: Guid(a615b170d2bd40846aea2d79063f212b) Importer(2089858483,b0f066a214c2f5e87bad3c948f4d605d)
Start importing Assets/Asset/fantasy_ [version 2.0]/forest_/Box/forest_ [fencesAndWalls]_85.asset using Guid(a615b170d2bd40846aea2d79063f212b) Importer(2089858483,b0f066a214c2f5e87bad3c948f4d605d) (ScriptedImporter) -> (artifact id: '9e257c40edf18fafe6341dc07cffcc92') in 0.0174522 seconds
Number of updated asset objects reloaded before import = 0Number of asset objects unloaded after import = 2

========================================================================
Received Import Request.
  Time since last request: 0.000016 seconds.
  path: Assets/Asset/fantasy_ [version 2.0]/forest_/Box/forest_ [fencesAndWalls]_56.asset
  artifactKey: Guid(2a34e1604dbc03449b89aeb8a23eff65) Importer(2089858483,b0f066a214c2f5e87bad3c948f4d605d)
Start importing Assets/Asset/fantasy_ [version 2.0]/forest_/Box/forest_ [fencesAndWalls]_56.asset using Guid(2a34e1604dbc03449b89aeb8a23eff65) Importer(2089858483,b0f066a214c2f5e87bad3c948f4d605d) (ScriptedImporter) -> (artifact id: '5c5467a926ba3d64a4777555260fa082') in 0.0146761 seconds
Number of updated asset objects reloaded before import = 0Number of asset objects unloaded after import = 2

========================================================================
Received Import Request.
  Time since last request: 0.000017 seconds.
  path: Assets/Asset/fantasy_ [version 2.0]/desert_/Floor/desert__33.asset
  artifactKey: Guid(ab08fe3df357ebb4c8a7c7da2c6a969f) Importer(2089858483,b0f066a214c2f5e87bad3c948f4d605d)
Start importing Assets/Asset/fantasy_ [version 2.0]/desert_/Floor/desert__33.asset using Guid(ab08fe3df357ebb4c8a7c7da2c6a969f) Importer(2089858483,b0f066a214c2f5e87bad3c948f4d605d) (ScriptedImporter) -> (artifact id: '540d8acd6871d4d46e3ffdb245483479') in 0.0145838 seconds
Number of updated asset objects reloaded before import = 0Number of asset objects unloaded after import = 2

========================================================================
Received Import Request.
  Time since last request: 0.000016 seconds.
  path: Assets/Asset/fantasy_ [version 2.0]/forest_/Box/forest_ [fencesAndWalls]_105.asset
  artifactKey: Guid(1df158db32c5bff4bbf0eaf15fec4eef) Importer(2089858483,b0f066a214c2f5e87bad3c948f4d605d)
Start importing Assets/Asset/fantasy_ [version 2.0]/forest_/Box/forest_ [fencesAndWalls]_105.asset using Guid(1df158db32c5bff4bbf0eaf15fec4eef) Importer(2089858483,b0f066a214c2f5e87bad3c948f4d605d) (ScriptedImporter) -> (artifact id: '6e3befbcff1d681d1bf47744b633274a') in 0.0154362 seconds
Number of updated asset objects reloaded before import = 0Number of asset objects unloaded after import = 2

========================================================================
Received Import Request.
  Time since last request: 0.000022 seconds.
  path: Assets/Asset/fantasy_ [version 2.0]/forest_/Box/forest_ [fencesAndWalls]_93.asset
  artifactKey: Guid(67e4211daf1d9ca4d8fab8b9e127e441) Importer(2089858483,b0f066a214c2f5e87bad3c948f4d605d)
Start importing Assets/Asset/fantasy_ [version 2.0]/forest_/Box/forest_ [fencesAndWalls]_93.asset using Guid(67e4211daf1d9ca4d8fab8b9e127e441) Importer(2089858483,b0f066a214c2f5e87bad3c948f4d605d) (ScriptedImporter) -> (artifact id: '6be7f74a58a7f80dec803ba09b6e2ffa') in 0.01308 seconds
Number of updated asset objects reloaded before import = 0Number of asset objects unloaded after import = 2

========================================================================
Received Import Request.
  Time since last request: 0.000031 seconds.
  path: Assets/TextMesh Pro/Resources/Fonts & Materials/LiberationSans SDF.asset
  artifactKey: Guid(8f586378b4e144a9851e7b34d9b748ee) Importer(815301076,1909f56bfc062723c751e8b465ee728b)
Start importing Assets/TextMesh Pro/Resources/Fonts & Materials/LiberationSans SDF.asset using Guid(8f586378b4e144a9851e7b34d9b748ee) Importer(815301076,1909f56bfc062723c751e8b465ee728b) (PreviewImporter) -> (artifact id: 'a718578d43e80728a81aee5fd264b7ae') in 0.4463083 seconds
Number of updated asset objects reloaded before import = 0Number of asset objects unloaded after import = 9

========================================================================
Received Import Request.
  Time since last request: 0.000054 seconds.
  path: Assets/Asset/fantasy_ [version 2.0]/swamp_/swamp_ [resources].png
  artifactKey: Guid(da020f7dbf5bb2c45a8df044845d4760) Importer(2089858483,b0f066a214c2f5e87bad3c948f4d605d)
Start importing Assets/Asset/fantasy_ [version 2.0]/swamp_/swamp_ [resources].png using Guid(da020f7dbf5bb2c45a8df044845d4760) Importer(2089858483,b0f066a214c2f5e87bad3c948f4d605d) (ScriptedImporter) -> (artifact id: '4cc2b80e3d26fd48b23ba93f4b9ab3d9') in 0.0563957 seconds
Number of updated asset objects reloaded before import = 0Number of asset objects unloaded after import = 38

========================================================================
Received Import Request.
  Time since last request: 0.000034 seconds.
  path: Assets/TextMesh Pro/Resources/Fonts & Materials/LiberationSans SDF - Outline.mat
  artifactKey: Guid(79459efec17a4d00a321bdcc27bbc385) Importer(815301076,1909f56bfc062723c751e8b465ee728b)
Start importing Assets/TextMesh Pro/Resources/Fonts & Materials/LiberationSans SDF - Outline.mat using Guid(79459efec17a4d00a321bdcc27bbc385) Importer(815301076,1909f56bfc062723c751e8b465ee728b) (PreviewImporter) -> (artifact id: 'b4ce3aefad89a842e644fe435c44f1ce') in 0.0438596 seconds
Number of updated asset objects reloaded before import = 0Number of asset objects unloaded after import = 2

========================================================================
Received Import Request.
  Time since last request: 0.000021 seconds.
  path: Assets/Asset/fantasy_ [version 2.0]/forest_/Box/forest_ [fencesAndWalls]_29.asset
  artifactKey: Guid(70a83e4df77a3aa4196bf768889ebbe1) Importer(2089858483,b0f066a214c2f5e87bad3c948f4d605d)
Start importing Assets/Asset/fantasy_ [version 2.0]/forest_/Box/forest_ [fencesAndWalls]_29.asset using Guid(70a83e4df77a3aa4196bf768889ebbe1) Importer(2089858483,b0f066a214c2f5e87bad3c948f4d605d) (ScriptedImporter) -> (artifact id: '78b194433f221dd74a2b31da5c47020f') in 0.0155548 seconds
Number of updated asset objects reloaded before import = 0Number of asset objects unloaded after import = 2

========================================================================
Received Import Request.
  Time since last request: 0.000020 seconds.
  path: Assets/Asset/fantasy_ [version 2.0]/taiga_/taigaPath_.png
  artifactKey: Guid(78201bd49b8ec3e428f346946c2264f1) Importer(2089858483,b0f066a214c2f5e87bad3c948f4d605d)
Start importing Assets/Asset/fantasy_ [version 2.0]/taiga_/taigaPath_.png using Guid(78201bd49b8ec3e428f346946c2264f1) Importer(2089858483,b0f066a214c2f5e87bad3c948f4d605d) (ScriptedImporter) -> (artifact id: '36d05a6ae14ca79bd8cbeb1fcdefd089') in 0.0252476 seconds
Number of updated asset objects reloaded before import = 0Number of asset objects unloaded after import = 3

========================================================================
Received Import Request.
  Time since last request: 0.000024 seconds.
  path: Assets/Asset/fantasy_ [version 2.0]/forest_/Floor/forest__85.asset
  artifactKey: Guid(24434fd40ec08ce4a94e9d8d7c57a84c) Importer(2089858483,b0f066a214c2f5e87bad3c948f4d605d)
Start importing Assets/Asset/fantasy_ [version 2.0]/forest_/Floor/forest__85.asset using Guid(24434fd40ec08ce4a94e9d8d7c57a84c) Importer(2089858483,b0f066a214c2f5e87bad3c948f4d605d) (ScriptedImporter) -> (artifact id: 'a529c90b0b59ef80066025408c9e356b') in 0.0135065 seconds
Number of updated asset objects reloaded before import = 0Number of asset objects unloaded after import = 2

========================================================================
Received Import Request.
  Time since last request: 0.000024 seconds.
  path: Assets/Asset/fantasy_ [version 2.0]/forest_/Floor/FloorPallete1.prefab
  artifactKey: Guid(02f991edad0969941b8c8c788eb908d0) Importer(2089858483,b0f066a214c2f5e87bad3c948f4d605d)
Start importing Assets/Asset/fantasy_ [version 2.0]/forest_/Floor/FloorPallete1.prefab using Guid(02f991edad0969941b8c8c788eb908d0) Importer(2089858483,b0f066a214c2f5e87bad3c948f4d605d) (ScriptedImporter) -> (artifact id: '2cea9eada5c3a0448b7fee63d4392f61') in 0.022256 seconds
Number of updated asset objects reloaded before import = 0Number of asset objects unloaded after import = 10

========================================================================
Received Import Request.
  Time since last request: 0.000034 seconds.
  path: Assets/Asset/fantasy_ [version 2.0]/forest_/Floor/forest__111.asset
  artifactKey: Guid(dbc9a61f4cd788141894eb9aa83f999a) Importer(2089858483,b0f066a214c2f5e87bad3c948f4d605d)
Start importing Assets/Asset/fantasy_ [version 2.0]/forest_/Floor/forest__111.asset using Guid(dbc9a61f4cd788141894eb9aa83f999a) Importer(2089858483,b0f066a214c2f5e87bad3c948f4d605d) (ScriptedImporter) -> (artifact id: 'a2611e2a71501d6bc09bf2d0cd2b41c4') in 0.0120323 seconds
Number of updated asset objects reloaded before import = 0Number of asset objects unloaded after import = 2

========================================================================
Received Import Request.
  Time since last request: 0.000018 seconds.
  path: Assets/Asset/fantasy_ [version 2.0]/taiga_/taiga_ [bridgeHorizontal].png
  artifactKey: Guid(40256fae6e53c0b41b6b8c34530244f4) Importer(2089858483,b0f066a214c2f5e87bad3c948f4d605d)
Start importing Assets/Asset/fantasy_ [version 2.0]/taiga_/taiga_ [bridgeHorizontal].png using Guid(40256fae6e53c0b41b6b8c34530244f4) Importer(2089858483,b0f066a214c2f5e87bad3c948f4d605d) (ScriptedImporter) -> (artifact id: '4d585fd37e72346b59f95c9a470faf57') in 0.0242808 seconds
Number of updated asset objects reloaded before import = 0Number of asset objects unloaded after import = 3

========================================================================
Received Import Request.
  Time since last request: 0.000032 seconds.
  path: Assets/Asset/fantasy_ [version 2.0]/forest_/Box/forest_ [fencesAndWalls]_18.asset
  artifactKey: Guid(7a2e2dfef03d1e1418a727c1cc80581b) Importer(2089858483,b0f066a214c2f5e87bad3c948f4d605d)
Start importing Assets/Asset/fantasy_ [version 2.0]/forest_/Box/forest_ [fencesAndWalls]_18.asset using Guid(7a2e2dfef03d1e1418a727c1cc80581b) Importer(2089858483,b0f066a214c2f5e87bad3c948f4d605d) (ScriptedImporter) -> (artifact id: 'f95e4bae9a30efc5e717610f75bbb8fa') in 0.0134077 seconds
Number of updated asset objects reloaded before import = 0Number of asset objects unloaded after import = 2

========================================================================
Received Import Request.
  Time since last request: 0.000023 seconds.
  path: Assets/Asset/fantasy_ [version 2.0]/swamp_/swamp_.png
  artifactKey: Guid(06a0af4f1195e7844b7ec961500cedab) Importer(2089858483,b0f066a214c2f5e87bad3c948f4d605d)
Start importing Assets/Asset/fantasy_ [version 2.0]/swamp_/swamp_.png using Guid(06a0af4f1195e7844b7ec961500cedab) Importer(2089858483,b0f066a214c2f5e87bad3c948f4d605d) (ScriptedImporter) -> (artifact id: '7fefb75c58ae5ec565437da1fc7a30d8') in 0.0249176 seconds
Number of updated asset objects reloaded before import = 0Number of asset objects unloaded after import = 3

========================================================================
Received Import Request.
  Time since last request: 0.000023 seconds.
  path: Assets/Asset/fantasy_ [version 2.0]/swamp_/swamp_ [bridgeVertical].png
  artifactKey: Guid(223befa54fb859249bd09059ce16978b) Importer(2089858483,b0f066a214c2f5e87bad3c948f4d605d)
Start importing Assets/Asset/fantasy_ [version 2.0]/swamp_/swamp_ [bridgeVertical].png using Guid(223befa54fb859249bd09059ce16978b) Importer(2089858483,b0f066a214c2f5e87bad3c948f4d605d) (ScriptedImporter) -> (artifact id: '39399385c778309ceba6d33036bb6bce') in 0.0259509 seconds
Number of updated asset objects reloaded before import = 0Number of asset objects unloaded after import = 3

========================================================================
Received Import Request.
  Time since last request: 0.000033 seconds.
  path: Assets/Asset/fantasy_ [version 2.0]/forest_/Floor/forest__48.asset
  artifactKey: Guid(e32089c5b6341fa42907a1829fb1affc) Importer(2089858483,b0f066a214c2f5e87bad3c948f4d605d)
Start importing Assets/Asset/fantasy_ [version 2.0]/forest_/Floor/forest__48.asset using Guid(e32089c5b6341fa42907a1829fb1affc) Importer(2089858483,b0f066a214c2f5e87bad3c948f4d605d) (ScriptedImporter) -> (artifact id: 'cbc161a0290d7a612e6c3893ce72a228') in 0.0140389 seconds
Number of updated asset objects reloaded before import = 0Number of asset objects unloaded after import = 2

========================================================================
Received Import Request.
  Time since last request: 0.000024 seconds.
  path: Assets/Asset/fantasy_ [version 2.0]/forest_/Floor/forest__77.asset
  artifactKey: Guid(af5cbeafb44d5394287113a8d7418a7c) Importer(2089858483,b0f066a214c2f5e87bad3c948f4d605d)
Start importing Assets/Asset/fantasy_ [version 2.0]/forest_/Floor/forest__77.asset using Guid(af5cbeafb44d5394287113a8d7418a7c) Importer(2089858483,b0f066a214c2f5e87bad3c948f4d605d) (ScriptedImporter) -> (artifact id: 'ddcb5669e06ed06c9cc9ed71550a3d47') in 0.0137087 seconds
Number of updated asset objects reloaded before import = 0Number of asset objects unloaded after import = 2

========================================================================
Received Import Request.
  Time since last request: 0.000021 seconds.
  path: Assets/Asset/fantasy_ [version 2.0]/forest_/Box/forest_ [fencesAndWalls]_73.asset
  artifactKey: Guid(4b142d8ff7b10e848b3839cb64420f89) Importer(2089858483,b0f066a214c2f5e87bad3c948f4d605d)
Start importing Assets/Asset/fantasy_ [version 2.0]/forest_/Box/forest_ [fencesAndWalls]_73.asset using Guid(4b142d8ff7b10e848b3839cb64420f89) Importer(2089858483,b0f066a214c2f5e87bad3c948f4d605d) (ScriptedImporter) -> (artifact id: 'b44f3ff09285304715a271d84f0a321d') in 0.0139463 seconds
Number of updated asset objects reloaded before import = 0Number of asset objects unloaded after import = 2

========================================================================
Received Import Request.
  Time since last request: 0.000018 seconds.
  path: Assets/Asset/fantasy_ [version 2.0]/forest_/Box/forest_ [fencesAndWalls]_107.asset
  artifactKey: Guid(ac11493c7915ffe41a23e224db0e0646) Importer(2089858483,b0f066a214c2f5e87bad3c948f4d605d)
Start importing Assets/Asset/fantasy_ [version 2.0]/forest_/Box/forest_ [fencesAndWalls]_107.asset using Guid(ac11493c7915ffe41a23e224db0e0646) Importer(2089858483,b0f066a214c2f5e87bad3c948f4d605d) (ScriptedImporter) -> (artifact id: '0890faae512bd1dc216f66063eaca202') in 0.0129503 seconds
Number of updated asset objects reloaded before import = 0Number of asset objects unloaded after import = 2

========================================================================
Received Import Request.
  Time since last request: 0.000022 seconds.
  path: Assets/Asset/fantasy_ [version 2.0]/forest_/Floor/forest__59.asset
  artifactKey: Guid(8257edbcae3693e4d9a2f8aa7577b544) Importer(2089858483,b0f066a214c2f5e87bad3c948f4d605d)
Start importing Assets/Asset/fantasy_ [version 2.0]/forest_/Floor/forest__59.asset using Guid(8257edbcae3693e4d9a2f8aa7577b544) Importer(2089858483,b0f066a214c2f5e87bad3c948f4d605d) (ScriptedImporter) -> (artifact id: '18eae49d2d903e2924c77f735065ad08') in 0.0143526 seconds
Number of updated asset objects reloaded before import = 0Number of asset objects unloaded after import = 2

========================================================================
Received Import Request.
  Time since last request: 0.000023 seconds.
  path: Assets/Asset/fantasy_ [version 2.0]/forest_/Floor/forest__56.asset
  artifactKey: Guid(d3af8fefac93de847befc687e493a176) Importer(2089858483,b0f066a214c2f5e87bad3c948f4d605d)
Start importing Assets/Asset/fantasy_ [version 2.0]/forest_/Floor/forest__56.asset using Guid(d3af8fefac93de847befc687e493a176) Importer(2089858483,b0f066a214c2f5e87bad3c948f4d605d) (ScriptedImporter) -> (artifact id: 'a7d9f5b27496469b7c682ff9524fde8b') in 0.0142597 seconds
Number of updated asset objects reloaded before import = 0Number of asset objects unloaded after import = 2

========================================================================
Received Import Request.
  Time since last request: 0.000044 seconds.
  path: Assets/Asset/fantasy_ [version 2.0]/forest_/Floor/forest__69.asset
  artifactKey: Guid(509ae09ba0dd77c40b5e9fd3aca33259) Importer(2089858483,b0f066a214c2f5e87bad3c948f4d605d)
Start importing Assets/Asset/fantasy_ [version 2.0]/forest_/Floor/forest__69.asset using Guid(509ae09ba0dd77c40b5e9fd3aca33259) Importer(2089858483,b0f066a214c2f5e87bad3c948f4d605d) (ScriptedImporter) -> (artifact id: 'e688a63c152be4352a30a57a1ceb03e0') in 0.0142339 seconds
Number of updated asset objects reloaded before import = 0Number of asset objects unloaded after import = 2

========================================================================
Received Import Request.
  Time since last request: 0.000019 seconds.
  path: Assets/Asset/fantasy_ [version 2.0]/swamp_/swamp_ [fencesAndWalls].png
  artifactKey: Guid(44e1e8013494081468143217a3ee9dd7) Importer(2089858483,b0f066a214c2f5e87bad3c948f4d605d)
Start importing Assets/Asset/fantasy_ [version 2.0]/swamp_/swamp_ [fencesAndWalls].png using Guid(44e1e8013494081468143217a3ee9dd7) Importer(2089858483,b0f066a214c2f5e87bad3c948f4d605d) (ScriptedImporter) -> (artifact id: 'a919c010bbe2fd0f809066c74b44cd98') in 0.0387164 seconds
Number of updated asset objects reloaded before import = 0Number of asset objects unloaded after import = 25

========================================================================
Received Import Request.
  Time since last request: 0.000021 seconds.
  path: Assets/Asset/fantasy_ [version 2.0]/forest_/Floor/forest__21.asset
  artifactKey: Guid(808c44cf2fb741e47a7ea324cbcbef5c) Importer(2089858483,b0f066a214c2f5e87bad3c948f4d605d)
Start importing Assets/Asset/fantasy_ [version 2.0]/forest_/Floor/forest__21.asset using Guid(808c44cf2fb741e47a7ea324cbcbef5c) Importer(2089858483,b0f066a214c2f5e87bad3c948f4d605d) (ScriptedImporter) -> (artifact id: '5805c6fd274a37de4f7a46fc9bf906ea') in 0.0133642 seconds
Number of updated asset objects reloaded before import = 0Number of asset objects unloaded after import = 2

========================================================================
Received Import Request.
  Time since last request: 0.000024 seconds.
  path: Assets/Asset/fantasy_ [version 2.0]/forest_/Floor/forest__39.asset
  artifactKey: Guid(7e6199b04c3b9fb4a8e1305af0f4a6e7) Importer(2089858483,b0f066a214c2f5e87bad3c948f4d605d)
Start importing Assets/Asset/fantasy_ [version 2.0]/forest_/Floor/forest__39.asset using Guid(7e6199b04c3b9fb4a8e1305af0f4a6e7) Importer(2089858483,b0f066a214c2f5e87bad3c948f4d605d) (ScriptedImporter) -> (artifact id: 'fa1b00f7fbdac562721e50e371c457ac') in 0.0135558 seconds
Number of updated asset objects reloaded before import = 0Number of asset objects unloaded after import = 2

========================================================================
Received Import Request.
  Time since last request: 0.000021 seconds.
  path: Assets/Asset/fantasy_ [version 2.0]/forest_/Floor/forest__50.asset
  artifactKey: Guid(8f5b96f05785a6b489eee66c40f01082) Importer(2089858483,b0f066a214c2f5e87bad3c948f4d605d)
Start importing Assets/Asset/fantasy_ [version 2.0]/forest_/Floor/forest__50.asset using Guid(8f5b96f05785a6b489eee66c40f01082) Importer(2089858483,b0f066a214c2f5e87bad3c948f4d605d) (ScriptedImporter) -> (artifact id: '33f6ea249ca973ccd7e5ed705836c8d7') in 0.0129907 seconds
Number of updated asset objects reloaded before import = 0Number of asset objects unloaded after import = 2

========================================================================
Received Import Request.
  Time since last request: 0.000029 seconds.
  path: Assets/Asset/fantasy_ [version 2.0]/desert_/Floor/desert__61.asset
  artifactKey: Guid(a1b02a03e73089c44aa0b0e8e8953e56) Importer(2089858483,b0f066a214c2f5e87bad3c948f4d605d)
Start importing Assets/Asset/fantasy_ [version 2.0]/desert_/Floor/desert__61.asset using Guid(a1b02a03e73089c44aa0b0e8e8953e56) Importer(2089858483,b0f066a214c2f5e87bad3c948f4d605d) (ScriptedImporter) -> (artifact id: 'bb5876267932bc42e9f8e8725cd07740') in 0.0145127 seconds
Number of updated asset objects reloaded before import = 0Number of asset objects unloaded after import = 2

========================================================================
Received Import Request.
  Time since last request: 0.000020 seconds.
  path: Assets/Asset/fantasy_ [version 2.0]/forest_/Box/forest_ [fencesAndWalls]_63.asset
  artifactKey: Guid(4d4ba47c130338f4cb5eb690921cbde1) Importer(2089858483,b0f066a214c2f5e87bad3c948f4d605d)
Start importing Assets/Asset/fantasy_ [version 2.0]/forest_/Box/forest_ [fencesAndWalls]_63.asset using Guid(4d4ba47c130338f4cb5eb690921cbde1) Importer(2089858483,b0f066a214c2f5e87bad3c948f4d605d) (ScriptedImporter) -> (artifact id: 'e1f5ec1cb42c56101570744c32c61697') in 0.0139173 seconds
Number of updated asset objects reloaded before import = 0Number of asset objects unloaded after import = 2

========================================================================
Received Import Request.
  Time since last request: 0.000018 seconds.
  path: Assets/Asset/fantasy_ [version 2.0]/desert_/Floor/desert__17.asset
  artifactKey: Guid(132cc3fda286bfa4899a3ce3f04f2244) Importer(2089858483,b0f066a214c2f5e87bad3c948f4d605d)
Start importing Assets/Asset/fantasy_ [version 2.0]/desert_/Floor/desert__17.asset using Guid(132cc3fda286bfa4899a3ce3f04f2244) Importer(2089858483,b0f066a214c2f5e87bad3c948f4d605d) (ScriptedImporter) -> (artifact id: '557b87b93ce2f10f87a6e735745906fe') in 0.0117377 seconds
Number of updated asset objects reloaded before import = 0Number of asset objects unloaded after import = 2

========================================================================
Received Import Request.
  Time since last request: 0.000017 seconds.
  path: Assets/Asset/fantasy_ [version 2.0]/cave_/cave_ [bridgeAnimatedTiles].png
  artifactKey: Guid(3b97952250ddc2a4c9c6c29ebef91d3a) Importer(2089858483,b0f066a214c2f5e87bad3c948f4d605d)
Start importing Assets/Asset/fantasy_ [version 2.0]/cave_/cave_ [bridgeAnimatedTiles].png using Guid(3b97952250ddc2a4c9c6c29ebef91d3a) Importer(2089858483,b0f066a214c2f5e87bad3c948f4d605d) (ScriptedImporter) -> (artifact id: '7cb4d46818ade23eef6c8f71d7be221b') in 0.0237596 seconds
Number of updated asset objects reloaded before import = 0Number of asset objects unloaded after import = 3

========================================================================
Received Import Request.
  Time since last request: 0.000022 seconds.
  path: Assets/Asset/fantasy_ [version 2.0]/fantasy_/tundraSwampTaigaForestDesert_0.png
  artifactKey: Guid(4e982e8e146cdaf4783690e9687eef4d) Importer(2089858483,b0f066a214c2f5e87bad3c948f4d605d)
Start importing Assets/Asset/fantasy_ [version 2.0]/fantasy_/tundraSwampTaigaForestDesert_0.png using Guid(4e982e8e146cdaf4783690e9687eef4d) Importer(2089858483,b0f066a214c2f5e87bad3c948f4d605d) (ScriptedImporter) -> (artifact id: '520dc2019c3bd02dc6f1b9065dbb9790') in 0.0249232 seconds
Number of updated asset objects reloaded before import = 0Number of asset objects unloaded after import = 3

========================================================================
Received Import Request.
  Time since last request: 0.000020 seconds.
  path: Assets/Asset/fantasy_ [version 2.0]/desert_/Floor/desert__20.asset
  artifactKey: Guid(91102f4d1c285f84ca9aea6ebec3fd6f) Importer(2089858483,b0f066a214c2f5e87bad3c948f4d605d)
Start importing Assets/Asset/fantasy_ [version 2.0]/desert_/Floor/desert__20.asset using Guid(91102f4d1c285f84ca9aea6ebec3fd6f) Importer(2089858483,b0f066a214c2f5e87bad3c948f4d605d) (ScriptedImporter) -> (artifact id: 'f491564c8e57ed99b04dccbd56db6825') in 0.0131562 seconds
Number of updated asset objects reloaded before import = 0Number of asset objects unloaded after import = 2

========================================================================
Received Import Request.
  Time since last request: 0.000030 seconds.
  path: Assets/Asset/fantasy_ [version 2.0]/forest_/Box/forest_ [fencesAndWalls]_113.asset
  artifactKey: Guid(42a560dbd285dcb46a0514b42d0c13e6) Importer(2089858483,b0f066a214c2f5e87bad3c948f4d605d)
Start importing Assets/Asset/fantasy_ [version 2.0]/forest_/Box/forest_ [fencesAndWalls]_113.asset using Guid(42a560dbd285dcb46a0514b42d0c13e6) Importer(2089858483,b0f066a214c2f5e87bad3c948f4d605d) (ScriptedImporter) -> (artifact id: '7b0d7eb33e2ac6544a7241e493bc228a') in 0.0138381 seconds
Number of updated asset objects reloaded before import = 0Number of asset objects unloaded after import = 2

========================================================================
Received Import Request.
  Time since last request: 0.000021 seconds.
  path: Assets/Asset/fantasy_ [version 2.0]/forest_/Box/forest_ [fencesAndWalls]_52.asset
  artifactKey: Guid(e50b1b52a6e57ac44be9059571259d46) Importer(2089858483,b0f066a214c2f5e87bad3c948f4d605d)
Start importing Assets/Asset/fantasy_ [version 2.0]/forest_/Box/forest_ [fencesAndWalls]_52.asset using Guid(e50b1b52a6e57ac44be9059571259d46) Importer(2089858483,b0f066a214c2f5e87bad3c948f4d605d) (ScriptedImporter) -> (artifact id: '021de6b604407eb357466652783fb358') in 0.0213874 seconds
Number of updated asset objects reloaded before import = 0Number of asset objects unloaded after import = 2

========================================================================
Received Import Request.
  Time since last request: 0.000021 seconds.
  path: Assets/Asset/fantasy_ [version 2.0]/forest_/Box/forest_ [fencesAndWalls]_67.asset
  artifactKey: Guid(1e2aa13e6de9e4f418c732d14ddd250b) Importer(2089858483,b0f066a214c2f5e87bad3c948f4d605d)
Start importing Assets/Asset/fantasy_ [version 2.0]/forest_/Box/forest_ [fencesAndWalls]_67.asset using Guid(1e2aa13e6de9e4f418c732d14ddd250b) Importer(2089858483,b0f066a214c2f5e87bad3c948f4d605d) (ScriptedImporter) -> (artifact id: 'f32fbac6da67d8764b7fd3b58b68e691') in 0.0132051 seconds
Number of updated asset objects reloaded before import = 0Number of asset objects unloaded after import = 2

========================================================================
Received Import Request.
  Time since last request: 0.000025 seconds.
  path: Assets/Asset/fantasy_ [version 2.0]/forest_/Box/forest_ [fencesAndWalls]_55.asset
  artifactKey: Guid(7e8e52bccea68a24c8dada4c98329972) Importer(2089858483,b0f066a214c2f5e87bad3c948f4d605d)
Start importing Assets/Asset/fantasy_ [version 2.0]/forest_/Box/forest_ [fencesAndWalls]_55.asset using Guid(7e8e52bccea68a24c8dada4c98329972) Importer(2089858483,b0f066a214c2f5e87bad3c948f4d605d) (ScriptedImporter) -> (artifact id: '9c1db593058d81913502e62a0bd1b49a') in 0.0140441 seconds
Number of updated asset objects reloaded before import = 0Number of asset objects unloaded after import = 2

========================================================================
Received Import Request.
  Time since last request: 0.529375 seconds.
  path: Assets/Asset/Prop/TX Tileset Grass_15.asset
  artifactKey: Guid(38d38e70f2e1cad4fa9b0dbc9325bc33) Importer(2089858483,b0f066a214c2f5e87bad3c948f4d605d)
Start importing Assets/Asset/Prop/TX Tileset Grass_15.asset using Guid(38d38e70f2e1cad4fa9b0dbc9325bc33) Importer(2089858483,b0f066a214c2f5e87bad3c948f4d605d) (ScriptedImporter) -> (artifact id: 'fdd80ab8d3102619a99f4da6e4ac2099') in 0.0216112 seconds
Number of updated asset objects reloaded before import = 0Number of asset objects unloaded after import = 2

========================================================================
Received Import Request.
  Time since last request: 0.000019 seconds.
  path: Assets/Asset/Prop/Wall_Palette.prefab
  artifactKey: Guid(e8d6e76cb4e859e438413301f1fcfcaf) Importer(2089858483,b0f066a214c2f5e87bad3c948f4d605d)
Start importing Assets/Asset/Prop/Wall_Palette.prefab using Guid(e8d6e76cb4e859e438413301f1fcfcaf) Importer(2089858483,b0f066a214c2f5e87bad3c948f4d605d) (ScriptedImporter) -> (artifact id: '04782a76dc43343f5152d9894097d0d2') in 0.0159228 seconds
Number of updated asset objects reloaded before import = 0Number of asset objects unloaded after import = 10

========================================================================
Received Import Request.
  Time since last request: 0.000020 seconds.
  path: Assets/Asset/Prop/TX Props with Shadow.png
  artifactKey: Guid(571293d3eb79a4349a8b4dbac0943c71) Importer(2089858483,b0f066a214c2f5e87bad3c948f4d605d)
Start importing Assets/Asset/Prop/TX Props with Shadow.png using Guid(571293d3eb79a4349a8b4dbac0943c71) Importer(2089858483,b0f066a214c2f5e87bad3c948f4d605d) (ScriptedImporter) -> (artifact id: 'c8e4883d911e26b0eeb491ac1b64f41b') in 0.0586897 seconds
Number of updated asset objects reloaded before import = 0Number of asset objects unloaded after import = 56

========================================================================
Received Import Request.
  Time since last request: 0.000030 seconds.
  path: Assets/Asset/Prop/TX Tileset Grass_28.asset
  artifactKey: Guid(a38661d85b58ec547896281db528b236) Importer(2089858483,b0f066a214c2f5e87bad3c948f4d605d)
Start importing Assets/Asset/Prop/TX Tileset Grass_28.asset using Guid(a38661d85b58ec547896281db528b236) Importer(2089858483,b0f066a214c2f5e87bad3c948f4d605d) (ScriptedImporter) -> (artifact id: 'ef2a8d061591e1c0cbdb349ebf2796ec') in 0.0138683 seconds
Number of updated asset objects reloaded before import = 0Number of asset objects unloaded after import = 2

========================================================================
Received Import Request.
  Time since last request: 0.000020 seconds.
  path: Assets/Asset/Prop/TX Tileset Grass_39.asset
  artifactKey: Guid(3a81ce2754c09cb4d9b3d6cd3fc40772) Importer(2089858483,b0f066a214c2f5e87bad3c948f4d605d)
Start importing Assets/Asset/Prop/TX Tileset Grass_39.asset using Guid(3a81ce2754c09cb4d9b3d6cd3fc40772) Importer(2089858483,b0f066a214c2f5e87bad3c948f4d605d) (ScriptedImporter) -> (artifact id: '56ce53b976209d4dd6d4212f4b94ae2b') in 0.0133222 seconds
Number of updated asset objects reloaded before import = 0Number of asset objects unloaded after import = 2

========================================================================
Received Import Request.
  Time since last request: 0.000020 seconds.
  path: Assets/Asset/Prop/TX Tileset Grass_31.asset
  artifactKey: Guid(d60f87cc19996aa45a087250f909098d) Importer(2089858483,b0f066a214c2f5e87bad3c948f4d605d)
Start importing Assets/Asset/Prop/TX Tileset Grass_31.asset using Guid(d60f87cc19996aa45a087250f909098d) Importer(2089858483,b0f066a214c2f5e87bad3c948f4d605d) (ScriptedImporter) -> (artifact id: '15569441ffa58c2e9cb99270b72d2431') in 0.0133332 seconds
Number of updated asset objects reloaded before import = 0Number of asset objects unloaded after import = 2

========================================================================
Received Import Request.
  Time since last request: 0.000018 seconds.
  path: Assets/Asset/Prop/TX Tileset Grass_29.asset
  artifactKey: Guid(bab84a6425cec9943ba24a698254cdad) Importer(2089858483,b0f066a214c2f5e87bad3c948f4d605d)
Start importing Assets/Asset/Prop/TX Tileset Grass_29.asset using Guid(bab84a6425cec9943ba24a698254cdad) Importer(2089858483,b0f066a214c2f5e87bad3c948f4d605d) (ScriptedImporter) -> (artifact id: '8a89772830bac1077e8337ab0eaa5028') in 0.0128322 seconds
Number of updated asset objects reloaded before import = 0Number of asset objects unloaded after import = 2

========================================================================
Received Import Request.
  Time since last request: 0.000022 seconds.
  path: Assets/Asset/Prop/TX Tileset Grass_59.asset
  artifactKey: Guid(2fea86de8cd73b54fb209a6d1308138f) Importer(2089858483,b0f066a214c2f5e87bad3c948f4d605d)
Start importing Assets/Asset/Prop/TX Tileset Grass_59.asset using Guid(2fea86de8cd73b54fb209a6d1308138f) Importer(2089858483,b0f066a214c2f5e87bad3c948f4d605d) (ScriptedImporter) -> (artifact id: 'db48b1120f12f7bfe3ee91aec27dd514') in 0.0126787 seconds
Number of updated asset objects reloaded before import = 0Number of asset objects unloaded after import = 2

========================================================================
Received Import Request.
  Time since last request: 0.000022 seconds.
  path: Assets/Asset/Prop/TX Tileset Grass_44.asset
  artifactKey: Guid(32203fc34866aca40b73a8f581b9992b) Importer(2089858483,b0f066a214c2f5e87bad3c948f4d605d)
Start importing Assets/Asset/Prop/TX Tileset Grass_44.asset using Guid(32203fc34866aca40b73a8f581b9992b) Importer(2089858483,b0f066a214c2f5e87bad3c948f4d605d) (ScriptedImporter) -> (artifact id: 'b45adcbd4e9ffc0ae405365476cfd3b0') in 0.0129837 seconds
Number of updated asset objects reloaded before import = 0Number of asset objects unloaded after import = 2

========================================================================
Received Import Request.
  Time since last request: 0.000028 seconds.
  path: Assets/Asset/Prop/TX Tileset Wall_1.asset
  artifactKey: Guid(e90f772d91e8057478925111acad030b) Importer(2089858483,b0f066a214c2f5e87bad3c948f4d605d)
Start importing Assets/Asset/Prop/TX Tileset Wall_1.asset using Guid(e90f772d91e8057478925111acad030b) Importer(2089858483,b0f066a214c2f5e87bad3c948f4d605d) (ScriptedImporter) -> (artifact id: '47448bb20d20784ef00f1b1105d51ac3') in 0.0133853 seconds
Number of updated asset objects reloaded before import = 0Number of asset objects unloaded after import = 2

========================================================================
Received Import Request.
  Time since last request: 0.000019 seconds.
  path: Assets/Asset/Prop/TX Tileset Wall_4.asset
  artifactKey: Guid(d61637171aa962b43b4221ae2c3c594b) Importer(2089858483,b0f066a214c2f5e87bad3c948f4d605d)
Start importing Assets/Asset/Prop/TX Tileset Wall_4.asset using Guid(d61637171aa962b43b4221ae2c3c594b) Importer(2089858483,b0f066a214c2f5e87bad3c948f4d605d) (ScriptedImporter) -> (artifact id: 'fc720276c09afeee2fca7cd86270edae') in 0.0123945 seconds
Number of updated asset objects reloaded before import = 0Number of asset objects unloaded after import = 2

========================================================================
Received Import Request.
  Time since last request: 0.000022 seconds.
  path: Assets/Asset/Prop/TX Tileset Grass_8.asset
  artifactKey: Guid(0644a8ad07be7b542ac30e70241048b1) Importer(2089858483,b0f066a214c2f5e87bad3c948f4d605d)
Start importing Assets/Asset/Prop/TX Tileset Grass_8.asset using Guid(0644a8ad07be7b542ac30e70241048b1) Importer(2089858483,b0f066a214c2f5e87bad3c948f4d605d) (ScriptedImporter) -> (artifact id: '78c6aa7753f9da77b5441fcbfad256eb') in 0.0181942 seconds
Number of updated asset objects reloaded before import = 0Number of asset objects unloaded after import = 2

========================================================================
Received Import Request.
  Time since last request: 0.000018 seconds.
  path: Assets/Asset/Prop/Earth_Palette.prefab
  artifactKey: Guid(b0e7a47d0ba04d24cbccf6d6b61353bd) Importer(2089858483,b0f066a214c2f5e87bad3c948f4d605d)
Start importing Assets/Asset/Prop/Earth_Palette.prefab using Guid(b0e7a47d0ba04d24cbccf6d6b61353bd) Importer(2089858483,b0f066a214c2f5e87bad3c948f4d605d) (ScriptedImporter) -> (artifact id: '7419012cf2805c0aa55ef7fc7c0be916') in 0.0186655 seconds
Number of updated asset objects reloaded before import = 0Number of asset objects unloaded after import = 10

========================================================================
Received Import Request.
  Time since last request: 0.000018 seconds.
  path: Assets/Asset/Prop/TX Tileset Grass_33.asset
  artifactKey: Guid(05a7323209dd70e499c641532ecfc443) Importer(2089858483,b0f066a214c2f5e87bad3c948f4d605d)
Start importing Assets/Asset/Prop/TX Tileset Grass_33.asset using Guid(05a7323209dd70e499c641532ecfc443) Importer(2089858483,b0f066a214c2f5e87bad3c948f4d605d) (ScriptedImporter) -> (artifact id: '927dc73481cc1d3f5898b0be7040de6b') in 0.0141374 seconds
Number of updated asset objects reloaded before import = 0Number of asset objects unloaded after import = 2

========================================================================
Received Import Request.
  Time since last request: 0.000023 seconds.
  path: Assets/Asset/Prop/TX Tileset Wall_2.asset
  artifactKey: Guid(8fccec62d90d8084c9f09ac4fc17d4b2) Importer(2089858483,b0f066a214c2f5e87bad3c948f4d605d)
Start importing Assets/Asset/Prop/TX Tileset Wall_2.asset using Guid(8fccec62d90d8084c9f09ac4fc17d4b2) Importer(2089858483,b0f066a214c2f5e87bad3c948f4d605d) (ScriptedImporter) -> (artifact id: '7e219e445ecf4eb073dece9abfa1e5d3') in 0.0156667 seconds
Number of updated asset objects reloaded before import = 0Number of asset objects unloaded after import = 2

========================================================================
Received Import Request.
  Time since last request: 0.000028 seconds.
  path: Assets/Asset/Prop/TX Tileset Wall_9.asset
  artifactKey: Guid(9603194da4f66904da3dedbc354116ce) Importer(2089858483,b0f066a214c2f5e87bad3c948f4d605d)
Start importing Assets/Asset/Prop/TX Tileset Wall_9.asset using Guid(9603194da4f66904da3dedbc354116ce) Importer(2089858483,b0f066a214c2f5e87bad3c948f4d605d) (ScriptedImporter) -> (artifact id: 'fa5ad656d4aab308b89e978cd11b53fa') in 0.0137433 seconds
Number of updated asset objects reloaded before import = 0Number of asset objects unloaded after import = 2

========================================================================
Received Import Request.
  Time since last request: 0.000020 seconds.
  path: Assets/Asset/Prop/TX Tileset Grass_48.asset
  artifactKey: Guid(c37abc2d4bb8d894d987ecafab84c233) Importer(2089858483,b0f066a214c2f5e87bad3c948f4d605d)
Start importing Assets/Asset/Prop/TX Tileset Grass_48.asset using Guid(c37abc2d4bb8d894d987ecafab84c233) Importer(2089858483,b0f066a214c2f5e87bad3c948f4d605d) (ScriptedImporter) -> (artifact id: '3443724cbc2ea21a1305066c88c35659') in 0.0172801 seconds
Number of updated asset objects reloaded before import = 0Number of asset objects unloaded after import = 2

========================================================================
Received Import Request.
  Time since last request: 0.000021 seconds.
  path: Assets/Asset/Prop/TX Tileset Wall_8.asset
  artifactKey: Guid(bff35b313b202214987016ea309edb3d) Importer(2089858483,b0f066a214c2f5e87bad3c948f4d605d)
Start importing Assets/Asset/Prop/TX Tileset Wall_8.asset using Guid(bff35b313b202214987016ea309edb3d) Importer(2089858483,b0f066a214c2f5e87bad3c948f4d605d) (ScriptedImporter) -> (artifact id: 'c5e025ccb68529b60eadbe6ee0a18b9d') in 0.0198201 seconds
Number of updated asset objects reloaded before import = 0Number of asset objects unloaded after import = 2

========================================================================
Received Import Request.
  Time since last request: 0.000046 seconds.
  path: Assets/Asset/Prop/TX Tileset Grass_62.asset
  artifactKey: Guid(99dee24c0bd812c4981bdb0fe0fe7f19) Importer(2089858483,b0f066a214c2f5e87bad3c948f4d605d)
Start importing Assets/Asset/Prop/TX Tileset Grass_62.asset using Guid(99dee24c0bd812c4981bdb0fe0fe7f19) Importer(2089858483,b0f066a214c2f5e87bad3c948f4d605d) (ScriptedImporter) -> (artifact id: '8370bfbb80d4084c9940bba260f05a38') in 0.0147247 seconds
Number of updated asset objects reloaded before import = 0Number of asset objects unloaded after import = 2

========================================================================
Received Import Request.
  Time since last request: 0.000022 seconds.
  path: Assets/Asset/Prop/TX Tileset Grass_34.asset
  artifactKey: Guid(26921addd335f9c4bbff7fd9d9c40bfa) Importer(2089858483,b0f066a214c2f5e87bad3c948f4d605d)
Start importing Assets/Asset/Prop/TX Tileset Grass_34.asset using Guid(26921addd335f9c4bbff7fd9d9c40bfa) Importer(2089858483,b0f066a214c2f5e87bad3c948f4d605d) (ScriptedImporter) -> (artifact id: '161d6fda9b7d772f4965f6792d831c67') in 0.012445 seconds
Number of updated asset objects reloaded before import = 0Number of asset objects unloaded after import = 2

========================================================================
Received Import Request.
  Time since last request: 0.616157 seconds.
  path: Assets/Asset/Foozle_2DS0015_Void_EnvironmentPack/Foozle_2DS0015_Void_EnvironmentPack/Backgrounds/Aseprite
  artifactKey: Guid(5ee4c739bd4288b4ca522e86d05d6284) Importer(2089858483,b0f066a214c2f5e87bad3c948f4d605d)
Start importing Assets/Asset/Foozle_2DS0015_Void_EnvironmentPack/Foozle_2DS0015_Void_EnvironmentPack/Backgrounds/Aseprite using Guid(5ee4c739bd4288b4ca522e86d05d6284) Importer(2089858483,b0f066a214c2f5e87bad3c948f4d605d) (ScriptedImporter) -> (artifact id: '48de0b5ba6d3d376fa80076b519b6768') in 0.0102159 seconds
Number of updated asset objects reloaded before import = 0Number of asset objects unloaded after import = 1

========================================================================
Received Import Request.
  Time since last request: 0.000017 seconds.
  path: Assets/Asset/Foozle_2DS0015_Void_EnvironmentPack/Foozle_2DS0015_Void_EnvironmentPack/Backgrounds/PNGs/Split up/Starry background - Layer X -Rotary Star 2.png
  artifactKey: Guid(32456616747be204fbff42d69429326b) Importer(2089858483,b0f066a214c2f5e87bad3c948f4d605d)
Start importing Assets/Asset/Foozle_2DS0015_Void_EnvironmentPack/Foozle_2DS0015_Void_EnvironmentPack/Backgrounds/PNGs/Split up/Starry background - Layer X -Rotary Star 2.png using Guid(32456616747be204fbff42d69429326b) Importer(2089858483,b0f066a214c2f5e87bad3c948f4d605d) (ScriptedImporter) -> (artifact id: 'edf9252a4fad27c6c7dc5e13332246d4') in 0.0323644 seconds
Number of updated asset objects reloaded before import = 0Number of asset objects unloaded after import = 11

========================================================================
Received Import Request.
  Time since last request: 0.000017 seconds.
  path: Assets/Asset/Foozle_2DS0015_Void_EnvironmentPack/Foozle_2DS0015_Void_EnvironmentPack/Backgrounds/PNGs/Split up/Starry background  - Layer 02 - Shadows 2.png
  artifactKey: Guid(4a02ff3b39d964348af85ab4a95f03e1) Importer(2089858483,b0f066a214c2f5e87bad3c948f4d605d)
Start importing Assets/Asset/Foozle_2DS0015_Void_EnvironmentPack/Foozle_2DS0015_Void_EnvironmentPack/Backgrounds/PNGs/Split up/Starry background  - Layer 02 - Shadows 2.png using Guid(4a02ff3b39d964348af85ab4a95f03e1) Importer(2089858483,b0f066a214c2f5e87bad3c948f4d605d) (ScriptedImporter) -> (artifact id: '2cdf17e2ea9a823b90a5501ce01109e8') in 0.0326292 seconds
Number of updated asset objects reloaded before import = 0Number of asset objects unloaded after import = 15

========================================================================
Received Import Request.
  Time since last request: 0.000019 seconds.
  path: Assets/Asset/Foozle_2DS0015_Void_EnvironmentPack/Foozle_2DS0015_Void_EnvironmentPack/Backgrounds/PNGs
  artifactKey: Guid(206c9fdaafe398940a932e2fd9d16a7d) Importer(2089858483,b0f066a214c2f5e87bad3c948f4d605d)
Start importing Assets/Asset/Foozle_2DS0015_Void_EnvironmentPack/Foozle_2DS0015_Void_EnvironmentPack/Backgrounds/PNGs using Guid(206c9fdaafe398940a932e2fd9d16a7d) Importer(2089858483,b0f066a214c2f5e87bad3c948f4d605d) (ScriptedImporter) -> (artifact id: '7ec8dac5390e603c88a363b7a0704d3b') in 0.0113169 seconds
Number of updated asset objects reloaded before import = 0Number of asset objects unloaded after import = 1

========================================================================
Received Import Request.
  Time since last request: 0.000019 seconds.
  path: Assets/Asset/Foozle_2DS0015_Void_EnvironmentPack/Foozle_2DS0015_Void_EnvironmentPack/Planets/Aseprite/Earth-Like planet.aseprite
  artifactKey: Guid(29952356c52719c469024647e4c06ddb) Importer(2089858483,b0f066a214c2f5e87bad3c948f4d605d)
Start importing Assets/Asset/Foozle_2DS0015_Void_EnvironmentPack/Foozle_2DS0015_Void_EnvironmentPack/Planets/Aseprite/Earth-Like planet.aseprite using Guid(29952356c52719c469024647e4c06ddb) Importer(2089858483,b0f066a214c2f5e87bad3c948f4d605d) (ScriptedImporter) -> (artifact id: '384329fcc9d8c109a92b8f3c224ef8fc') in 0.1651645 seconds
Number of updated asset objects reloaded before import = 0Number of asset objects unloaded after import = 88

========================================================================
Received Import Request.
  Time since last request: 0.000028 seconds.
  path: Assets/Asset/Foozle_2DS0015_Void_EnvironmentPack/Foozle_2DS0015_Void_EnvironmentPack/Asteroids/Aseprite/Asteroid 01 - Base.aseprite
  artifactKey: Guid(cd37881c35ea0504f9b75f17b4390904) Importer(2089858483,b0f066a214c2f5e87bad3c948f4d605d)
Start importing Assets/Asset/Foozle_2DS0015_Void_EnvironmentPack/Foozle_2DS0015_Void_EnvironmentPack/Asteroids/Aseprite/Asteroid 01 - Base.aseprite using Guid(cd37881c35ea0504f9b75f17b4390904) Importer(2089858483,b0f066a214c2f5e87bad3c948f4d605d) (ScriptedImporter) -> (artifact id: '203c59ae5c16ac682c7e3e9ab09caca8') in 0.0311908 seconds
Number of updated asset objects reloaded before import = 0Number of asset objects unloaded after import = 7

========================================================================
Received Import Request.
  Time since last request: 0.000021 seconds.
  path: Assets/Asset/Foozle_2DS0015_Void_EnvironmentPack/Foozle_2DS0015_Void_EnvironmentPack/Asteroids/Aseprite/Asteroid 01 - Explode.aseprite
  artifactKey: Guid(6aa8a9d0a917d564ba3dc5db4a59d456) Importer(2089858483,b0f066a214c2f5e87bad3c948f4d605d)
Start importing Assets/Asset/Foozle_2DS0015_Void_EnvironmentPack/Foozle_2DS0015_Void_EnvironmentPack/Asteroids/Aseprite/Asteroid 01 - Explode.aseprite using Guid(6aa8a9d0a917d564ba3dc5db4a59d456) Importer(2089858483,b0f066a214c2f5e87bad3c948f4d605d) (ScriptedImporter) -> (artifact id: 'a31dec95b02b5fb8b81792b841c3cb24') in 0.0401503 seconds
Number of updated asset objects reloaded before import = 0Number of asset objects unloaded after import = 18

========================================================================
Received Import Request.
  Time since last request: 0.000020 seconds.
  path: Assets/Asset/Foozle_2DS0015_Void_EnvironmentPack/Foozle_2DS0015_Void_EnvironmentPack/Asteroids
  artifactKey: Guid(0c838891f3757434eb683c14291743f8) Importer(2089858483,b0f066a214c2f5e87bad3c948f4d605d)
Start importing Assets/Asset/Foozle_2DS0015_Void_EnvironmentPack/Foozle_2DS0015_Void_EnvironmentPack/Asteroids using Guid(0c838891f3757434eb683c14291743f8) Importer(2089858483,b0f066a214c2f5e87bad3c948f4d605d) (ScriptedImporter) -> (artifact id: '15f7d7f90aee7b96be42f5afee352a28') in 0.0108914 seconds
Number of updated asset objects reloaded before import = 0Number of asset objects unloaded after import = 1

========================================================================
Received Import Request.
  Time since last request: 0.000020 seconds.
  path: Assets/Asset/Foozle_2DS0015_Void_EnvironmentPack/Foozle_2DS0015_Void_EnvironmentPack/Backgrounds
  artifactKey: Guid(8cacdaaf0cb5a324b9bf0fbdc19f1c6e) Importer(2089858483,b0f066a214c2f5e87bad3c948f4d605d)
Start importing Assets/Asset/Foozle_2DS0015_Void_EnvironmentPack/Foozle_2DS0015_Void_EnvironmentPack/Backgrounds using Guid(8cacdaaf0cb5a324b9bf0fbdc19f1c6e) Importer(2089858483,b0f066a214c2f5e87bad3c948f4d605d) (ScriptedImporter) -> (artifact id: '88406be03a91fbb114fa0c7d2ced0143') in 0.0104527 seconds
Number of updated asset objects reloaded before import = 0Number of asset objects unloaded after import = 1

========================================================================
Received Import Request.
  Time since last request: 0.000045 seconds.
  path: Assets/Asset/Foozle_2DS0015_Void_EnvironmentPack/Foozle_2DS0015_Void_EnvironmentPack/Backgrounds/PNGs/Condesed/Starry background  - Layer 02 - Stars.png
  artifactKey: Guid(c6aa2a9cb842959429a3fb7d1c09f32e) Importer(2089858483,b0f066a214c2f5e87bad3c948f4d605d)
Start importing Assets/Asset/Foozle_2DS0015_Void_EnvironmentPack/Foozle_2DS0015_Void_EnvironmentPack/Backgrounds/PNGs/Condesed/Starry background  - Layer 02 - Stars.png using Guid(c6aa2a9cb842959429a3fb7d1c09f32e) Importer(2089858483,b0f066a214c2f5e87bad3c948f4d605d) (ScriptedImporter) -> (artifact id: '7259720fa9bda2c1849c5c77f0dc90e6') in 0.1515693 seconds
Number of updated asset objects reloaded before import = 0Number of asset objects unloaded after import = 227

========================================================================
Received Import Request.
  Time since last request: 41.720489 seconds.
  path: Assets/Tilesets/Interior/TilesetRelief_49.asset
  artifactKey: Guid(a1ebe36c7c00201469dec23cfce1b957) Importer(815301076,1909f56bfc062723c751e8b465ee728b)
Start importing Assets/Tilesets/Interior/TilesetRelief_49.asset using Guid(a1ebe36c7c00201469dec23cfce1b957) Importer(815301076,1909f56bfc062723c751e8b465ee728b) (PreviewImporter) -> (artifact id: '1441160da1fba7ca1b3366ad0cee36ff') in 0.0228902 seconds
Number of updated asset objects reloaded before import = 0Number of asset objects unloaded after import = 3

========================================================================
Received Import Request.
  Time since last request: 0.000020 seconds.
  path: Assets/Tilesets/Interior/TilesetRelief_52.asset
  artifactKey: Guid(0b47ec9a14e42004c9e9cb6dcbae3549) Importer(815301076,1909f56bfc062723c751e8b465ee728b)
Start importing Assets/Tilesets/Interior/TilesetRelief_52.asset using Guid(0b47ec9a14e42004c9e9cb6dcbae3549) Importer(815301076,1909f56bfc062723c751e8b465ee728b) (PreviewImporter) -> (artifact id: 'e4de3ac9504ec34f2fa293ad76e01141') in 0.0134387 seconds
Number of updated asset objects reloaded before import = 0Number of asset objects unloaded after import = 3

========================================================================
Received Import Request.
  Time since last request: 0.000021 seconds.
  path: Assets/Tilesets/Interior/TilesetRelief_66.asset
  artifactKey: Guid(eafb1014989a2e148b75ccdf7570a67e) Importer(815301076,1909f56bfc062723c751e8b465ee728b)
Start importing Assets/Tilesets/Interior/TilesetRelief_66.asset using Guid(eafb1014989a2e148b75ccdf7570a67e) Importer(815301076,1909f56bfc062723c751e8b465ee728b) (PreviewImporter) -> (artifact id: '9b232c0a6b823f8e6929aeee9d046a9b') in 0.0132544 seconds
Number of updated asset objects reloaded before import = 0Number of asset objects unloaded after import = 3

========================================================================
Received Import Request.
  Time since last request: 0.000025 seconds.
  path: Assets/Tilesets/Interior/TilesetRelief_81.asset
  artifactKey: Guid(12658e4e90f07da41bc5a51d97aaffe0) Importer(815301076,1909f56bfc062723c751e8b465ee728b)
Start importing Assets/Tilesets/Interior/TilesetRelief_81.asset using Guid(12658e4e90f07da41bc5a51d97aaffe0) Importer(815301076,1909f56bfc062723c751e8b465ee728b) (PreviewImporter) -> (artifact id: '843ebdb1cece384717a923cac69a95ef') in 0.01368 seconds
Number of updated asset objects reloaded before import = 0Number of asset objects unloaded after import = 3

========================================================================
Received Import Request.
  Time since last request: 0.000033 seconds.
  path: Assets/Tilesets/Interior/TilesetRelief_88.asset
  artifactKey: Guid(779da9088362fd94babb5a25b4b0e5f2) Importer(815301076,1909f56bfc062723c751e8b465ee728b)
Start importing Assets/Tilesets/Interior/TilesetRelief_88.asset using Guid(779da9088362fd94babb5a25b4b0e5f2) Importer(815301076,1909f56bfc062723c751e8b465ee728b) (PreviewImporter) -> (artifact id: 'f8f85d9a51511a068686386ccef7b521') in 0.0138994 seconds
Number of updated asset objects reloaded before import = 0Number of asset objects unloaded after import = 3

========================================================================
Received Import Request.
  Time since last request: 0.000020 seconds.
  path: Assets/Tilesets/Interior/TilesetRelief_64.asset
  artifactKey: Guid(66f2b216f1a94864b8f03fd360f3ef61) Importer(815301076,1909f56bfc062723c751e8b465ee728b)
Start importing Assets/Tilesets/Interior/TilesetRelief_64.asset using Guid(66f2b216f1a94864b8f03fd360f3ef61) Importer(815301076,1909f56bfc062723c751e8b465ee728b) (PreviewImporter) -> (artifact id: 'cb5069c77aae21408a868cabcbbd576e') in 0.017893 seconds
Number of updated asset objects reloaded before import = 0Number of asset objects unloaded after import = 3

========================================================================
Received Import Request.
  Time since last request: 0.000025 seconds.
  path: Assets/Tilesets/Interior/TilesetRelief_77.asset
  artifactKey: Guid(ae19b629b7529ed4284dad5e798c489b) Importer(815301076,1909f56bfc062723c751e8b465ee728b)
Start importing Assets/Tilesets/Interior/TilesetRelief_77.asset using Guid(ae19b629b7529ed4284dad5e798c489b) Importer(815301076,1909f56bfc062723c751e8b465ee728b) (PreviewImporter) -> (artifact id: 'f59ec41b2fe30b4f26502703e5e0d8b4') in 0.023563 seconds
Number of updated asset objects reloaded before import = 0Number of asset objects unloaded after import = 3

========================================================================
Received Import Request.
  Time since last request: 0.000018 seconds.
  path: Assets/Tilesets/Interior/TilesetRelief_74.asset
  artifactKey: Guid(40c58304dc3b92a4896862f12497e0b1) Importer(815301076,1909f56bfc062723c751e8b465ee728b)
Start importing Assets/Tilesets/Interior/TilesetRelief_74.asset using Guid(40c58304dc3b92a4896862f12497e0b1) Importer(815301076,1909f56bfc062723c751e8b465ee728b) (PreviewImporter) -> (artifact id: '22fa1acec675da031a5d2ecb1810a4f2') in 0.0337178 seconds
Number of updated asset objects reloaded before import = 0Number of asset objects unloaded after import = 3

========================================================================
Received Import Request.
  Time since last request: 0.000031 seconds.
  path: Assets/Tilesets/Interior/TilesetRelief_55.asset
  artifactKey: Guid(d042ecd9c32a185448c7bd83656b2bda) Importer(815301076,1909f56bfc062723c751e8b465ee728b)
Start importing Assets/Tilesets/Interior/TilesetRelief_55.asset using Guid(d042ecd9c32a185448c7bd83656b2bda) Importer(815301076,1909f56bfc062723c751e8b465ee728b) (PreviewImporter) -> (artifact id: '5f1b88a6614ca4fa49947998560b441f') in 0.024831 seconds
Number of updated asset objects reloaded before import = 0Number of asset objects unloaded after import = 3

========================================================================
Received Import Request.
  Time since last request: 0.000054 seconds.
  path: Assets/Tilesets/Interior/TilesetRelief_75.asset
  artifactKey: Guid(5d1097840de28a142aa2c6db5add3e27) Importer(815301076,1909f56bfc062723c751e8b465ee728b)
Start importing Assets/Tilesets/Interior/TilesetRelief_75.asset using Guid(5d1097840de28a142aa2c6db5add3e27) Importer(815301076,1909f56bfc062723c751e8b465ee728b) (PreviewImporter) -> (artifact id: 'f4a7f0dda837b4bdbe86da704cdfc7e8') in 0.0142579 seconds
Number of updated asset objects reloaded before import = 0Number of asset objects unloaded after import = 3

========================================================================
Received Import Request.
  Time since last request: 0.000031 seconds.
  path: Assets/Tilesets/Interior/TilesetRelief_71.asset
  artifactKey: Guid(74dce1c1dede00842a15cbedd4714c3b) Importer(815301076,1909f56bfc062723c751e8b465ee728b)
Start importing Assets/Tilesets/Interior/TilesetRelief_71.asset using Guid(74dce1c1dede00842a15cbedd4714c3b) Importer(815301076,1909f56bfc062723c751e8b465ee728b) (PreviewImporter) -> (artifact id: 'cd2f2a860b140564f8deef15c995067b') in 0.0133258 seconds
Number of updated asset objects reloaded before import = 0Number of asset objects unloaded after import = 3

========================================================================
Received Import Request.
  Time since last request: 0.905140 seconds.
  path: Assets/Tilesets/Box/forest__2.asset
  artifactKey: Guid(95e7bbe8f70874b499fd8e6221d95169) Importer(815301076,1909f56bfc062723c751e8b465ee728b)
Start importing Assets/Tilesets/Box/forest__2.asset using Guid(95e7bbe8f70874b499fd8e6221d95169) Importer(815301076,1909f56bfc062723c751e8b465ee728b) (PreviewImporter) -> (artifact id: 'e3676f34f19a35e7d19fd76738dd7795') in 0.0115837 seconds
Number of updated asset objects reloaded before import = 0Number of asset objects unloaded after import = 3

========================================================================
Received Import Request.
  Time since last request: 0.000019 seconds.
  path: Assets/Tilesets/Box/forest__4.asset
  artifactKey: Guid(5a5a4ae628b558d469924a8e8a7324e4) Importer(815301076,1909f56bfc062723c751e8b465ee728b)
Start importing Assets/Tilesets/Box/forest__4.asset using Guid(5a5a4ae628b558d469924a8e8a7324e4) Importer(815301076,1909f56bfc062723c751e8b465ee728b) (PreviewImporter) -> (artifact id: '34a7d912e3c7c3d3505a29dce6166a83') in 0.0117598 seconds
Number of updated asset objects reloaded before import = 0Number of asset objects unloaded after import = 3

========================================================================
Received Import Request.
  Time since last request: 0.000022 seconds.
  path: Assets/Tilesets/Box/forest__10.asset
  artifactKey: Guid(150f7eaaa5a96fb40aa02b31136fd9f0) Importer(815301076,1909f56bfc062723c751e8b465ee728b)
Start importing Assets/Tilesets/Box/forest__10.asset using Guid(150f7eaaa5a96fb40aa02b31136fd9f0) Importer(815301076,1909f56bfc062723c751e8b465ee728b) (PreviewImporter) -> (artifact id: '7cc8ba5d1a20e43d03d6f34d4d388331') in 0.0144753 seconds
Number of updated asset objects reloaded before import = 0Number of asset objects unloaded after import = 3

========================================================================
Received Import Request.
  Time since last request: 0.000030 seconds.
  path: Assets/Tilesets/Box/forest__21.asset
  artifactKey: Guid(1177feba07f834547aeb26a6a5c5ea1d) Importer(815301076,1909f56bfc062723c751e8b465ee728b)
Start importing Assets/Tilesets/Box/forest__21.asset using Guid(1177feba07f834547aeb26a6a5c5ea1d) Importer(815301076,1909f56bfc062723c751e8b465ee728b) (PreviewImporter) -> (artifact id: '720bee3383978de836d01fda34fefb03') in 0.0156206 seconds
Number of updated asset objects reloaded before import = 0Number of asset objects unloaded after import = 3

========================================================================
Received Import Request.
  Time since last request: 0.000022 seconds.
  path: Assets/Tilesets/Box/forest__27.asset
  artifactKey: Guid(6546bef889cbcb64d90f48a8940c9955) Importer(815301076,1909f56bfc062723c751e8b465ee728b)
Start importing Assets/Tilesets/Box/forest__27.asset using Guid(6546bef889cbcb64d90f48a8940c9955) Importer(815301076,1909f56bfc062723c751e8b465ee728b) (PreviewImporter) -> (artifact id: '6918b695828b1f051d5bd84a8ede662d') in 0.0142655 seconds
Number of updated asset objects reloaded before import = 0Number of asset objects unloaded after import = 3

========================================================================
Received Import Request.
  Time since last request: 0.000022 seconds.
  path: Assets/Tilesets/Box/forest__34.asset
  artifactKey: Guid(6c66711144480644d986a5e0ce6eef0d) Importer(815301076,1909f56bfc062723c751e8b465ee728b)
Start importing Assets/Tilesets/Box/forest__34.asset using Guid(6c66711144480644d986a5e0ce6eef0d) Importer(815301076,1909f56bfc062723c751e8b465ee728b) (PreviewImporter) -> (artifact id: '9b1d6e595f123871ecfec5f9e3c34254') in 0.0119827 seconds
Number of updated asset objects reloaded before import = 0Number of asset objects unloaded after import = 3

========================================================================
Received Import Request.
  Time since last request: 0.000045 seconds.
  path: Assets/Tilesets/Box/forest__7.asset
  artifactKey: Guid(66db414db76afb64a894b982db9bdc18) Importer(815301076,1909f56bfc062723c751e8b465ee728b)
Start importing Assets/Tilesets/Box/forest__7.asset using Guid(66db414db76afb64a894b982db9bdc18) Importer(815301076,1909f56bfc062723c751e8b465ee728b) (PreviewImporter) -> (artifact id: '10c7788e30c6c29af85ef7cffde8fcd4') in 0.011986 seconds
Number of updated asset objects reloaded before import = 0Number of asset objects unloaded after import = 3

========================================================================
Received Import Request.
  Time since last request: 0.000020 seconds.
  path: Assets/Tilesets/Box/forest__8.asset
  artifactKey: Guid(dd70fabdcdf51cf49827883881bcb706) Importer(815301076,1909f56bfc062723c751e8b465ee728b)
Start importing Assets/Tilesets/Box/forest__8.asset using Guid(dd70fabdcdf51cf49827883881bcb706) Importer(815301076,1909f56bfc062723c751e8b465ee728b) (PreviewImporter) -> (artifact id: '64f1abb27f29288b87a5102bc356f561') in 0.0127602 seconds
Number of updated asset objects reloaded before import = 0Number of asset objects unloaded after import = 3

========================================================================
Received Import Request.
  Time since last request: 0.000024 seconds.
  path: Assets/Tilesets/Box/forest__19.asset
  artifactKey: Guid(55efe36706fdd734a9ccc185c9abdf01) Importer(815301076,1909f56bfc062723c751e8b465ee728b)
Start importing Assets/Tilesets/Box/forest__19.asset using Guid(55efe36706fdd734a9ccc185c9abdf01) Importer(815301076,1909f56bfc062723c751e8b465ee728b) (PreviewImporter) -> (artifact id: 'fe45376409ca2822ae2f19499201ce9b') in 0.0129501 seconds
Number of updated asset objects reloaded before import = 0Number of asset objects unloaded after import = 3

========================================================================
Received Import Request.
  Time since last request: 0.000034 seconds.
  path: Assets/Tilesets/Box/forest__25.asset
  artifactKey: Guid(7032950ef5ba5b54486da7bf52e1403f) Importer(815301076,1909f56bfc062723c751e8b465ee728b)
Start importing Assets/Tilesets/Box/forest__25.asset using Guid(7032950ef5ba5b54486da7bf52e1403f) Importer(815301076,1909f56bfc062723c751e8b465ee728b) (PreviewImporter) -> (artifact id: '2ee1dbb53bc1f3b0b64281c0419170ec') in 0.0148052 seconds
Number of updated asset objects reloaded before import = 0Number of asset objects unloaded after import = 3

========================================================================
Received Import Request.
  Time since last request: 0.000021 seconds.
  path: Assets/Tilesets/Box/forest__32.asset
  artifactKey: Guid(899b66b7587650f41935f01664d6271c) Importer(815301076,1909f56bfc062723c751e8b465ee728b)
Start importing Assets/Tilesets/Box/forest__32.asset using Guid(899b66b7587650f41935f01664d6271c) Importer(815301076,1909f56bfc062723c751e8b465ee728b) (PreviewImporter) -> (artifact id: 'fbb6f096f0400ec740c2adc37895b27d') in 0.0144673 seconds
Number of updated asset objects reloaded before import = 0Number of asset objects unloaded after import = 3

========================================================================
Received Import Request.
  Time since last request: 130.951629 seconds.
  path: Assets/BoxViews/Mat_Sub4.mat
  artifactKey: Guid(e9967120dd52a0840a8326ab036298e0) Importer(2089858483,b0f066a214c2f5e87bad3c948f4d605d)
Start importing Assets/BoxViews/Mat_Sub4.mat using Guid(e9967120dd52a0840a8326ab036298e0) Importer(2089858483,b0f066a214c2f5e87bad3c948f4d605d) (ScriptedImporter) -> (artifact id: '581d518a7c6ad9c998faea447e92a520') in 0.0158605 seconds
Number of updated asset objects reloaded before import = 0Number of asset objects unloaded after import = 2

========================================================================
Received Import Request.
  Time since last request: 0.000035 seconds.
  path: Assets/BoxViews/Subworld_View_2.renderTexture
  artifactKey: Guid(b602231cf63255342a5c7aab2b7560bd) Importer(2089858483,b0f066a214c2f5e87bad3c948f4d605d)
Start importing Assets/BoxViews/Subworld_View_2.renderTexture using Guid(b602231cf63255342a5c7aab2b7560bd) Importer(2089858483,b0f066a214c2f5e87bad3c948f4d605d) (ScriptedImporter) -> (artifact id: 'fef6994ed3993fdef88703b07b54f4ee') in 0.0165187 seconds
Number of updated asset objects reloaded before import = 0Number of asset objects unloaded after import = 1

========================================================================
Received Import Request.
  Time since last request: 0.000021 seconds.
  path: Assets/BoxViews/SubView4.renderTexture
  artifactKey: Guid(698ea20e91a36004eb067814116a1d29) Importer(2089858483,b0f066a214c2f5e87bad3c948f4d605d)
Start importing Assets/BoxViews/SubView4.renderTexture using Guid(698ea20e91a36004eb067814116a1d29) Importer(2089858483,b0f066a214c2f5e87bad3c948f4d605d) (ScriptedImporter) -> (artifact id: '5b075539ba22a336c1a8162dfbb60e1a') in 0.0147978 seconds
Number of updated asset objects reloaded before import = 0Number of asset objects unloaded after import = 1

========================================================================
Received Import Request.
  Time since last request: 0.000026 seconds.
  path: Assets/BoxViews/Mat_Subworld_2.mat
  artifactKey: Guid(5a48cfeffa56df54c9a27732b0a7caff) Importer(2089858483,b0f066a214c2f5e87bad3c948f4d605d)
Start importing Assets/BoxViews/Mat_Subworld_2.mat using Guid(5a48cfeffa56df54c9a27732b0a7caff) Importer(2089858483,b0f066a214c2f5e87bad3c948f4d605d) (ScriptedImporter) -> (artifact id: 'f3b6e123b04ed3d5a80cb7bfc084bd5c') in 0.012699 seconds
Number of updated asset objects reloaded before import = 0Number of asset objects unloaded after import = 2

========================================================================
Received Import Request.
  Time since last request: 0.000031 seconds.
  path: Assets/BoxViews/Mat_Subworld_1.mat
  artifactKey: Guid(92b7fce4ca398d3409132d75d58c126d) Importer(2089858483,b0f066a214c2f5e87bad3c948f4d605d)
Start importing Assets/BoxViews/Mat_Subworld_1.mat using Guid(92b7fce4ca398d3409132d75d58c126d) Importer(2089858483,b0f066a214c2f5e87bad3c948f4d605d) (ScriptedImporter) -> (artifact id: 'f3e8050549a7e427897221cab0e5ef29') in 0.0188062 seconds
Number of updated asset objects reloaded before import = 0Number of asset objects unloaded after import = 2

========================================================================
Received Import Request.
  Time since last request: 28.477345 seconds.
  path: Assets/SubworldBox/Subworld_View_1.renderTexture
  artifactKey: Guid(376da893640eefb468ab4723902fc84e) Importer(2089858483,b0f066a214c2f5e87bad3c948f4d605d)
Start importing Assets/SubworldBox/Subworld_View_1.renderTexture using Guid(376da893640eefb468ab4723902fc84e) Importer(2089858483,b0f066a214c2f5e87bad3c948f4d605d) (ScriptedImporter) -> (artifact id: '633171b091bdede48addaf5896fdcfdc') in 0.0121025 seconds
Number of updated asset objects reloaded before import = 0Number of asset objects unloaded after import = 1

========================================================================
Received Import Request.
  Time since last request: 0.000022 seconds.
  path: Assets/SubworldBox/Subworld_View_2.renderTexture
  artifactKey: Guid(b602231cf63255342a5c7aab2b7560bd) Importer(2089858483,b0f066a214c2f5e87bad3c948f4d605d)
Start importing Assets/SubworldBox/Subworld_View_2.renderTexture using Guid(b602231cf63255342a5c7aab2b7560bd) Importer(2089858483,b0f066a214c2f5e87bad3c948f4d605d) (ScriptedImporter) -> (artifact id: '269e3f191f1cfff3bafbe99cdb480e44') in 0.0130015 seconds
Number of updated asset objects reloaded before import = 0Number of asset objects unloaded after import = 1

========================================================================
Received Import Request.
  Time since last request: 0.000025 seconds.
  path: Assets/SubworldBox/Mat_Subworld_2.mat
  artifactKey: Guid(5a48cfeffa56df54c9a27732b0a7caff) Importer(2089858483,b0f066a214c2f5e87bad3c948f4d605d)
Start importing Assets/SubworldBox/Mat_Subworld_2.mat using Guid(5a48cfeffa56df54c9a27732b0a7caff) Importer(2089858483,b0f066a214c2f5e87bad3c948f4d605d) (ScriptedImporter) -> (artifact id: 'da4c5d81a7568f2db201df56ef46c980') in 0.0114812 seconds
Number of updated asset objects reloaded before import = 0Number of asset objects unloaded after import = 2

========================================================================
Received Import Request.
  Time since last request: 86.490616 seconds.
  path: Assets/Asset/Background/Foozle_2DS0015_Void_EnvironmentPack/Foozle_2DS0015_Void_EnvironmentPack/Effects
  artifactKey: Guid(41bff145d1ccc6948b70347090b0edd1) Importer(2089858483,b0f066a214c2f5e87bad3c948f4d605d)
Start importing Assets/Asset/Background/Foozle_2DS0015_Void_EnvironmentPack/Foozle_2DS0015_Void_EnvironmentPack/Effects using Guid(41bff145d1ccc6948b70347090b0edd1) Importer(2089858483,b0f066a214c2f5e87bad3c948f4d605d) (ScriptedImporter) -> (artifact id: '4730744ff126a58cf7dc2cde4fac0ad9') in 0.0129437 seconds
Number of updated asset objects reloaded before import = 0Number of asset objects unloaded after import = 1

========================================================================
Received Import Request.
  Time since last request: 0.000023 seconds.
  path: Assets/Asset/Background/Foozle_2DS0015_Void_EnvironmentPack/Foozle_2DS0015_Void_EnvironmentPack/Backgrounds/PNGs/Split up/Starry background - Layer X -Rotary Star 2.png
  artifactKey: Guid(32456616747be204fbff42d69429326b) Importer(2089858483,b0f066a214c2f5e87bad3c948f4d605d)
Start importing Assets/Asset/Background/Foozle_2DS0015_Void_EnvironmentPack/Foozle_2DS0015_Void_EnvironmentPack/Backgrounds/PNGs/Split up/Starry background - Layer X -Rotary Star 2.png using Guid(32456616747be204fbff42d69429326b) Importer(2089858483,b0f066a214c2f5e87bad3c948f4d605d) (ScriptedImporter) -> (artifact id: '4cd8227258fb9af599b293dab09cf10d') in 0.0231588 seconds
Number of updated asset objects reloaded before import = 0Number of asset objects unloaded after import = 11

========================================================================
Received Import Request.
  Time since last request: 0.000026 seconds.
  path: Assets/Asset/Background/Foozle_2DS0015_Void_EnvironmentPack/Foozle_2DS0015_Void_EnvironmentPack/Backgrounds/PNGs/Split up
  artifactKey: Guid(5d13903b6c681ee4f9bbc9fe920434c2) Importer(2089858483,b0f066a214c2f5e87bad3c948f4d605d)
Start importing Assets/Asset/Background/Foozle_2DS0015_Void_EnvironmentPack/Foozle_2DS0015_Void_EnvironmentPack/Backgrounds/PNGs/Split up using Guid(5d13903b6c681ee4f9bbc9fe920434c2) Importer(2089858483,b0f066a214c2f5e87bad3c948f4d605d) (ScriptedImporter) -> (artifact id: '6ce1094bdb617c805c19ab9f916375f4') in 0.0135791 seconds
Number of updated asset objects reloaded before import = 0Number of asset objects unloaded after import = 1

========================================================================
Received Import Request.
  Time since last request: 0.000021 seconds.
  path: Assets/Asset/Background/Foozle_2DS0015_Void_EnvironmentPack/Foozle_2DS0015_Void_EnvironmentPack/Backgrounds/PNGs/Condesed/Starry background  - Layer 03 - Stars.png
  artifactKey: Guid(c2f6085a5ec19924095368f51d046d21) Importer(2089858483,b0f066a214c2f5e87bad3c948f4d605d)
Start importing Assets/Asset/Background/Foozle_2DS0015_Void_EnvironmentPack/Foozle_2DS0015_Void_EnvironmentPack/Backgrounds/PNGs/Condesed/Starry background  - Layer 03 - Stars.png using Guid(c2f6085a5ec19924095368f51d046d21) Importer(2089858483,b0f066a214c2f5e87bad3c948f4d605d) (ScriptedImporter) -> (artifact id: 'abf92ebf25cbb5da92238aa4b3c84980') in 0.026316 seconds
Number of updated asset objects reloaded before import = 0Number of asset objects unloaded after import = 20

========================================================================
Received Import Request.
  Time since last request: 0.000027 seconds.
  path: Assets/Asset/Background/Foozle_2DS0015_Void_EnvironmentPack/Foozle_2DS0015_Void_EnvironmentPack/Asteroids/PNGs/Asteroid 01 - Base.png
  artifactKey: Guid(85a4a06cc19b2d548a3c6aedc17edc5f) Importer(2089858483,b0f066a214c2f5e87bad3c948f4d605d)
Start importing Assets/Asset/Background/Foozle_2DS0015_Void_EnvironmentPack/Foozle_2DS0015_Void_EnvironmentPack/Asteroids/PNGs/Asteroid 01 - Base.png using Guid(85a4a06cc19b2d548a3c6aedc17edc5f) Importer(2089858483,b0f066a214c2f5e87bad3c948f4d605d) (ScriptedImporter) -> (artifact id: '7d7dead484e77d9bbc8f2cad797e6eda') in 0.0174371 seconds
Number of updated asset objects reloaded before import = 0Number of asset objects unloaded after import = 3

========================================================================
Received Import Request.
  Time since last request: 0.000039 seconds.
  path: Assets/Asset/Background/Foozle_2DS0015_Void_EnvironmentPack/Foozle_2DS0015_Void_EnvironmentPack/Backgrounds/Aseprite/Starry background.aseprite
  artifactKey: Guid(eee717fffc070394daa2dba100568c29) Importer(2089858483,b0f066a214c2f5e87bad3c948f4d605d)
Start importing Assets/Asset/Background/Foozle_2DS0015_Void_EnvironmentPack/Foozle_2DS0015_Void_EnvironmentPack/Backgrounds/Aseprite/Starry background.aseprite using Guid(eee717fffc070394daa2dba100568c29) Importer(2089858483,b0f066a214c2f5e87bad3c948f4d605d) (ScriptedImporter) -> (artifact id: 'c72e20ced97eb4960b0c436f88dea0a1') in 0.0457344 seconds
Number of updated asset objects reloaded before import = 0Number of asset objects unloaded after import = 20

========================================================================
Received Import Request.
  Time since last request: 0.000062 seconds.
  path: Assets/Asset/Background/Foozle_2DS0015_Void_EnvironmentPack
  artifactKey: Guid(02ceb83825a64bf44979d9312c9692a7) Importer(2089858483,b0f066a214c2f5e87bad3c948f4d605d)
Start importing Assets/Asset/Background/Foozle_2DS0015_Void_EnvironmentPack using Guid(02ceb83825a64bf44979d9312c9692a7) Importer(2089858483,b0f066a214c2f5e87bad3c948f4d605d) (ScriptedImporter) -> (artifact id: '174c2d33d4a2cea539705fe5e616bda3') in 0.0127803 seconds
Number of updated asset objects reloaded before import = 0Number of asset objects unloaded after import = 1

========================================================================
Received Import Request.
  Time since last request: 0.000035 seconds.
  path: Assets/Asset/Background/Foozle_2DS0015_Void_EnvironmentPack/Foozle_2DS0015_Void_EnvironmentPack/Backgrounds/PNGs/Condesed
  artifactKey: Guid(dfbe3bce57d978245a35df3f5917118b) Importer(2089858483,b0f066a214c2f5e87bad3c948f4d605d)
Start importing Assets/Asset/Background/Foozle_2DS0015_Void_EnvironmentPack/Foozle_2DS0015_Void_EnvironmentPack/Backgrounds/PNGs/Condesed using Guid(dfbe3bce57d978245a35df3f5917118b) Importer(2089858483,b0f066a214c2f5e87bad3c948f4d605d) (ScriptedImporter) -> (artifact id: 'd21ed0d37bf83690769dfccb3f2857c6') in 0.0117257 seconds
Number of updated asset objects reloaded before import = 0Number of asset objects unloaded after import = 1

========================================================================
Received Import Request.
  Time since last request: 0.000020 seconds.
  path: Assets/Asset/Background/Foozle_2DS0015_Void_EnvironmentPack/Foozle_2DS0015_Void_EnvironmentPack/Planets/PNGs/Earth-Like planet - Without back glow.png
  artifactKey: Guid(dbe652f7c676d594c9de9b5dd06ab758) Importer(2089858483,b0f066a214c2f5e87bad3c948f4d605d)
Start importing Assets/Asset/Background/Foozle_2DS0015_Void_EnvironmentPack/Foozle_2DS0015_Void_EnvironmentPack/Planets/PNGs/Earth-Like planet - Without back glow.png using Guid(dbe652f7c676d594c9de9b5dd06ab758) Importer(2089858483,b0f066a214c2f5e87bad3c948f4d605d) (ScriptedImporter) -> (artifact id: '237fe8e59cf2bcdfbd73932cf1bcd9cc') in 0.0627879 seconds
Number of updated asset objects reloaded before import = 0Number of asset objects unloaded after import = 79

========================================================================
Received Import Request.
  Time since last request: 0.000024 seconds.
  path: Assets/Asset/Background/Foozle_2DS0015_Void_EnvironmentPack/Foozle_2DS0015_Void_EnvironmentPack/Backgrounds/PNGs/Split up/Starry background  - Layer 03 - Stars.png
  artifactKey: Guid(43484bbac36b58745bdd1b2fcdabde0c) Importer(2089858483,b0f066a214c2f5e87bad3c948f4d605d)
Start importing Assets/Asset/Background/Foozle_2DS0015_Void_EnvironmentPack/Foozle_2DS0015_Void_EnvironmentPack/Backgrounds/PNGs/Split up/Starry background  - Layer 03 - Stars.png using Guid(43484bbac36b58745bdd1b2fcdabde0c) Importer(2089858483,b0f066a214c2f5e87bad3c948f4d605d) (ScriptedImporter) -> (artifact id: '4d4e46979b241b48c45d60b248e3d38d') in 0.0212275 seconds
Number of updated asset objects reloaded before import = 0Number of asset objects unloaded after import = 3

========================================================================
Received Import Request.
  Time since last request: 0.000046 seconds.
  path: Assets/Asset/Background/Foozle_2DS0015_Void_EnvironmentPack/Foozle_2DS0015_Void_EnvironmentPack/Backgrounds/Aseprite
  artifactKey: Guid(5ee4c739bd4288b4ca522e86d05d6284) Importer(2089858483,b0f066a214c2f5e87bad3c948f4d605d)
Start importing Assets/Asset/Background/Foozle_2DS0015_Void_EnvironmentPack/Foozle_2DS0015_Void_EnvironmentPack/Backgrounds/Aseprite using Guid(5ee4c739bd4288b4ca522e86d05d6284) Importer(2089858483,b0f066a214c2f5e87bad3c948f4d605d) (ScriptedImporter) -> (artifact id: '1140649fd1317b3744cdeff3fe52f736') in 0.0118889 seconds
Number of updated asset objects reloaded before import = 0Number of asset objects unloaded after import = 1

========================================================================
Received Import Request.
  Time since last request: 0.000025 seconds.
  path: Assets/Asset/Background/Foozle_2DS0015_Void_EnvironmentPack/Foozle_2DS0015_Void_EnvironmentPack/Backgrounds/PNGs/Split up/Starry background - Layer X - Big Star 2.png
  artifactKey: Guid(068551bbdc96d7041b27cde0bbf4b611) Importer(2089858483,b0f066a214c2f5e87bad3c948f4d605d)
Start importing Assets/Asset/Background/Foozle_2DS0015_Void_EnvironmentPack/Foozle_2DS0015_Void_EnvironmentPack/Backgrounds/PNGs/Split up/Starry background - Layer X - Big Star 2.png using Guid(068551bbdc96d7041b27cde0bbf4b611) Importer(2089858483,b0f066a214c2f5e87bad3c948f4d605d) (ScriptedImporter) -> (artifact id: '4f0cc4b8a890ed611e7af42cd2e342e0') in 0.0277994 seconds
Number of updated asset objects reloaded before import = 0Number of asset objects unloaded after import = 11

========================================================================
Received Import Request.
  Time since last request: 0.000021 seconds.
  path: Assets/Asset/Background/Foozle_2DS0015_Void_EnvironmentPack/Foozle_2DS0015_Void_EnvironmentPack/Planets
  artifactKey: Guid(c95ce2bfe61857a46b7380f6f8a865fc) Importer(2089858483,b0f066a214c2f5e87bad3c948f4d605d)
Start importing Assets/Asset/Background/Foozle_2DS0015_Void_EnvironmentPack/Foozle_2DS0015_Void_EnvironmentPack/Planets using Guid(c95ce2bfe61857a46b7380f6f8a865fc) Importer(2089858483,b0f066a214c2f5e87bad3c948f4d605d) (ScriptedImporter) -> (artifact id: '858a158d9ede07d97ccea3afef609772') in 0.0115149 seconds
Number of updated asset objects reloaded before import = 0Number of asset objects unloaded after import = 1

========================================================================
Received Import Request.
  Time since last request: 0.000020 seconds.
  path: Assets/Asset/Background/Foozle_2DS0015_Void_EnvironmentPack/Foozle_2DS0015_Void_EnvironmentPack/Planets/Aseprite
  artifactKey: Guid(ea765a7c4bb890a4fa9bb45700e6cbbc) Importer(2089858483,b0f066a214c2f5e87bad3c948f4d605d)
Start importing Assets/Asset/Background/Foozle_2DS0015_Void_EnvironmentPack/Foozle_2DS0015_Void_EnvironmentPack/Planets/Aseprite using Guid(ea765a7c4bb890a4fa9bb45700e6cbbc) Importer(2089858483,b0f066a214c2f5e87bad3c948f4d605d) (ScriptedImporter) -> (artifact id: 'd757eb33f4260a945494e87b122f1a86') in 0.011242 seconds
Number of updated asset objects reloaded before import = 0Number of asset objects unloaded after import = 1

========================================================================
Received Import Request.
  Time since last request: 0.000031 seconds.
  path: Assets/Asset/Background/Foozle_2DS0015_Void_EnvironmentPack/Foozle_2DS0015_Void_EnvironmentPack/Planets/Aseprite/Earth-Like planet.aseprite
  artifactKey: Guid(29952356c52719c469024647e4c06ddb) Importer(2089858483,b0f066a214c2f5e87bad3c948f4d605d)
Start importing Assets/Asset/Background/Foozle_2DS0015_Void_EnvironmentPack/Foozle_2DS0015_Void_EnvironmentPack/Planets/Aseprite/Earth-Like planet.aseprite using Guid(29952356c52719c469024647e4c06ddb) Importer(2089858483,b0f066a214c2f5e87bad3c948f4d605d) (ScriptedImporter) -> (artifact id: 'fc48c2fc10bffae40a08e5c3cd988308') in 0.0739231 seconds
Number of updated asset objects reloaded before import = 0Number of asset objects unloaded after import = 88

========================================================================
Received Import Request.
  Time since last request: 0.000041 seconds.
  path: Assets/Asset/Background/Foozle_2DS0015_Void_EnvironmentPack/Foozle_2DS0015_Void_EnvironmentPack/Backgrounds/PNGs/Split up/Starry background  - Layer 01 - Solid colour.png
  artifactKey: Guid(e2ce8e98a6b4e4643bc323372ac2b94f) Importer(2089858483,b0f066a214c2f5e87bad3c948f4d605d)
Start importing Assets/Asset/Background/Foozle_2DS0015_Void_EnvironmentPack/Foozle_2DS0015_Void_EnvironmentPack/Backgrounds/PNGs/Split up/Starry background  - Layer 01 - Solid colour.png using Guid(e2ce8e98a6b4e4643bc323372ac2b94f) Importer(2089858483,b0f066a214c2f5e87bad3c948f4d605d) (ScriptedImporter) -> (artifact id: '103a0ab2dd78bc33c91e340eda16702d') in 0.0216903 seconds
Number of updated asset objects reloaded before import = 0Number of asset objects unloaded after import = 3

========================================================================
Received Import Request.
  Time since last request: 0.000021 seconds.
  path: Assets/Asset/Background/Foozle_2DS0015_Void_EnvironmentPack/Foozle_2DS0015_Void_EnvironmentPack/Backgrounds
  artifactKey: Guid(8cacdaaf0cb5a324b9bf0fbdc19f1c6e) Importer(2089858483,b0f066a214c2f5e87bad3c948f4d605d)
Start importing Assets/Asset/Background/Foozle_2DS0015_Void_EnvironmentPack/Foozle_2DS0015_Void_EnvironmentPack/Backgrounds using Guid(8cacdaaf0cb5a324b9bf0fbdc19f1c6e) Importer(2089858483,b0f066a214c2f5e87bad3c948f4d605d) (ScriptedImporter) -> (artifact id: '62c2b1b3d025b54fb96b4b213fc82c3c') in 0.0131318 seconds
Number of updated asset objects reloaded before import = 0Number of asset objects unloaded after import = 1

========================================================================
Received Import Request.
  Time since last request: 0.000027 seconds.
  path: Assets/Asset/Background/Foozle_2DS0015_Void_EnvironmentPack/Foozle_2DS0015_Void_EnvironmentPack/Backgrounds/PNGs/Condesed/Starry background  - Layer 01 - Void.png
  artifactKey: Guid(bf98b5dbf8258ba4fa5e5903191cccad) Importer(2089858483,b0f066a214c2f5e87bad3c948f4d605d)
Start importing Assets/Asset/Background/Foozle_2DS0015_Void_EnvironmentPack/Foozle_2DS0015_Void_EnvironmentPack/Backgrounds/PNGs/Condesed/Starry background  - Layer 01 - Void.png using Guid(bf98b5dbf8258ba4fa5e5903191cccad) Importer(2089858483,b0f066a214c2f5e87bad3c948f4d605d) (ScriptedImporter) -> (artifact id: '0d2814d3e0bb5ef9c9f118e6e83733be') in 0.0162717 seconds
Number of updated asset objects reloaded before import = 0Number of asset objects unloaded after import = 3

========================================================================
Received Import Request.
  Time since last request: 0.000021 seconds.
  path: Assets/Asset/Background/Foozle_2DS0015_Void_EnvironmentPack/Foozle_2DS0015_Void_EnvironmentPack/Planets/PNGs/Earth-Like planet.png
  artifactKey: Guid(4b6592c9b657c2d4faa72aa5e4c7a22f) Importer(2089858483,b0f066a214c2f5e87bad3c948f4d605d)
Start importing Assets/Asset/Background/Foozle_2DS0015_Void_EnvironmentPack/Foozle_2DS0015_Void_EnvironmentPack/Planets/PNGs/Earth-Like planet.png using Guid(4b6592c9b657c2d4faa72aa5e4c7a22f) Importer(2089858483,b0f066a214c2f5e87bad3c948f4d605d) (ScriptedImporter) -> (artifact id: 'e93094e21816c3b00897ca9657f7815d') in 0.0639093 seconds
Number of updated asset objects reloaded before import = 0Number of asset objects unloaded after import = 79

========================================================================
Received Import Request.
  Time since last request: 0.000023 seconds.
  path: Assets/Asset/Background/Foozle_2DS0015_Void_EnvironmentPack/Foozle_2DS0015_Void_EnvironmentPack/Effects/PNGs
  artifactKey: Guid(c925e4787c015ef4283c9d901c2c6c43) Importer(2089858483,b0f066a214c2f5e87bad3c948f4d605d)
Start importing Assets/Asset/Background/Foozle_2DS0015_Void_EnvironmentPack/Foozle_2DS0015_Void_EnvironmentPack/Effects/PNGs using Guid(c925e4787c015ef4283c9d901c2c6c43) Importer(2089858483,b0f066a214c2f5e87bad3c948f4d605d) (ScriptedImporter) -> (artifact id: '95a51b850a74f497394e2eda1472db8e') in 0.0125999 seconds
Number of updated asset objects reloaded before import = 0Number of asset objects unloaded after import = 1

========================================================================
Received Import Request.
  Time since last request: 0.000037 seconds.
  path: Assets/Asset/Background/Foozle_2DS0015_Void_EnvironmentPack/Foozle_2DS0015_Void_EnvironmentPack/Backgrounds/PNGs/Split up/Starry background - Layer X -Rotary Star.png
  artifactKey: Guid(0e22f58c96402044d91ccf071b644144) Importer(2089858483,b0f066a214c2f5e87bad3c948f4d605d)
Start importing Assets/Asset/Background/Foozle_2DS0015_Void_EnvironmentPack/Foozle_2DS0015_Void_EnvironmentPack/Backgrounds/PNGs/Split up/Starry background - Layer X -Rotary Star.png using Guid(0e22f58c96402044d91ccf071b644144) Importer(2089858483,b0f066a214c2f5e87bad3c948f4d605d) (ScriptedImporter) -> (artifact id: '63aaf82c5caacb6771d4ed1732b09c84') in 0.05034 seconds
Number of updated asset objects reloaded before import = 0Number of asset objects unloaded after import = 47

========================================================================
Received Import Request.
  Time since last request: 8.744408 seconds.
  path: Assets/Asset/Tileset/fantasy_ [version 2.0]/taiga_
  artifactKey: Guid(ab8b773fa432e03498e19ded31d4f36d) Importer(2089858483,b0f066a214c2f5e87bad3c948f4d605d)
Start importing Assets/Asset/Tileset/fantasy_ [version 2.0]/taiga_ using Guid(ab8b773fa432e03498e19ded31d4f36d) Importer(2089858483,b0f066a214c2f5e87bad3c948f4d605d) (ScriptedImporter) -> (artifact id: '9e9e1d023b1e9d50e00add0733dea679') in 0.0114444 seconds
Number of updated asset objects reloaded before import = 0Number of asset objects unloaded after import = 1

========================================================================
Received Import Request.
  Time since last request: 0.000017 seconds.
  path: Assets/Asset/Tileset/fantasy_ [version 2.0]/desert_
  artifactKey: Guid(633c5920245c20047b8b1c3626b4c1a8) Importer(2089858483,b0f066a214c2f5e87bad3c948f4d605d)
Start importing Assets/Asset/Tileset/fantasy_ [version 2.0]/desert_ using Guid(633c5920245c20047b8b1c3626b4c1a8) Importer(2089858483,b0f066a214c2f5e87bad3c948f4d605d) (ScriptedImporter) -> (artifact id: '336e562ac51fd87a4e7e07a260b14b82') in 0.0124171 seconds
Number of updated asset objects reloaded before import = 0Number of asset objects unloaded after import = 1

========================================================================
Received Import Request.
  Time since last request: 0.000018 seconds.
  path: Assets/Asset/Tileset/fantasy_ [version 2.0]/forest_/Box/forest_ [fencesAndWalls]_16.asset
  artifactKey: Guid(ce6a01036cbbebb4fae3a5b084fabc02) Importer(2089858483,b0f066a214c2f5e87bad3c948f4d605d)
Start importing Assets/Asset/Tileset/fantasy_ [version 2.0]/forest_/Box/forest_ [fencesAndWalls]_16.asset using Guid(ce6a01036cbbebb4fae3a5b084fabc02) Importer(2089858483,b0f066a214c2f5e87bad3c948f4d605d) (ScriptedImporter) -> (artifact id: '617e0b2cd8b5320bd139ed02a3017a87') in 0.014047 seconds
Number of updated asset objects reloaded before import = 0Number of asset objects unloaded after import = 2

========================================================================
Received Import Request.
  Time since last request: 0.000022 seconds.
  path: Assets/Asset/Tileset/fantasy_ [version 2.0]/forest_/Floor/forest__76.asset
  artifactKey: Guid(9ea5ab50250db5148b4b35c4c2f47132) Importer(2089858483,b0f066a214c2f5e87bad3c948f4d605d)
Start importing Assets/Asset/Tileset/fantasy_ [version 2.0]/forest_/Floor/forest__76.asset using Guid(9ea5ab50250db5148b4b35c4c2f47132) Importer(2089858483,b0f066a214c2f5e87bad3c948f4d605d) (ScriptedImporter) -> (artifact id: '231e8251d48ef4f4cab82d744713e985') in 0.0123136 seconds
Number of updated asset objects reloaded before import = 0Number of asset objects unloaded after import = 2

========================================================================
Received Import Request.
  Time since last request: 0.000017 seconds.
  path: Assets/Asset/Tileset/fantasy_ [version 2.0]/tundra_/tundra_ [ice].png
  artifactKey: Guid(8cca9080419f163448e31e34bb1075fd) Importer(2089858483,b0f066a214c2f5e87bad3c948f4d605d)
Start importing Assets/Asset/Tileset/fantasy_ [version 2.0]/tundra_/tundra_ [ice].png using Guid(8cca9080419f163448e31e34bb1075fd) Importer(2089858483,b0f066a214c2f5e87bad3c948f4d605d) (ScriptedImporter) -> (artifact id: 'ef84a37cd4a837cd80a267404c332f46') in 0.0159486 seconds
Number of updated asset objects reloaded before import = 0Number of asset objects unloaded after import = 3

========================================================================
Received Import Request.
  Time since last request: 0.000028 seconds.
  path: Assets/Asset/Tileset/fantasy_ [version 2.0]/forest_/Box/forest_ [fencesAndWalls]_12.asset
  artifactKey: Guid(c7c35f726e58c7a469e8bc67d94f15b6) Importer(2089858483,b0f066a214c2f5e87bad3c948f4d605d)
Start importing Assets/Asset/Tileset/fantasy_ [version 2.0]/forest_/Box/forest_ [fencesAndWalls]_12.asset using Guid(c7c35f726e58c7a469e8bc67d94f15b6) Importer(2089858483,b0f066a214c2f5e87bad3c948f4d605d) (ScriptedImporter) -> (artifact id: 'f02a73b1b1750468276508a74e07f0a3') in 0.0113234 seconds
Number of updated asset objects reloaded before import = 0Number of asset objects unloaded after import = 2

========================================================================
Received Import Request.
  Time since last request: 0.000030 seconds.
  path: Assets/Asset/Tileset/fantasy_ [version 2.0]/desert_/Floor/desert__24.asset
  artifactKey: Guid(9b80d80064aa8494085d268e6fb90903) Importer(2089858483,b0f066a214c2f5e87bad3c948f4d605d)
Start importing Assets/Asset/Tileset/fantasy_ [version 2.0]/desert_/Floor/desert__24.asset using Guid(9b80d80064aa8494085d268e6fb90903) Importer(2089858483,b0f066a214c2f5e87bad3c948f4d605d) (ScriptedImporter) -> (artifact id: '8d8a084b6825866d88903fe095688971') in 0.0113954 seconds
Number of updated asset objects reloaded before import = 0Number of asset objects unloaded after import = 2

========================================================================
Received Import Request.
  Time since last request: 0.000017 seconds.
  path: Assets/Asset/Tileset/fantasy_ [version 2.0]/forest_/Floor/forest__107.asset
  artifactKey: Guid(7dc0dbb107e36614591b6bf868eee020) Importer(2089858483,b0f066a214c2f5e87bad3c948f4d605d)
Start importing Assets/Asset/Tileset/fantasy_ [version 2.0]/forest_/Floor/forest__107.asset using Guid(7dc0dbb107e36614591b6bf868eee020) Importer(2089858483,b0f066a214c2f5e87bad3c948f4d605d) (ScriptedImporter) -> (artifact id: '500dd80ed795181e9a6e56accae9cb75') in 0.014764 seconds
Number of updated asset objects reloaded before import = 0Number of asset objects unloaded after import = 2

========================================================================
Received Import Request.
  Time since last request: 0.000020 seconds.
  path: Assets/Asset/Tileset/fantasy_ [version 2.0]/desert_/Floor/desert__99.asset
  artifactKey: Guid(68c97c016dca2ab4488dd1708ef7322f) Importer(2089858483,b0f066a214c2f5e87bad3c948f4d605d)
Start importing Assets/Asset/Tileset/fantasy_ [version 2.0]/desert_/Floor/desert__99.asset using Guid(68c97c016dca2ab4488dd1708ef7322f) Importer(2089858483,b0f066a214c2f5e87bad3c948f4d605d) (ScriptedImporter) -> (artifact id: 'bc5f620d3d1e92436dda82cfa9fca46e') in 0.0115702 seconds
Number of updated asset objects reloaded before import = 0Number of asset objects unloaded after import = 2

========================================================================
Received Import Request.
  Time since last request: 0.000022 seconds.
  path: Assets/Asset/Tileset/fantasy_ [version 2.0]/forest_/forest_.png
  artifactKey: Guid(d2f6642143443944384ce9728e59eea4) Importer(2089858483,b0f066a214c2f5e87bad3c948f4d605d)
Start importing Assets/Asset/Tileset/fantasy_ [version 2.0]/forest_/forest_.png using Guid(d2f6642143443944384ce9728e59eea4) Importer(2089858483,b0f066a214c2f5e87bad3c948f4d605d) (ScriptedImporter) -> (artifact id: '33dc1caa686232044c389cff581f5d1d') in 0.0739896 seconds
Number of updated asset objects reloaded before import = 0Number of asset objects unloaded after import = 117

========================================================================
Received Import Request.
  Time since last request: 0.000024 seconds.
  path: Assets/Asset/Tileset/fantasy_ [version 2.0]/forest_/Box/forest_ [fencesAndWalls]_9.asset
  artifactKey: Guid(f91dc0f0767a8a94cb06b8d410b27a57) Importer(2089858483,b0f066a214c2f5e87bad3c948f4d605d)
Start importing Assets/Asset/Tileset/fantasy_ [version 2.0]/forest_/Box/forest_ [fencesAndWalls]_9.asset using Guid(f91dc0f0767a8a94cb06b8d410b27a57) Importer(2089858483,b0f066a214c2f5e87bad3c948f4d605d) (ScriptedImporter) -> (artifact id: 'd7ee5827846ac875f84f5edced82b1dc') in 0.0129342 seconds
Number of updated asset objects reloaded before import = 0Number of asset objects unloaded after import = 2

========================================================================
Received Import Request.
  Time since last request: 0.000028 seconds.
  path: Assets/Asset/Tileset/fantasy_ [version 2.0]/forest_/Box
  artifactKey: Guid(f9b7d94af1bd11843b45bc91b74ea8db) Importer(2089858483,b0f066a214c2f5e87bad3c948f4d605d)
Start importing Assets/Asset/Tileset/fantasy_ [version 2.0]/forest_/Box using Guid(f9b7d94af1bd11843b45bc91b74ea8db) Importer(2089858483,b0f066a214c2f5e87bad3c948f4d605d) (ScriptedImporter) -> (artifact id: 'c93059b8721d121e72689ff1bdd64252') in 0.0110741 seconds
Number of updated asset objects reloaded before import = 0Number of asset objects unloaded after import = 1

========================================================================
Received Import Request.
  Time since last request: 0.000021 seconds.
  path: Assets/Asset/Tileset/fantasy_ [version 2.0]/forest_/Box/forest_ [fencesAndWalls]_24.asset
  artifactKey: Guid(a7214675eabf5e241844bc93361cc1e5) Importer(2089858483,b0f066a214c2f5e87bad3c948f4d605d)
Start importing Assets/Asset/Tileset/fantasy_ [version 2.0]/forest_/Box/forest_ [fencesAndWalls]_24.asset using Guid(a7214675eabf5e241844bc93361cc1e5) Importer(2089858483,b0f066a214c2f5e87bad3c948f4d605d) (ScriptedImporter) -> (artifact id: 'b88a179ed64034f97c60aea6c968b25d') in 0.014304 seconds
Number of updated asset objects reloaded before import = 0Number of asset objects unloaded after import = 2

========================================================================
Received Import Request.
  Time since last request: 0.000020 seconds.
  path: Assets/Asset/Tileset/fantasy_ [version 2.0]/forest_/Box/forest_ [fencesAndWalls]_3.asset
  artifactKey: Guid(71b7135452ff0b44e9a039f2d2faabc5) Importer(2089858483,b0f066a214c2f5e87bad3c948f4d605d)
Start importing Assets/Asset/Tileset/fantasy_ [version 2.0]/forest_/Box/forest_ [fencesAndWalls]_3.asset using Guid(71b7135452ff0b44e9a039f2d2faabc5) Importer(2089858483,b0f066a214c2f5e87bad3c948f4d605d) (ScriptedImporter) -> (artifact id: '697e0c54a73ef6b52c879832a8b85890') in 0.0123789 seconds
Number of updated asset objects reloaded before import = 0Number of asset objects unloaded after import = 2

========================================================================
Received Import Request.
  Time since last request: 0.000020 seconds.
  path: Assets/Asset/Tileset/fantasy_ [version 2.0]/desert_/Floor/desert__42.asset
  artifactKey: Guid(4ff337f35d7060d44ae0649d30ceef91) Importer(2089858483,b0f066a214c2f5e87bad3c948f4d605d)
Start importing Assets/Asset/Tileset/fantasy_ [version 2.0]/desert_/Floor/desert__42.asset using Guid(4ff337f35d7060d44ae0649d30ceef91) Importer(2089858483,b0f066a214c2f5e87bad3c948f4d605d) (ScriptedImporter) -> (artifact id: 'cf55db8998b4410e9d9233e1cdb3233f') in 0.012207 seconds
Number of updated asset objects reloaded before import = 0Number of asset objects unloaded after import = 2

========================================================================
Received Import Request.
  Time since last request: 0.000019 seconds.
  path: Assets/Asset/Tileset/fantasy_ [version 2.0]/tundra_/tundra_ [fencesAndWalls].png
  artifactKey: Guid(124886c5ec00920468784f7026eef7eb) Importer(2089858483,b0f066a214c2f5e87bad3c948f4d605d)
Start importing Assets/Asset/Tileset/fantasy_ [version 2.0]/tundra_/tundra_ [fencesAndWalls].png using Guid(124886c5ec00920468784f7026eef7eb) Importer(2089858483,b0f066a214c2f5e87bad3c948f4d605d) (ScriptedImporter) -> (artifact id: '0b6a5cf8be92ece23178e0187e5c05e3') in 0.0296835 seconds
Number of updated asset objects reloaded before import = 0Number of asset objects unloaded after import = 25

========================================================================
Received Import Request.
  Time since last request: 0.000020 seconds.
  path: Assets/Asset/Tileset/fantasy_ [version 2.0]/forest_/Floor/forest__17.asset
  artifactKey: Guid(2af5a7f35c4be9d4ab26c27d60ad7d46) Importer(2089858483,b0f066a214c2f5e87bad3c948f4d605d)
Start importing Assets/Asset/Tileset/fantasy_ [version 2.0]/forest_/Floor/forest__17.asset using Guid(2af5a7f35c4be9d4ab26c27d60ad7d46) Importer(2089858483,b0f066a214c2f5e87bad3c948f4d605d) (ScriptedImporter) -> (artifact id: '91b6a0c8061d8241d4c8b9177a5f293a') in 0.0131284 seconds
Number of updated asset objects reloaded before import = 0Number of asset objects unloaded after import = 2

========================================================================
Received Import Request.
  Time since last request: 0.000029 seconds.
  path: Assets/Asset/Tileset/fantasy_ [version 2.0]/forest_/Box/forest_ [fencesAndWalls]_31.asset
  artifactKey: Guid(74176e2334474794eae7e2b1d7be2a62) Importer(2089858483,b0f066a214c2f5e87bad3c948f4d605d)
Start importing Assets/Asset/Tileset/fantasy_ [version 2.0]/forest_/Box/forest_ [fencesAndWalls]_31.asset using Guid(74176e2334474794eae7e2b1d7be2a62) Importer(2089858483,b0f066a214c2f5e87bad3c948f4d605d) (ScriptedImporter) -> (artifact id: '65f6b215e710afdb8a174dac25a44024') in 0.0128477 seconds
Number of updated asset objects reloaded before import = 0Number of asset objects unloaded after import = 2

========================================================================
Received Import Request.
  Time since last request: 0.000019 seconds.
  path: Assets/Asset/Tileset/fantasy_ [version 2.0]/forest_/Box/forest_ [fencesAndWalls]_78.asset
  artifactKey: Guid(6f7a2582dfc644f499333df0fb2dd55e) Importer(2089858483,b0f066a214c2f5e87bad3c948f4d605d)
Start importing Assets/Asset/Tileset/fantasy_ [version 2.0]/forest_/Box/forest_ [fencesAndWalls]_78.asset using Guid(6f7a2582dfc644f499333df0fb2dd55e) Importer(2089858483,b0f066a214c2f5e87bad3c948f4d605d) (ScriptedImporter) -> (artifact id: '3d2f9f64cc186fd6faaccf06255d0a57') in 0.0129716 seconds
Number of updated asset objects reloaded before import = 0Number of asset objects unloaded after import = 2

========================================================================
Received Import Request.
  Time since last request: 0.000016 seconds.
  path: Assets/Asset/Tileset/fantasy_ [version 2.0]/forest_/Floor/forest__110.asset
  artifactKey: Guid(88bc658079ef03d43be88016c6ccd2cd) Importer(2089858483,b0f066a214c2f5e87bad3c948f4d605d)
Start importing Assets/Asset/Tileset/fantasy_ [version 2.0]/forest_/Floor/forest__110.asset using Guid(88bc658079ef03d43be88016c6ccd2cd) Importer(2089858483,b0f066a214c2f5e87bad3c948f4d605d) (ScriptedImporter) -> (artifact id: '41d4bb1b9e20f6b9681c6a84b866ff40') in 0.0143661 seconds
Number of updated asset objects reloaded before import = 0Number of asset objects unloaded after import = 2

========================================================================
Received Import Request.
  Time since last request: 0.000019 seconds.
  path: Assets/Asset/Tileset/fantasy_ [version 2.0]/forest_/Floor/forest__80.asset
  artifactKey: Guid(87d97db0cb31d634f8788806af6ad514) Importer(2089858483,b0f066a214c2f5e87bad3c948f4d605d)
Start importing Assets/Asset/Tileset/fantasy_ [version 2.0]/forest_/Floor/forest__80.asset using Guid(87d97db0cb31d634f8788806af6ad514) Importer(2089858483,b0f066a214c2f5e87bad3c948f4d605d) (ScriptedImporter) -> (artifact id: 'c2b868c22cf11e085848f518971ab82a') in 0.0117365 seconds
Number of updated asset objects reloaded before import = 0Number of asset objects unloaded after import = 2

========================================================================
Received Import Request.
  Time since last request: 0.000020 seconds.
  path: Assets/Asset/Tileset/fantasy_ [version 2.0]/desert_/Floor/desert__2.asset
  artifactKey: Guid(dd5a34507f42926468fe4f6d075c06c0) Importer(2089858483,b0f066a214c2f5e87bad3c948f4d605d)
Start importing Assets/Asset/Tileset/fantasy_ [version 2.0]/desert_/Floor/desert__2.asset using Guid(dd5a34507f42926468fe4f6d075c06c0) Importer(2089858483,b0f066a214c2f5e87bad3c948f4d605d) (ScriptedImporter) -> (artifact id: '1218a04f15eae34eadd0550f5e008853') in 0.0128289 seconds
Number of updated asset objects reloaded before import = 0Number of asset objects unloaded after import = 2

========================================================================
Received Import Request.
  Time since last request: 0.000021 seconds.
  path: Assets/Asset/Tileset/fantasy_ [version 2.0]/forest_/Floor/forest__106.asset
  artifactKey: Guid(fe3906d2819074a469ba44705cc63e52) Importer(2089858483,b0f066a214c2f5e87bad3c948f4d605d)
Start importing Assets/Asset/Tileset/fantasy_ [version 2.0]/forest_/Floor/forest__106.asset using Guid(fe3906d2819074a469ba44705cc63e52) Importer(2089858483,b0f066a214c2f5e87bad3c948f4d605d) (ScriptedImporter) -> (artifact id: '1d8c39da307f5b37de63759484f744e2') in 0.0137992 seconds
Number of updated asset objects reloaded before import = 0Number of asset objects unloaded after import = 2

========================================================================
Received Import Request.
  Time since last request: 0.000026 seconds.
  path: Assets/Asset/Tileset/fantasy_ [version 2.0]/forest_/Box/forest_ [fencesAndWalls]_115.asset
  artifactKey: Guid(f99ef0d69faaf4e4c9fa599a18323c2b) Importer(2089858483,b0f066a214c2f5e87bad3c948f4d605d)
Start importing Assets/Asset/Tileset/fantasy_ [version 2.0]/forest_/Box/forest_ [fencesAndWalls]_115.asset using Guid(f99ef0d69faaf4e4c9fa599a18323c2b) Importer(2089858483,b0f066a214c2f5e87bad3c948f4d605d) (ScriptedImporter) -> (artifact id: 'fc6b0c70095b33dcccd25347a7d1e45f') in 0.0114778 seconds
Number of updated asset objects reloaded before import = 0Number of asset objects unloaded after import = 2

========================================================================
Received Import Request.
  Time since last request: 0.000019 seconds.
  path: Assets/Asset/Tileset/fantasy_ [version 2.0]/forest_/Box/forest_ [fencesAndWalls]_0.asset
  artifactKey: Guid(1f3c9a669821ea448b5ea7eb05213d06) Importer(2089858483,b0f066a214c2f5e87bad3c948f4d605d)
Start importing Assets/Asset/Tileset/fantasy_ [version 2.0]/forest_/Box/forest_ [fencesAndWalls]_0.asset using Guid(1f3c9a669821ea448b5ea7eb05213d06) Importer(2089858483,b0f066a214c2f5e87bad3c948f4d605d) (ScriptedImporter) -> (artifact id: '687f273747892177db53439f2daf9efa') in 0.0127337 seconds
Number of updated asset objects reloaded before import = 0Number of asset objects unloaded after import = 2

========================================================================
Received Import Request.
  Time since last request: 0.000017 seconds.
  path: Assets/Asset/Tileset/fantasy_ [version 2.0]/desert_/Floor/desert__102.asset
  artifactKey: Guid(cf385d16e69345e4e8093e209c1d964a) Importer(2089858483,b0f066a214c2f5e87bad3c948f4d605d)
Start importing Assets/Asset/Tileset/fantasy_ [version 2.0]/desert_/Floor/desert__102.asset using Guid(cf385d16e69345e4e8093e209c1d964a) Importer(2089858483,b0f066a214c2f5e87bad3c948f4d605d) (ScriptedImporter) -> (artifact id: 'bf0353616f49431f1a1fb80e9e256f19') in 0.0141478 seconds
Number of updated asset objects reloaded before import = 0Number of asset objects unloaded after import = 2

========================================================================
Received Import Request.
  Time since last request: 0.000017 seconds.
  path: Assets/Asset/Tileset/fantasy_ [version 2.0]/forest_/Box/forest_ [fencesAndWalls]_103.asset
  artifactKey: Guid(518ca766647ea474c9bfdc63f251c0f6) Importer(2089858483,b0f066a214c2f5e87bad3c948f4d605d)
Start importing Assets/Asset/Tileset/fantasy_ [version 2.0]/forest_/Box/forest_ [fencesAndWalls]_103.asset using Guid(518ca766647ea474c9bfdc63f251c0f6) Importer(2089858483,b0f066a214c2f5e87bad3c948f4d605d) (ScriptedImporter) -> (artifact id: '014639eceba5405a6141aef222802dd8') in 0.0154791 seconds
Number of updated asset objects reloaded before import = 0Number of asset objects unloaded after import = 2

========================================================================
Received Import Request.
  Time since last request: 0.000017 seconds.
  path: Assets/Asset/Tileset/fantasy_ [version 2.0]/forest_/Floor/forest__74.asset
  artifactKey: Guid(5a7d4c96447f4fa4d8166fa8c9bde7e6) Importer(2089858483,b0f066a214c2f5e87bad3c948f4d605d)
Start importing Assets/Asset/Tileset/fantasy_ [version 2.0]/forest_/Floor/forest__74.asset using Guid(5a7d4c96447f4fa4d8166fa8c9bde7e6) Importer(2089858483,b0f066a214c2f5e87bad3c948f4d605d) (ScriptedImporter) -> (artifact id: 'c240ac6794c5dfbf255c14bb12cfc644') in 0.0129601 seconds
Number of updated asset objects reloaded before import = 0Number of asset objects unloaded after import = 2

========================================================================
Received Import Request.
  Time since last request: 0.000023 seconds.
  path: Assets/Asset/Tileset/fantasy_ [version 2.0]/forest_/Box/forest_ [fencesAndWalls]_41.asset
  artifactKey: Guid(d52283066210a5e46b7910f0cd200493) Importer(2089858483,b0f066a214c2f5e87bad3c948f4d605d)
Start importing Assets/Asset/Tileset/fantasy_ [version 2.0]/forest_/Box/forest_ [fencesAndWalls]_41.asset using Guid(d52283066210a5e46b7910f0cd200493) Importer(2089858483,b0f066a214c2f5e87bad3c948f4d605d) (ScriptedImporter) -> (artifact id: 'd138f3c88d42e38f9c670022acc2a4d6') in 0.0123012 seconds
Number of updated asset objects reloaded before import = 0Number of asset objects unloaded after import = 2

========================================================================
Received Import Request.
  Time since last request: 0.000035 seconds.
  path: Assets/Asset/Tileset/fantasy_ [version 2.0]/forest_/Box/forest_ [fencesAndWalls]_109.asset
  artifactKey: Guid(e1ca81557188f6e4eac72ea87be1664a) Importer(2089858483,b0f066a214c2f5e87bad3c948f4d605d)
Start importing Assets/Asset/Tileset/fantasy_ [version 2.0]/forest_/Box/forest_ [fencesAndWalls]_109.asset using Guid(e1ca81557188f6e4eac72ea87be1664a) Importer(2089858483,b0f066a214c2f5e87bad3c948f4d605d) (ScriptedImporter) -> (artifact id: '3b5b025ee792497dd54f87326d916676') in 0.0133664 seconds
Number of updated asset objects reloaded before import = 0Number of asset objects unloaded after import = 2

========================================================================
Received Import Request.
  Time since last request: 0.000022 seconds.
  path: Assets/Asset/Tileset/fantasy_ [version 2.0]/forest_/Floor/forest__31.asset
  artifactKey: Guid(d540fdd039105dd40992d306911fc4a9) Importer(2089858483,b0f066a214c2f5e87bad3c948f4d605d)
Start importing Assets/Asset/Tileset/fantasy_ [version 2.0]/forest_/Floor/forest__31.asset using Guid(d540fdd039105dd40992d306911fc4a9) Importer(2089858483,b0f066a214c2f5e87bad3c948f4d605d) (ScriptedImporter) -> (artifact id: '4761420e41fc05d3a8c8b0024f75216b') in 0.0145618 seconds
Number of updated asset objects reloaded before import = 0Number of asset objects unloaded after import = 2

========================================================================
Received Import Request.
  Time since last request: 0.000018 seconds.
  path: Assets/Asset/Tileset/fantasy_ [version 2.0]/forest_/Floor/forest__95.asset
  artifactKey: Guid(886f9e02b6489cd40862ed7021978675) Importer(2089858483,b0f066a214c2f5e87bad3c948f4d605d)
Start importing Assets/Asset/Tileset/fantasy_ [version 2.0]/forest_/Floor/forest__95.asset using Guid(886f9e02b6489cd40862ed7021978675) Importer(2089858483,b0f066a214c2f5e87bad3c948f4d605d) (ScriptedImporter) -> (artifact id: 'f61555ff24f308feb7cfa796cb0ba4d5') in 0.0140116 seconds
Number of updated asset objects reloaded before import = 0Number of asset objects unloaded after import = 2

========================================================================
Received Import Request.
  Time since last request: 0.000018 seconds.
  path: Assets/Asset/Tileset/fantasy_ [version 2.0]/forest_/Floor/forest__85.asset
  artifactKey: Guid(24434fd40ec08ce4a94e9d8d7c57a84c) Importer(2089858483,b0f066a214c2f5e87bad3c948f4d605d)
Start importing Assets/Asset/Tileset/fantasy_ [version 2.0]/forest_/Floor/forest__85.asset using Guid(24434fd40ec08ce4a94e9d8d7c57a84c) Importer(2089858483,b0f066a214c2f5e87bad3c948f4d605d) (ScriptedImporter) -> (artifact id: 'ed16cae7776e0cb3e09bb3119c41acdf') in 0.0148493 seconds
Number of updated asset objects reloaded before import = 0Number of asset objects unloaded after import = 2

========================================================================
Received Import Request.
  Time since last request: 0.000019 seconds.
  path: Assets/Asset/Tileset/fantasy_ [version 2.0]/tundra_/tundraPath_.png
  artifactKey: Guid(ce0a664549bd378428439303c343d9ab) Importer(2089858483,b0f066a214c2f5e87bad3c948f4d605d)
Start importing Assets/Asset/Tileset/fantasy_ [version 2.0]/tundra_/tundraPath_.png using Guid(ce0a664549bd378428439303c343d9ab) Importer(2089858483,b0f066a214c2f5e87bad3c948f4d605d) (ScriptedImporter) -> (artifact id: '852ca99cfb06e966e8b7a2597fa7797f') in 0.0140906 seconds
Number of updated asset objects reloaded before import = 0Number of asset objects unloaded after import = 3

========================================================================
Received Import Request.
  Time since last request: 0.000022 seconds.
  path: Assets/Asset/Tileset/fantasy_ [version 2.0]/desert_/desert_ [bridgeAnimatedTiles].png
  artifactKey: Guid(fd968638df1754044998ff07079977b6) Importer(2089858483,b0f066a214c2f5e87bad3c948f4d605d)
Start importing Assets/Asset/Tileset/fantasy_ [version 2.0]/desert_/desert_ [bridgeAnimatedTiles].png using Guid(fd968638df1754044998ff07079977b6) Importer(2089858483,b0f066a214c2f5e87bad3c948f4d605d) (ScriptedImporter) -> (artifact id: 'c6f68f1923849807ed4ab6c834621699') in 0.0145857 seconds
Number of updated asset objects reloaded before import = 0Number of asset objects unloaded after import = 3

========================================================================
Received Import Request.
  Time since last request: 0.000034 seconds.
  path: Assets/Asset/Tileset/fantasy_ [version 2.0]/forest_/Floor/forest__43.asset
  artifactKey: Guid(7159f7e97709d5c4ba6025d6e5fa8b5e) Importer(2089858483,b0f066a214c2f5e87bad3c948f4d605d)
Start importing Assets/Asset/Tileset/fantasy_ [version 2.0]/forest_/Floor/forest__43.asset using Guid(7159f7e97709d5c4ba6025d6e5fa8b5e) Importer(2089858483,b0f066a214c2f5e87bad3c948f4d605d) (ScriptedImporter) -> (artifact id: 'cf81e72bc9b8a4628047c1e417df2837') in 0.0141729 seconds
Number of updated asset objects reloaded before import = 0Number of asset objects unloaded after import = 2

========================================================================
Received Import Request.
  Time since last request: 0.000020 seconds.
  path: Assets/Asset/Tileset/fantasy_ [version 2.0]/forest_/Box/forest_ [fencesAndWalls]_101.asset
  artifactKey: Guid(2af4292805cf9f24fb35d4c1ccb85607) Importer(2089858483,b0f066a214c2f5e87bad3c948f4d605d)
Start importing Assets/Asset/Tileset/fantasy_ [version 2.0]/forest_/Box/forest_ [fencesAndWalls]_101.asset using Guid(2af4292805cf9f24fb35d4c1ccb85607) Importer(2089858483,b0f066a214c2f5e87bad3c948f4d605d) (ScriptedImporter) -> (artifact id: 'b989978f263557d127b8345f77e172c7') in 0.0134887 seconds
Number of updated asset objects reloaded before import = 0Number of asset objects unloaded after import = 2

========================================================================
Received Import Request.
  Time since last request: 0.000017 seconds.
  path: Assets/Asset/Tileset/fantasy_ [version 2.0]/forest_/Floor/forest__100.asset
  artifactKey: Guid(aa6188c9e4a9a974dbb83eb86acab09c) Importer(2089858483,b0f066a214c2f5e87bad3c948f4d605d)
Start importing Assets/Asset/Tileset/fantasy_ [version 2.0]/forest_/Floor/forest__100.asset using Guid(aa6188c9e4a9a974dbb83eb86acab09c) Importer(2089858483,b0f066a214c2f5e87bad3c948f4d605d) (ScriptedImporter) -> (artifact id: '918d5ee6224a2aed5191c55f072cdd53') in 0.0111141 seconds
Number of updated asset objects reloaded before import = 0Number of asset objects unloaded after import = 2

========================================================================
Received Import Request.
  Time since last request: 0.000020 seconds.
  path: Assets/Asset/Tileset/fantasy_ [version 2.0]/tundra_/tundra_ [resources].png
  artifactKey: Guid(1f2eacb9e68e2a14698560dce3fef922) Importer(2089858483,b0f066a214c2f5e87bad3c948f4d605d)
Start importing Assets/Asset/Tileset/fantasy_ [version 2.0]/tundra_/tundra_ [resources].png using Guid(1f2eacb9e68e2a14698560dce3fef922) Importer(2089858483,b0f066a214c2f5e87bad3c948f4d605d) (ScriptedImporter) -> (artifact id: 'c8f30d43315f202c8f7fe424f051caac') in 0.0318616 seconds
Number of updated asset objects reloaded before import = 0Number of asset objects unloaded after import = 35

========================================================================
Received Import Request.
  Time since last request: 0.000018 seconds.
  path: Assets/Asset/Tileset/fantasy_ [version 2.0]/forest_/Floor/forest__25.asset
  artifactKey: Guid(761982d80d6ce46408909df0a016ca3b) Importer(2089858483,b0f066a214c2f5e87bad3c948f4d605d)
Start importing Assets/Asset/Tileset/fantasy_ [version 2.0]/forest_/Floor/forest__25.asset using Guid(761982d80d6ce46408909df0a016ca3b) Importer(2089858483,b0f066a214c2f5e87bad3c948f4d605d) (ScriptedImporter) -> (artifact id: '5a5b8a402aa180a45d35c6340e4e40bc') in 0.0141976 seconds
Number of updated asset objects reloaded before import = 0Number of asset objects unloaded after import = 2

========================================================================
Received Import Request.
  Time since last request: 0.000024 seconds.
  path: Assets/Asset/Tileset/fantasy_ [version 2.0]/fantasy_/swampForest_.png
  artifactKey: Guid(d56d2577b1a31314b946a27bb2e57e90) Importer(2089858483,b0f066a214c2f5e87bad3c948f4d605d)
Start importing Assets/Asset/Tileset/fantasy_ [version 2.0]/fantasy_/swampForest_.png using Guid(d56d2577b1a31314b946a27bb2e57e90) Importer(2089858483,b0f066a214c2f5e87bad3c948f4d605d) (ScriptedImporter) -> (artifact id: 'c0bd269c784879d4b841b88eb3584204') in 0.0154561 seconds
Number of updated asset objects reloaded before import = 0Number of asset objects unloaded after import = 3

========================================================================
Received Import Request.
  Time since last request: 0.000026 seconds.
  path: Assets/Asset/Tileset/fantasy_ [version 2.0]/forest_/Floor/forest__51.asset
  artifactKey: Guid(ab57de98334da9445b4104fc4598755c) Importer(2089858483,b0f066a214c2f5e87bad3c948f4d605d)
Start importing Assets/Asset/Tileset/fantasy_ [version 2.0]/forest_/Floor/forest__51.asset using Guid(ab57de98334da9445b4104fc4598755c) Importer(2089858483,b0f066a214c2f5e87bad3c948f4d605d) (ScriptedImporter) -> (artifact id: '3b4972e1346ef723a9b2844e58d8df50') in 0.0141338 seconds
Number of updated asset objects reloaded before import = 0Number of asset objects unloaded after import = 2

========================================================================
Received Import Request.
  Time since last request: 0.000019 seconds.
  path: Assets/Asset/Tileset/fantasy_ [version 2.0]/forest_/Box/forest_ [fencesAndWalls]_57.asset
  artifactKey: Guid(afe41a135fe2e524c9a4eaabe09d041e) Importer(2089858483,b0f066a214c2f5e87bad3c948f4d605d)
Start importing Assets/Asset/Tileset/fantasy_ [version 2.0]/forest_/Box/forest_ [fencesAndWalls]_57.asset using Guid(afe41a135fe2e524c9a4eaabe09d041e) Importer(2089858483,b0f066a214c2f5e87bad3c948f4d605d) (ScriptedImporter) -> (artifact id: '68362b7b1773461153d381e7af5b899f') in 0.0140235 seconds
Number of updated asset objects reloaded before import = 0Number of asset objects unloaded after import = 2

========================================================================
Received Import Request.
  Time since last request: 0.000024 seconds.
  path: Assets/Asset/Tileset/fantasy_ [version 2.0]/forest_/Box/forest_ [fencesAndWalls]_64.asset
  artifactKey: Guid(41615eb53d8cf6d408fce2dcf1313335) Importer(2089858483,b0f066a214c2f5e87bad3c948f4d605d)
Start importing Assets/Asset/Tileset/fantasy_ [version 2.0]/forest_/Box/forest_ [fencesAndWalls]_64.asset using Guid(41615eb53d8cf6d408fce2dcf1313335) Importer(2089858483,b0f066a214c2f5e87bad3c948f4d605d) (ScriptedImporter) -> (artifact id: '0674c7f6b695f9e9d8af93d342bee732') in 0.0123449 seconds
Number of updated asset objects reloaded before import = 0Number of asset objects unloaded after import = 2

========================================================================
Received Import Request.
  Time since last request: 0.000019 seconds.
  path: Assets/Asset/Tileset/fantasy_ [version 2.0]/forest_/Box/forest_ [fencesAndWalls]_92.asset
  artifactKey: Guid(ba0dc4a103cba634cb9e4a884f8a2553) Importer(2089858483,b0f066a214c2f5e87bad3c948f4d605d)
Start importing Assets/Asset/Tileset/fantasy_ [version 2.0]/forest_/Box/forest_ [fencesAndWalls]_92.asset using Guid(ba0dc4a103cba634cb9e4a884f8a2553) Importer(2089858483,b0f066a214c2f5e87bad3c948f4d605d) (ScriptedImporter) -> (artifact id: '313c0e20609bdd272a943ceaf120d521') in 0.0126316 seconds
Number of updated asset objects reloaded before import = 0Number of asset objects unloaded after import = 2

========================================================================
Received Import Request.
  Time since last request: 0.000018 seconds.
  path: Assets/Asset/Tileset/fantasy_ [version 2.0]/forest_/Box/forest_ [fencesAndWalls]_10.asset
  artifactKey: Guid(2154e03b2fdc6044f802608582c9be04) Importer(2089858483,b0f066a214c2f5e87bad3c948f4d605d)
Start importing Assets/Asset/Tileset/fantasy_ [version 2.0]/forest_/Box/forest_ [fencesAndWalls]_10.asset using Guid(2154e03b2fdc6044f802608582c9be04) Importer(2089858483,b0f066a214c2f5e87bad3c948f4d605d) (ScriptedImporter) -> (artifact id: '33fa6707d152df14436e3efd55a85f82') in 0.0134705 seconds
Number of updated asset objects reloaded before import = 0Number of asset objects unloaded after import = 2

========================================================================
Received Import Request.
  Time since last request: 0.000021 seconds.
  path: Assets/Asset/Tileset/fantasy_ [version 2.0]/forest_/Box/forest_ [fencesAndWalls]_90.asset
  artifactKey: Guid(8f9f317aae471d8498230776441269f5) Importer(2089858483,b0f066a214c2f5e87bad3c948f4d605d)
Start importing Assets/Asset/Tileset/fantasy_ [version 2.0]/forest_/Box/forest_ [fencesAndWalls]_90.asset using Guid(8f9f317aae471d8498230776441269f5) Importer(2089858483,b0f066a214c2f5e87bad3c948f4d605d) (ScriptedImporter) -> (artifact id: '7ed736e7bec74e67d616c93ea5ba0334') in 0.0129095 seconds
Number of updated asset objects reloaded before import = 0Number of asset objects unloaded after import = 2

========================================================================
Received Import Request.
  Time since last request: 0.000027 seconds.
  path: Assets/Asset/Tileset/fantasy_ [version 2.0]/forest_/Floor/forest__33.asset
  artifactKey: Guid(6312e05be3a2fa44c8c1b76123578e66) Importer(2089858483,b0f066a214c2f5e87bad3c948f4d605d)
Start importing Assets/Asset/Tileset/fantasy_ [version 2.0]/forest_/Floor/forest__33.asset using Guid(6312e05be3a2fa44c8c1b76123578e66) Importer(2089858483,b0f066a214c2f5e87bad3c948f4d605d) (ScriptedImporter) -> (artifact id: '84e3b67e72faab9c915eac038079e842') in 0.0132815 seconds
Number of updated asset objects reloaded before import = 0Number of asset objects unloaded after import = 2

========================================================================
Received Import Request.
  Time since last request: 0.000017 seconds.
  path: Assets/Asset/Tileset/fantasy_ [version 2.0]/forest_/Box/forest_ [fencesAndWalls]_97.asset
  artifactKey: Guid(4b7a959bf61e1ac40b725faa2f6e96d6) Importer(2089858483,b0f066a214c2f5e87bad3c948f4d605d)
Start importing Assets/Asset/Tileset/fantasy_ [version 2.0]/forest_/Box/forest_ [fencesAndWalls]_97.asset using Guid(4b7a959bf61e1ac40b725faa2f6e96d6) Importer(2089858483,b0f066a214c2f5e87bad3c948f4d605d) (ScriptedImporter) -> (artifact id: '24831d2f10cf450caa61d86902549a51') in 0.0133463 seconds
Number of updated asset objects reloaded before import = 0Number of asset objects unloaded after import = 2

========================================================================
Received Import Request.
  Time since last request: 0.000019 seconds.
  path: Assets/Asset/Tileset/fantasy_ [version 2.0]/cave_/cave_.png
  artifactKey: Guid(938ca16b9cd6f924b998e8edd3691431) Importer(2089858483,b0f066a214c2f5e87bad3c948f4d605d)
Start importing Assets/Asset/Tileset/fantasy_ [version 2.0]/cave_/cave_.png using Guid(938ca16b9cd6f924b998e8edd3691431) Importer(2089858483,b0f066a214c2f5e87bad3c948f4d605d) (ScriptedImporter) -> (artifact id: '6041c8430cc8cf53c2a626e24237b502') in 0.0159978 seconds
Number of updated asset objects reloaded before import = 0Number of asset objects unloaded after import = 3

========================================================================
Received Import Request.
  Time since last request: 0.000025 seconds.
  path: Assets/Asset/Tileset/fantasy_ [version 2.0]/forest_/Box/forest_ [fencesAndWalls]_75.asset
  artifactKey: Guid(6270960bcdeecbc46a969c42e0b0c716) Importer(2089858483,b0f066a214c2f5e87bad3c948f4d605d)
Start importing Assets/Asset/Tileset/fantasy_ [version 2.0]/forest_/Box/forest_ [fencesAndWalls]_75.asset using Guid(6270960bcdeecbc46a969c42e0b0c716) Importer(2089858483,b0f066a214c2f5e87bad3c948f4d605d) (ScriptedImporter) -> (artifact id: '48c4647ee5e5aea71507fcfac40d1446') in 0.0130127 seconds
Number of updated asset objects reloaded before import = 0Number of asset objects unloaded after import = 2

========================================================================
Received Import Request.
  Time since last request: 0.000020 seconds.
  path: Assets/Asset/Tileset/fantasy_ [version 2.0]/forest_/Floor/forest__72.asset
  artifactKey: Guid(f82aea7ab02a9f74ca4f75878390b347) Importer(2089858483,b0f066a214c2f5e87bad3c948f4d605d)
Start importing Assets/Asset/Tileset/fantasy_ [version 2.0]/forest_/Floor/forest__72.asset using Guid(f82aea7ab02a9f74ca4f75878390b347) Importer(2089858483,b0f066a214c2f5e87bad3c948f4d605d) (ScriptedImporter) -> (artifact id: 'f1c6d10fc57fd5353b2b2d59c790e610') in 0.0123416 seconds
Number of updated asset objects reloaded before import = 0Number of asset objects unloaded after import = 2

========================================================================
Received Import Request.
  Time since last request: 0.000024 seconds.
  path: Assets/Asset/Tileset/fantasy_ [version 2.0]/forest_/Box/forest_ [fencesAndWalls]_110.asset
  artifactKey: Guid(a0cf48fafe1b9bb4f8b1f18ca9164314) Importer(2089858483,b0f066a214c2f5e87bad3c948f4d605d)
Start importing Assets/Asset/Tileset/fantasy_ [version 2.0]/forest_/Box/forest_ [fencesAndWalls]_110.asset using Guid(a0cf48fafe1b9bb4f8b1f18ca9164314) Importer(2089858483,b0f066a214c2f5e87bad3c948f4d605d) (ScriptedImporter) -> (artifact id: 'bd2049e8f38216ee48ab4b848736da41') in 0.0121709 seconds
Number of updated asset objects reloaded before import = 0Number of asset objects unloaded after import = 2

========================================================================
Received Import Request.
  Time since last request: 0.000024 seconds.
  path: Assets/Asset/Tileset/fantasy_ [version 2.0]/forest_/Box/forest_ [fencesAndWalls]_43.asset
  artifactKey: Guid(60a43aeb953a90b4bb479ec9675ce7cf) Importer(2089858483,b0f066a214c2f5e87bad3c948f4d605d)
Start importing Assets/Asset/Tileset/fantasy_ [version 2.0]/forest_/Box/forest_ [fencesAndWalls]_43.asset using Guid(60a43aeb953a90b4bb479ec9675ce7cf) Importer(2089858483,b0f066a214c2f5e87bad3c948f4d605d) (ScriptedImporter) -> (artifact id: 'dc2d6dfb7ba64211690d8c48c6a5906c') in 0.0112162 seconds
Number of updated asset objects reloaded before import = 0Number of asset objects unloaded after import = 2

========================================================================
Received Import Request.
  Time since last request: 0.000018 seconds.
  path: Assets/Asset/Tileset/fantasy_ [version 2.0]/forest_/Floor/forest__103.asset
  artifactKey: Guid(0aca8b0ca44bda746888f3ea0e3ea1c6) Importer(2089858483,b0f066a214c2f5e87bad3c948f4d605d)
Start importing Assets/Asset/Tileset/fantasy_ [version 2.0]/forest_/Floor/forest__103.asset using Guid(0aca8b0ca44bda746888f3ea0e3ea1c6) Importer(2089858483,b0f066a214c2f5e87bad3c948f4d605d) (ScriptedImporter) -> (artifact id: 'e18448f80f8dcccf0d9fea13c4f28fa5') in 0.0117329 seconds
Number of updated asset objects reloaded before import = 0Number of asset objects unloaded after import = 2

========================================================================
Received Import Request.
  Time since last request: 0.000018 seconds.
  path: Assets/Asset/Tileset/fantasy_ [version 2.0]/forest_/Floor/forest__41.asset
  artifactKey: Guid(ca2127536b31546458d6d18d92e8e545) Importer(2089858483,b0f066a214c2f5e87bad3c948f4d605d)
Start importing Assets/Asset/Tileset/fantasy_ [version 2.0]/forest_/Floor/forest__41.asset using Guid(ca2127536b31546458d6d18d92e8e545) Importer(2089858483,b0f066a214c2f5e87bad3c948f4d605d) (ScriptedImporter) -> (artifact id: 'd16dc51a0080aae7bc90e6c6a3505fde') in 0.012176 seconds
Number of updated asset objects reloaded before import = 0Number of asset objects unloaded after import = 2

========================================================================
Received Import Request.
  Time since last request: 0.000026 seconds.
  path: Assets/Asset/Tileset/fantasy_ [version 2.0]/fantasy_/tundraTaiga_.png
  artifactKey: Guid(40e1bb2cd65e6974aae31388bbba3843) Importer(2089858483,b0f066a214c2f5e87bad3c948f4d605d)
Start importing Assets/Asset/Tileset/fantasy_ [version 2.0]/fantasy_/tundraTaiga_.png using Guid(40e1bb2cd65e6974aae31388bbba3843) Importer(2089858483,b0f066a214c2f5e87bad3c948f4d605d) (ScriptedImporter) -> (artifact id: 'd08431ae33ffceb8b0930feda0b05bf1') in 0.0140368 seconds
Number of updated asset objects reloaded before import = 0Number of asset objects unloaded after import = 3

========================================================================
Received Import Request.
  Time since last request: 0.000020 seconds.
  path: Assets/Asset/Tileset/fantasy_ [version 2.0]/desert_/Floor/desert__49.asset
  artifactKey: Guid(562ae77dc73488648b474f30d5ddbadd) Importer(2089858483,b0f066a214c2f5e87bad3c948f4d605d)
Start importing Assets/Asset/Tileset/fantasy_ [version 2.0]/desert_/Floor/desert__49.asset using Guid(562ae77dc73488648b474f30d5ddbadd) Importer(2089858483,b0f066a214c2f5e87bad3c948f4d605d) (ScriptedImporter) -> (artifact id: 'eb2dc902ff3c4df4e097ff35f467c3ab') in 0.0139654 seconds
Number of updated asset objects reloaded before import = 0Number of asset objects unloaded after import = 2

========================================================================
Received Import Request.
  Time since last request: 0.000021 seconds.
  path: Assets/Asset/Tileset/fantasy_ [version 2.0]/forest_/Floor/forest__92.asset
  artifactKey: Guid(698d096c745711b468f19519ed5a0faa) Importer(2089858483,b0f066a214c2f5e87bad3c948f4d605d)
Start importing Assets/Asset/Tileset/fantasy_ [version 2.0]/forest_/Floor/forest__92.asset using Guid(698d096c745711b468f19519ed5a0faa) Importer(2089858483,b0f066a214c2f5e87bad3c948f4d605d) (ScriptedImporter) -> (artifact id: '99f4608b405c6b4c24d807b2b1f7ef63') in 0.0131629 seconds
Number of updated asset objects reloaded before import = 0Number of asset objects unloaded after import = 2

========================================================================
Received Import Request.
  Time since last request: 0.000034 seconds.
  path: Assets/Asset/Tileset/fantasy_ [version 2.0]/forest_/Floor/forest__53.asset
  artifactKey: Guid(421375fc9c8ad81458097c0588e95d33) Importer(2089858483,b0f066a214c2f5e87bad3c948f4d605d)
Start importing Assets/Asset/Tileset/fantasy_ [version 2.0]/forest_/Floor/forest__53.asset using Guid(421375fc9c8ad81458097c0588e95d33) Importer(2089858483,b0f066a214c2f5e87bad3c948f4d605d) (ScriptedImporter) -> (artifact id: '4b531f5ffb713511d0350ac5ce8db945') in 0.0135211 seconds
Number of updated asset objects reloaded before import = 0Number of asset objects unloaded after import = 2

========================================================================
Received Import Request.
  Time since last request: 0.000019 seconds.
  path: Assets/Asset/Tileset/fantasy_ [version 2.0]/forest_/Floor/forest__54.asset
  artifactKey: Guid(a2f58eac540e8484c9e7d677555f5918) Importer(2089858483,b0f066a214c2f5e87bad3c948f4d605d)
Start importing Assets/Asset/Tileset/fantasy_ [version 2.0]/forest_/Floor/forest__54.asset using Guid(a2f58eac540e8484c9e7d677555f5918) Importer(2089858483,b0f066a214c2f5e87bad3c948f4d605d) (ScriptedImporter) -> (artifact id: '4e5c6d07b46a4b07d850b9925c54ba90') in 0.0128006 seconds
Number of updated asset objects reloaded before import = 0Number of asset objects unloaded after import = 2

========================================================================
Received Import Request.
  Time since last request: 0.000019 seconds.
  path: Assets/Asset/Tileset/fantasy_ [version 2.0]/cave_/cave_ [bridgeVertical].png
  artifactKey: Guid(af5f984c9b1b6a242a40926ee1c11d0d) Importer(2089858483,b0f066a214c2f5e87bad3c948f4d605d)
Start importing Assets/Asset/Tileset/fantasy_ [version 2.0]/cave_/cave_ [bridgeVertical].png using Guid(af5f984c9b1b6a242a40926ee1c11d0d) Importer(2089858483,b0f066a214c2f5e87bad3c948f4d605d) (ScriptedImporter) -> (artifact id: '81411baef4cbe1221d1930f0ae7817e6') in 0.0162908 seconds
Number of updated asset objects reloaded before import = 0Number of asset objects unloaded after import = 3

========================================================================
Received Import Request.
  Time since last request: 0.000028 seconds.
  path: Assets/Asset/Tileset/fantasy_ [version 2.0]/forest_/Floor/forest__68.asset
  artifactKey: Guid(328a490df650d1b478cfc4f055fe2348) Importer(2089858483,b0f066a214c2f5e87bad3c948f4d605d)
Start importing Assets/Asset/Tileset/fantasy_ [version 2.0]/forest_/Floor/forest__68.asset using Guid(328a490df650d1b478cfc4f055fe2348) Importer(2089858483,b0f066a214c2f5e87bad3c948f4d605d) (ScriptedImporter) -> (artifact id: '67db1b66f0ce874869d811bc951e3260') in 0.0131233 seconds
Number of updated asset objects reloaded before import = 0Number of asset objects unloaded after import = 2

========================================================================
Received Import Request.
  Time since last request: 0.000017 seconds.
  path: Assets/Asset/Tileset/fantasy_ [version 2.0]/forest_/Box/forest_ [fencesAndWalls]_91.asset
  artifactKey: Guid(c58a225d2c5cea04fa1e463c9f4d02c0) Importer(2089858483,b0f066a214c2f5e87bad3c948f4d605d)
Start importing Assets/Asset/Tileset/fantasy_ [version 2.0]/forest_/Box/forest_ [fencesAndWalls]_91.asset using Guid(c58a225d2c5cea04fa1e463c9f4d02c0) Importer(2089858483,b0f066a214c2f5e87bad3c948f4d605d) (ScriptedImporter) -> (artifact id: '706a79d42d580ac27bfb0d19d40098c8') in 0.011012 seconds
Number of updated asset objects reloaded before import = 0Number of asset objects unloaded after import = 2

========================================================================
Received Import Request.
  Time since last request: 0.000023 seconds.
  path: Assets/Asset/Tileset/fantasy_ [version 2.0]/forest_/Floor/forest__73.asset
  artifactKey: Guid(075cc55d5106d9644935cb487e3cd1c4) Importer(2089858483,b0f066a214c2f5e87bad3c948f4d605d)
Start importing Assets/Asset/Tileset/fantasy_ [version 2.0]/forest_/Floor/forest__73.asset using Guid(075cc55d5106d9644935cb487e3cd1c4) Importer(2089858483,b0f066a214c2f5e87bad3c948f4d605d) (ScriptedImporter) -> (artifact id: '49e07fd75c2569b883dbd6e01dbf7580') in 0.0113014 seconds
Number of updated asset objects reloaded before import = 0Number of asset objects unloaded after import = 2

========================================================================
Received Import Request.
  Time since last request: 0.000028 seconds.
  path: Assets/Asset/Tileset/fantasy_ [version 2.0]/desert_/Floor/desert__48.asset
  artifactKey: Guid(764766acce25d1843b6170ec2a3100b7) Importer(2089858483,b0f066a214c2f5e87bad3c948f4d605d)
Start importing Assets/Asset/Tileset/fantasy_ [version 2.0]/desert_/Floor/desert__48.asset using Guid(764766acce25d1843b6170ec2a3100b7) Importer(2089858483,b0f066a214c2f5e87bad3c948f4d605d) (ScriptedImporter) -> (artifact id: '326f5f9591a3fb222c397dae7f7f9f01') in 0.0109819 seconds
Number of updated asset objects reloaded before import = 0Number of asset objects unloaded after import = 2

========================================================================
Received Import Request.
  Time since last request: 0.000019 seconds.
  path: Assets/Asset/Tileset/fantasy_ [version 2.0]/tundra_/tundra_ [fountain].png
  artifactKey: Guid(f3ffde8d977e1df49bda9d5b2445f910) Importer(2089858483,b0f066a214c2f5e87bad3c948f4d605d)
Start importing Assets/Asset/Tileset/fantasy_ [version 2.0]/tundra_/tundra_ [fountain].png using Guid(f3ffde8d977e1df49bda9d5b2445f910) Importer(2089858483,b0f066a214c2f5e87bad3c948f4d605d) (ScriptedImporter) -> (artifact id: '4f29cb583c87308ac0148d48ac055431') in 0.0139535 seconds
Number of updated asset objects reloaded before import = 0Number of asset objects unloaded after import = 3

========================================================================
Received Import Request.
  Time since last request: 0.000026 seconds.
  path: Assets/Asset/Tileset/fantasy_ [version 2.0]/forest_/Box/forest_ [fencesAndWalls]_107.asset
  artifactKey: Guid(ac11493c7915ffe41a23e224db0e0646) Importer(2089858483,b0f066a214c2f5e87bad3c948f4d605d)
Start importing Assets/Asset/Tileset/fantasy_ [version 2.0]/forest_/Box/forest_ [fencesAndWalls]_107.asset using Guid(ac11493c7915ffe41a23e224db0e0646) Importer(2089858483,b0f066a214c2f5e87bad3c948f4d605d) (ScriptedImporter) -> (artifact id: '07779ac4a072d6c145d6b7369cdc9671') in 0.0142884 seconds
Number of updated asset objects reloaded before import = 0Number of asset objects unloaded after import = 2

========================================================================
Received Import Request.
  Time since last request: 0.000017 seconds.
  path: Assets/Asset/Tileset/fantasy_ [version 2.0]/forest_/Floor/forest__111.asset
  artifactKey: Guid(dbc9a61f4cd788141894eb9aa83f999a) Importer(2089858483,b0f066a214c2f5e87bad3c948f4d605d)
Start importing Assets/Asset/Tileset/fantasy_ [version 2.0]/forest_/Floor/forest__111.asset using Guid(dbc9a61f4cd788141894eb9aa83f999a) Importer(2089858483,b0f066a214c2f5e87bad3c948f4d605d) (ScriptedImporter) -> (artifact id: '4f3347e8852852a5b89dde666aecc1d6') in 0.0133039 seconds
Number of updated asset objects reloaded before import = 0Number of asset objects unloaded after import = 2

========================================================================
Received Import Request.
  Time since last request: 0.000021 seconds.
  path: Assets/Asset/Tileset/fantasy_ [version 2.0]/forest_/Box/forest_ [fencesAndWalls]_76.asset
  artifactKey: Guid(6c6ba4ed6ffa224479c9c6938ec5f46c) Importer(2089858483,b0f066a214c2f5e87bad3c948f4d605d)
Start importing Assets/Asset/Tileset/fantasy_ [version 2.0]/forest_/Box/forest_ [fencesAndWalls]_76.asset using Guid(6c6ba4ed6ffa224479c9c6938ec5f46c) Importer(2089858483,b0f066a214c2f5e87bad3c948f4d605d) (ScriptedImporter) -> (artifact id: '5f077a693f0aac764b31eb034a5e0df8') in 0.0129528 seconds
Number of updated asset objects reloaded before import = 0Number of asset objects unloaded after import = 2

========================================================================
Received Import Request.
  Time since last request: 0.000019 seconds.
  path: Assets/Asset/Tileset/fantasy_ [version 2.0]/desert_/Floor/desert__5.asset
  artifactKey: Guid(cf9847fdd31615d4b9e88c378d55178b) Importer(2089858483,b0f066a214c2f5e87bad3c948f4d605d)
Start importing Assets/Asset/Tileset/fantasy_ [version 2.0]/desert_/Floor/desert__5.asset using Guid(cf9847fdd31615d4b9e88c378d55178b) Importer(2089858483,b0f066a214c2f5e87bad3c948f4d605d) (ScriptedImporter) -> (artifact id: 'd5a5a87a097ae0412d088d8f911adbae') in 0.0133062 seconds
Number of updated asset objects reloaded before import = 0Number of asset objects unloaded after import = 2

========================================================================
Received Import Request.
  Time since last request: 0.000036 seconds.
  path: Assets/Asset/Tileset/fantasy_ [version 2.0]/desert_/Floor/desert__52.asset
  artifactKey: Guid(2a7b281daceedc5479a12dd008a0eab2) Importer(2089858483,b0f066a214c2f5e87bad3c948f4d605d)
Start importing Assets/Asset/Tileset/fantasy_ [version 2.0]/desert_/Floor/desert__52.asset using Guid(2a7b281daceedc5479a12dd008a0eab2) Importer(2089858483,b0f066a214c2f5e87bad3c948f4d605d) (ScriptedImporter) -> (artifact id: '22445350178de63776b79d9263792d80') in 0.0165083 seconds
Number of updated asset objects reloaded before import = 0Number of asset objects unloaded after import = 2

========================================================================
Received Import Request.
  Time since last request: 0.000017 seconds.
  path: Assets/Asset/Tileset/fantasy_ [version 2.0]/forest_/Floor/forest__70.asset
  artifactKey: Guid(63af1e31b3e7f03499259e421d37d91f) Importer(2089858483,b0f066a214c2f5e87bad3c948f4d605d)
Start importing Assets/Asset/Tileset/fantasy_ [version 2.0]/forest_/Floor/forest__70.asset using Guid(63af1e31b3e7f03499259e421d37d91f) Importer(2089858483,b0f066a214c2f5e87bad3c948f4d605d) (ScriptedImporter) -> (artifact id: 'cc3e8bb9c4e3daec922e30ecc5c37a17') in 0.0128859 seconds
Number of updated asset objects reloaded before import = 0Number of asset objects unloaded after import = 2

========================================================================
Received Import Request.
  Time since last request: 0.000020 seconds.
  path: Assets/Asset/Tileset/fantasy_ [version 2.0]/desert_/Floor/desert__63.asset
  artifactKey: Guid(2e65e556d4d6e5b4eac20bc4b51594db) Importer(2089858483,b0f066a214c2f5e87bad3c948f4d605d)
Start importing Assets/Asset/Tileset/fantasy_ [version 2.0]/desert_/Floor/desert__63.asset using Guid(2e65e556d4d6e5b4eac20bc4b51594db) Importer(2089858483,b0f066a214c2f5e87bad3c948f4d605d) (ScriptedImporter) -> (artifact id: 'cf95ae2000a14b4e93c339fe23174c42') in 0.0140968 seconds
Number of updated asset objects reloaded before import = 0Number of asset objects unloaded after import = 2

========================================================================
Received Import Request.
  Time since last request: 0.000019 seconds.
  path: Assets/Asset/Tileset/fantasy_ [version 2.0]/cave_/cave_ [bridgeHorizontal].png
  artifactKey: Guid(e02cbe8f64cb90a4993ae51a483cfb48) Importer(2089858483,b0f066a214c2f5e87bad3c948f4d605d)
Start importing Assets/Asset/Tileset/fantasy_ [version 2.0]/cave_/cave_ [bridgeHorizontal].png using Guid(e02cbe8f64cb90a4993ae51a483cfb48) Importer(2089858483,b0f066a214c2f5e87bad3c948f4d605d) (ScriptedImporter) -> (artifact id: '97f44f43163af8928e3be7d704c75670') in 0.0137981 seconds
Number of updated asset objects reloaded before import = 0Number of asset objects unloaded after import = 3

========================================================================
Received Import Request.
  Time since last request: 0.000030 seconds.
  path: Assets/Asset/Tileset/fantasy_ [version 2.0]/forest_/Box/forest_ [fencesAndWalls]_28.asset
  artifactKey: Guid(c30698f6bce67414090d14d93449a121) Importer(2089858483,b0f066a214c2f5e87bad3c948f4d605d)
Start importing Assets/Asset/Tileset/fantasy_ [version 2.0]/forest_/Box/forest_ [fencesAndWalls]_28.asset using Guid(c30698f6bce67414090d14d93449a121) Importer(2089858483,b0f066a214c2f5e87bad3c948f4d605d) (ScriptedImporter) -> (artifact id: 'b7a801dadd0cea35c01ca1516ebaf79c') in 0.0130797 seconds
Number of updated asset objects reloaded before import = 0Number of asset objects unloaded after import = 2

========================================================================
Received Import Request.
  Time since last request: 0.000019 seconds.
  path: Assets/Asset/Tileset/fantasy_ [version 2.0]/desert_/Floor/desert__100.asset
  artifactKey: Guid(eeac7861d00e364498092e372ed5a579) Importer(2089858483,b0f066a214c2f5e87bad3c948f4d605d)
Start importing Assets/Asset/Tileset/fantasy_ [version 2.0]/desert_/Floor/desert__100.asset using Guid(eeac7861d00e364498092e372ed5a579) Importer(2089858483,b0f066a214c2f5e87bad3c948f4d605d) (ScriptedImporter) -> (artifact id: '4b2028e37ee0cb595f3a0465350c9e52') in 0.0128745 seconds
Number of updated asset objects reloaded before import = 0Number of asset objects unloaded after import = 2

========================================================================
Received Import Request.
  Time since last request: 0.000029 seconds.
  path: Assets/Asset/Tileset/fantasy_ [version 2.0]/forest_/Box/forest_ [fencesAndWalls]_81.asset
  artifactKey: Guid(9a127f386ec378c42b1fa6ba1670a4e5) Importer(2089858483,b0f066a214c2f5e87bad3c948f4d605d)
Start importing Assets/Asset/Tileset/fantasy_ [version 2.0]/forest_/Box/forest_ [fencesAndWalls]_81.asset using Guid(9a127f386ec378c42b1fa6ba1670a4e5) Importer(2089858483,b0f066a214c2f5e87bad3c948f4d605d) (ScriptedImporter) -> (artifact id: 'cbecd72c433f7f99e3e0202ac23f3192') in 0.0118545 seconds
Number of updated asset objects reloaded before import = 0Number of asset objects unloaded after import = 2

========================================================================
Received Import Request.
  Time since last request: 0.000017 seconds.
  path: Assets/Asset/Tileset/fantasy_ [version 2.0]/forest_/Box/forest_ [fencesAndWalls]_72.asset
  artifactKey: Guid(b230d476e81c3174c88236baf733cf7f) Importer(2089858483,b0f066a214c2f5e87bad3c948f4d605d)
Start importing Assets/Asset/Tileset/fantasy_ [version 2.0]/forest_/Box/forest_ [fencesAndWalls]_72.asset using Guid(b230d476e81c3174c88236baf733cf7f) Importer(2089858483,b0f066a214c2f5e87bad3c948f4d605d) (ScriptedImporter) -> (artifact id: 'cf801b4d07ee97fed61732c5aea0c3ab') in 0.0118117 seconds
Number of updated asset objects reloaded before import = 0Number of asset objects unloaded after import = 2

========================================================================
Received Import Request.
  Time since last request: 0.000017 seconds.
  path: Assets/Asset/Tileset/fantasy_ [version 2.0]/forest_/Box/forest_ [fencesAndWalls]_113.asset
  artifactKey: Guid(42a560dbd285dcb46a0514b42d0c13e6) Importer(2089858483,b0f066a214c2f5e87bad3c948f4d605d)
Start importing Assets/Asset/Tileset/fantasy_ [version 2.0]/forest_/Box/forest_ [fencesAndWalls]_113.asset using Guid(42a560dbd285dcb46a0514b42d0c13e6) Importer(2089858483,b0f066a214c2f5e87bad3c948f4d605d) (ScriptedImporter) -> (artifact id: 'b618cb8906ccb4302062f61068534ff7') in 0.0110345 seconds
Number of updated asset objects reloaded before import = 0Number of asset objects unloaded after import = 2

========================================================================
Received Import Request.
  Time since last request: 0.000045 seconds.
  path: Assets/Asset/Tileset/fantasy_ [version 2.0]/forest_/Box/forest_ [fencesAndWalls]_4.asset
  artifactKey: Guid(18e6770e78680464991bde61d82f7ef5) Importer(2089858483,b0f066a214c2f5e87bad3c948f4d605d)
Start importing Assets/Asset/Tileset/fantasy_ [version 2.0]/forest_/Box/forest_ [fencesAndWalls]_4.asset using Guid(18e6770e78680464991bde61d82f7ef5) Importer(2089858483,b0f066a214c2f5e87bad3c948f4d605d) (ScriptedImporter) -> (artifact id: 'c18e0ccecee53477d323accd42424f7a') in 0.014762 seconds
Number of updated asset objects reloaded before import = 0Number of asset objects unloaded after import = 2

========================================================================
Received Import Request.
  Time since last request: 0.000022 seconds.
  path: Assets/Asset/Tileset/fantasy_ [version 2.0]/taiga_/taiga_ [fountain].png
  artifactKey: Guid(67fa3abeb1712b0449f1641f95106513) Importer(2089858483,b0f066a214c2f5e87bad3c948f4d605d)
Start importing Assets/Asset/Tileset/fantasy_ [version 2.0]/taiga_/taiga_ [fountain].png using Guid(67fa3abeb1712b0449f1641f95106513) Importer(2089858483,b0f066a214c2f5e87bad3c948f4d605d) (ScriptedImporter) -> (artifact id: 'cb7cc9c6c9635da6119f150becdab9b2') in 0.0146512 seconds
Number of updated asset objects reloaded before import = 0Number of asset objects unloaded after import = 3

========================================================================
Received Import Request.
  Time since last request: 0.000025 seconds.
  path: Assets/Asset/Tileset/fantasy_ [version 2.0]/forest_/Box/forest_ [fencesAndWalls]_79.asset
  artifactKey: Guid(1de9007e8e22e7248a4ba85974d59cf1) Importer(2089858483,b0f066a214c2f5e87bad3c948f4d605d)
Start importing Assets/Asset/Tileset/fantasy_ [version 2.0]/forest_/Box/forest_ [fencesAndWalls]_79.asset using Guid(1de9007e8e22e7248a4ba85974d59cf1) Importer(2089858483,b0f066a214c2f5e87bad3c948f4d605d) (ScriptedImporter) -> (artifact id: '0686a200e20c08484d353341b199fb17') in 0.0111811 seconds
Number of updated asset objects reloaded before import = 0Number of asset objects unloaded after import = 2

========================================================================
Received Import Request.
  Time since last request: 0.000024 seconds.
  path: Assets/Asset/Tileset/fantasy_ [version 2.0]/forest_/Floor/forest__77.asset
  artifactKey: Guid(af5cbeafb44d5394287113a8d7418a7c) Importer(2089858483,b0f066a214c2f5e87bad3c948f4d605d)
Start importing Assets/Asset/Tileset/fantasy_ [version 2.0]/forest_/Floor/forest__77.asset using Guid(af5cbeafb44d5394287113a8d7418a7c) Importer(2089858483,b0f066a214c2f5e87bad3c948f4d605d) (ScriptedImporter) -> (artifact id: 'd9f5914036ba08ee213dce672e2d20fb') in 0.0110957 seconds
Number of updated asset objects reloaded before import = 0Number of asset objects unloaded after import = 2

========================================================================
Received Import Request.
  Time since last request: 0.000022 seconds.
  path: Assets/Asset/Tileset/fantasy_ [version 2.0]/forest_/Floor/FloorPallete1.prefab
  artifactKey: Guid(02f991edad0969941b8c8c788eb908d0) Importer(2089858483,b0f066a214c2f5e87bad3c948f4d605d)
Start importing Assets/Asset/Tileset/fantasy_ [version 2.0]/forest_/Floor/FloorPallete1.prefab using Guid(02f991edad0969941b8c8c788eb908d0) Importer(2089858483,b0f066a214c2f5e87bad3c948f4d605d) (ScriptedImporter) -> (artifact id: 'd52a9bd66fd40c178cfe06458b3ef1d7') in 0.0144694 seconds
Number of updated asset objects reloaded before import = 0Number of asset objects unloaded after import = 10

========================================================================
Received Import Request.
  Time since last request: 0.000019 seconds.
  path: Assets/Asset/Tileset/fantasy_ [version 2.0]/forest_/Floor/forest__21.asset
  artifactKey: Guid(808c44cf2fb741e47a7ea324cbcbef5c) Importer(2089858483,b0f066a214c2f5e87bad3c948f4d605d)
Start importing Assets/Asset/Tileset/fantasy_ [version 2.0]/forest_/Floor/forest__21.asset using Guid(808c44cf2fb741e47a7ea324cbcbef5c) Importer(2089858483,b0f066a214c2f5e87bad3c948f4d605d) (ScriptedImporter) -> (artifact id: 'de1349ae3bb26a79a9747333f9530647') in 0.0104082 seconds
Number of updated asset objects reloaded before import = 0Number of asset objects unloaded after import = 2

========================================================================
Received Import Request.
  Time since last request: 0.000018 seconds.
  path: Assets/Asset/Tileset/fantasy_ [version 2.0]/forest_/Floor/forest__3.asset
  artifactKey: Guid(8c9cdf747ad6cf34fa75ca4d268bb5b1) Importer(2089858483,b0f066a214c2f5e87bad3c948f4d605d)
Start importing Assets/Asset/Tileset/fantasy_ [version 2.0]/forest_/Floor/forest__3.asset using Guid(8c9cdf747ad6cf34fa75ca4d268bb5b1) Importer(2089858483,b0f066a214c2f5e87bad3c948f4d605d) (ScriptedImporter) -> (artifact id: '6c69db83e93b57ab1745785e6405792d') in 0.0127014 seconds
Number of updated asset objects reloaded before import = 0Number of asset objects unloaded after import = 2

========================================================================
Received Import Request.
  Time since last request: 0.000017 seconds.
  path: Assets/Asset/Tileset/fantasy_ [version 2.0]/desert_/Floor/desert__61.asset
  artifactKey: Guid(a1b02a03e73089c44aa0b0e8e8953e56) Importer(2089858483,b0f066a214c2f5e87bad3c948f4d605d)
Start importing Assets/Asset/Tileset/fantasy_ [version 2.0]/desert_/Floor/desert__61.asset using Guid(a1b02a03e73089c44aa0b0e8e8953e56) Importer(2089858483,b0f066a214c2f5e87bad3c948f4d605d) (ScriptedImporter) -> (artifact id: '2a85a34df2db2f9b0e311ee5cb0e0ab2') in 0.0136547 seconds
Number of updated asset objects reloaded before import = 0Number of asset objects unloaded after import = 2

========================================================================
Received Import Request.
  Time since last request: 0.000019 seconds.
  path: Assets/Asset/Tileset/fantasy_ [version 2.0]/fantasy_/tundraSwampTaigaForestDesert_1.png
  artifactKey: Guid(71fe6bce4cfd9564b883b41270901ba9) Importer(2089858483,b0f066a214c2f5e87bad3c948f4d605d)
Start importing Assets/Asset/Tileset/fantasy_ [version 2.0]/fantasy_/tundraSwampTaigaForestDesert_1.png using Guid(71fe6bce4cfd9564b883b41270901ba9) Importer(2089858483,b0f066a214c2f5e87bad3c948f4d605d) (ScriptedImporter) -> (artifact id: '8277e3147d73eea0a340f26e785622ca') in 0.012641 seconds
Number of updated asset objects reloaded before import = 0Number of asset objects unloaded after import = 3

========================================================================
Received Import Request.
  Time since last request: 0.000026 seconds.
  path: Assets/Asset/Tileset/fantasy_ [version 2.0]/desert_/Floor/desert__85.asset
  artifactKey: Guid(c7f8684a7858a8c49811914d974a8e94) Importer(2089858483,b0f066a214c2f5e87bad3c948f4d605d)
Start importing Assets/Asset/Tileset/fantasy_ [version 2.0]/desert_/Floor/desert__85.asset using Guid(c7f8684a7858a8c49811914d974a8e94) Importer(2089858483,b0f066a214c2f5e87bad3c948f4d605d) (ScriptedImporter) -> (artifact id: 'e4d4e5e42fc3e24e01d30999a46e36a7') in 0.0121231 seconds
Number of updated asset objects reloaded before import = 0Number of asset objects unloaded after import = 2

========================================================================
Received Import Request.
  Time since last request: 0.000019 seconds.
  path: Assets/Asset/Tileset/fantasy_ [version 2.0]/desert_/Floor/desert__89.asset
  artifactKey: Guid(4f85f69f3bdac164691d86faf73fef84) Importer(2089858483,b0f066a214c2f5e87bad3c948f4d605d)
Start importing Assets/Asset/Tileset/fantasy_ [version 2.0]/desert_/Floor/desert__89.asset using Guid(4f85f69f3bdac164691d86faf73fef84) Importer(2089858483,b0f066a214c2f5e87bad3c948f4d605d) (ScriptedImporter) -> (artifact id: '7c3726581fb4d43d96069b8363d32b39') in 0.0138985 seconds
Number of updated asset objects reloaded before import = 0Number of asset objects unloaded after import = 2

========================================================================
Received Import Request.
  Time since last request: 0.000099 seconds.
  path: Assets/Asset/Tileset/fantasy_ [version 2.0]/forest_/Box/forest_ [fencesAndWalls]_52.asset
  artifactKey: Guid(e50b1b52a6e57ac44be9059571259d46) Importer(2089858483,b0f066a214c2f5e87bad3c948f4d605d)
Start importing Assets/Asset/Tileset/fantasy_ [version 2.0]/forest_/Box/forest_ [fencesAndWalls]_52.asset using Guid(e50b1b52a6e57ac44be9059571259d46) Importer(2089858483,b0f066a214c2f5e87bad3c948f4d605d) (ScriptedImporter) -> (artifact id: '17d01f3ba6bd5cfc982f4292f29931d4') in 0.0213359 seconds
Number of updated asset objects reloaded before import = 0Number of asset objects unloaded after import = 2

========================================================================
Received Import Request.
  Time since last request: 0.000016 seconds.
  path: Assets/Asset/Tileset/fantasy_ [version 2.0]/desert_/Floor/desert__64.asset
  artifactKey: Guid(213bf50f91096264490e35037ada289d) Importer(2089858483,b0f066a214c2f5e87bad3c948f4d605d)
Start importing Assets/Asset/Tileset/fantasy_ [version 2.0]/desert_/Floor/desert__64.asset using Guid(213bf50f91096264490e35037ada289d) Importer(2089858483,b0f066a214c2f5e87bad3c948f4d605d) (ScriptedImporter) -> (artifact id: '6874e2fe614849935f7ef799db252a24') in 0.0114905 seconds
Number of updated asset objects reloaded before import = 0Number of asset objects unloaded after import = 2

========================================================================
Received Import Request.
  Time since last request: 18.315309 seconds.
  path: Assets/Asset/Tilemap/fantasy_ [version 2.0]/taiga_
  artifactKey: Guid(ab8b773fa432e03498e19ded31d4f36d) Importer(2089858483,b0f066a214c2f5e87bad3c948f4d605d)
Start importing Assets/Asset/Tilemap/fantasy_ [version 2.0]/taiga_ using Guid(ab8b773fa432e03498e19ded31d4f36d) Importer(2089858483,b0f066a214c2f5e87bad3c948f4d605d) (ScriptedImporter) -> (artifact id: '7c15c768e41fc8a777b491a2dba2fef3') in 0.0120413 seconds
Number of updated asset objects reloaded before import = 0Number of asset objects unloaded after import = 1

========================================================================
Received Import Request.
  Time since last request: 0.000020 seconds.
  path: Assets/Asset/Tilemap/fantasy_ [version 2.0]/forest_/Box/forest_ [fencesAndWalls]_16.asset
  artifactKey: Guid(ce6a01036cbbebb4fae3a5b084fabc02) Importer(2089858483,b0f066a214c2f5e87bad3c948f4d605d)
Start importing Assets/Asset/Tilemap/fantasy_ [version 2.0]/forest_/Box/forest_ [fencesAndWalls]_16.asset using Guid(ce6a01036cbbebb4fae3a5b084fabc02) Importer(2089858483,b0f066a214c2f5e87bad3c948f4d605d) (ScriptedImporter) -> (artifact id: '5827302bbf22f1034b9a8488d01e7ece') in 0.0109955 seconds
Number of updated asset objects reloaded before import = 0Number of asset objects unloaded after import = 2

========================================================================
Received Import Request.
  Time since last request: 0.000017 seconds.
  path: Assets/Asset/Tilemap/fantasy_ [version 2.0]/desert_/desert_ [bridgeVertical].png
  artifactKey: Guid(93b33fe0680ae0640bde1429740ad3c7) Importer(2089858483,b0f066a214c2f5e87bad3c948f4d605d)
Start importing Assets/Asset/Tilemap/fantasy_ [version 2.0]/desert_/desert_ [bridgeVertical].png using Guid(93b33fe0680ae0640bde1429740ad3c7) Importer(2089858483,b0f066a214c2f5e87bad3c948f4d605d) (ScriptedImporter) -> (artifact id: 'e0afc8c9be3530f2cd580f0f4be67f8e') in 0.0119733 seconds
Number of updated asset objects reloaded before import = 0Number of asset objects unloaded after import = 3

========================================================================
Received Import Request.
  Time since last request: 0.000020 seconds.
  path: Assets/Asset/Tilemap/fantasy_ [version 2.0]/desert_/Floor/desert__7.asset
  artifactKey: Guid(a78e9842e2a65b3439d1752952b44eb5) Importer(2089858483,b0f066a214c2f5e87bad3c948f4d605d)
Start importing Assets/Asset/Tilemap/fantasy_ [version 2.0]/desert_/Floor/desert__7.asset using Guid(a78e9842e2a65b3439d1752952b44eb5) Importer(2089858483,b0f066a214c2f5e87bad3c948f4d605d) (ScriptedImporter) -> (artifact id: '449bced2e92adf40b961163992932cf0') in 0.0104486 seconds
Number of updated asset objects reloaded before import = 0Number of asset objects unloaded after import = 2

========================================================================
Received Import Request.
  Time since last request: 0.000016 seconds.
  path: Assets/Asset/Tilemap/fantasy_ [version 2.0]/desert_/Floor/desert__99.asset
  artifactKey: Guid(68c97c016dca2ab4488dd1708ef7322f) Importer(2089858483,b0f066a214c2f5e87bad3c948f4d605d)
Start importing Assets/Asset/Tilemap/fantasy_ [version 2.0]/desert_/Floor/desert__99.asset using Guid(68c97c016dca2ab4488dd1708ef7322f) Importer(2089858483,b0f066a214c2f5e87bad3c948f4d605d) (ScriptedImporter) -> (artifact id: 'caf614a3247af3396ef70218d7749baa') in 0.0122658 seconds
Number of updated asset objects reloaded before import = 0Number of asset objects unloaded after import = 2

========================================================================
Received Import Request.
  Time since last request: 0.000035 seconds.
  path: Assets/Asset/Tilemap/fantasy_ [version 2.0]/forest_/forest_.png
  artifactKey: Guid(d2f6642143443944384ce9728e59eea4) Importer(2089858483,b0f066a214c2f5e87bad3c948f4d605d)
Start importing Assets/Asset/Tilemap/fantasy_ [version 2.0]/forest_/forest_.png using Guid(d2f6642143443944384ce9728e59eea4) Importer(2089858483,b0f066a214c2f5e87bad3c948f4d605d) (ScriptedImporter) -> (artifact id: '102921d4d3ccbba8401d96034efe7b75') in 0.0707124 seconds
Number of updated asset objects reloaded before import = 0Number of asset objects unloaded after import = 117

========================================================================
Received Import Request.
  Time since last request: 0.000029 seconds.
  path: Assets/Asset/Tilemap/fantasy_ [version 2.0]/forest_/Floor/forest__58.asset
  artifactKey: Guid(211c0192cac06fe40a3ead5db4effc51) Importer(2089858483,b0f066a214c2f5e87bad3c948f4d605d)
Start importing Assets/Asset/Tilemap/fantasy_ [version 2.0]/forest_/Floor/forest__58.asset using Guid(211c0192cac06fe40a3ead5db4effc51) Importer(2089858483,b0f066a214c2f5e87bad3c948f4d605d) (ScriptedImporter) -> (artifact id: '057cdb77928dcad04cb56aeca25e4f55') in 0.0126345 seconds
Number of updated asset objects reloaded before import = 0Number of asset objects unloaded after import = 2

========================================================================
Received Import Request.
  Time since last request: 0.000021 seconds.
  path: Assets/Asset/Tilemap/fantasy_ [version 2.0]/forest_/Floor/forest__31.asset
  artifactKey: Guid(d540fdd039105dd40992d306911fc4a9) Importer(2089858483,b0f066a214c2f5e87bad3c948f4d605d)
Start importing Assets/Asset/Tilemap/fantasy_ [version 2.0]/forest_/Floor/forest__31.asset using Guid(d540fdd039105dd40992d306911fc4a9) Importer(2089858483,b0f066a214c2f5e87bad3c948f4d605d) (ScriptedImporter) -> (artifact id: 'bf1e6d921a3e5a4db9de695e946b7357') in 0.0129911 seconds
Number of updated asset objects reloaded before import = 0Number of asset objects unloaded after import = 2

========================================================================
Received Import Request.
  Time since last request: 0.000020 seconds.
  path: Assets/Asset/Tilemap/fantasy_ [version 2.0]/forest_/Floor/forest__93.asset
  artifactKey: Guid(59583840072015a45915ac0d55267013) Importer(2089858483,b0f066a214c2f5e87bad3c948f4d605d)
Start importing Assets/Asset/Tilemap/fantasy_ [version 2.0]/forest_/Floor/forest__93.asset using Guid(59583840072015a45915ac0d55267013) Importer(2089858483,b0f066a214c2f5e87bad3c948f4d605d) (ScriptedImporter) -> (artifact id: 'b1cfaeacc02f1f4862e686f985215b13') in 0.0141445 seconds
Number of updated asset objects reloaded before import = 0Number of asset objects unloaded after import = 2

========================================================================
Received Import Request.
  Time since last request: 0.000021 seconds.
  path: Assets/Asset/Tilemap
  artifactKey: Guid(83b4eed23c046964db151bd078f87818) Importer(2089858483,b0f066a214c2f5e87bad3c948f4d605d)
Start importing Assets/Asset/Tilemap using Guid(83b4eed23c046964db151bd078f87818) Importer(2089858483,b0f066a214c2f5e87bad3c948f4d605d) (ScriptedImporter) -> (artifact id: 'ac97ef34246e7612420a332f95843184') in 0.0108417 seconds
Number of updated asset objects reloaded before import = 0Number of asset objects unloaded after import = 1

========================================================================
Received Import Request.
  Time since last request: 0.000021 seconds.
  path: Assets/Asset/Tilemap/fantasy_ [version 2.0]/forest_/Floor/forest__41.asset
  artifactKey: Guid(ca2127536b31546458d6d18d92e8e545) Importer(2089858483,b0f066a214c2f5e87bad3c948f4d605d)
Start importing Assets/Asset/Tilemap/fantasy_ [version 2.0]/forest_/Floor/forest__41.asset using Guid(ca2127536b31546458d6d18d92e8e545) Importer(2089858483,b0f066a214c2f5e87bad3c948f4d605d) (ScriptedImporter) -> (artifact id: '9cdee8e28ec6202f8474420b55314e32') in 0.0123426 seconds
Number of updated asset objects reloaded before import = 0Number of asset objects unloaded after import = 2

========================================================================
Received Import Request.
  Time since last request: 0.000030 seconds.
  path: Assets/Asset/Tilemap/fantasy_ [version 2.0]/forest_/Box/forest_ [fencesAndWalls]_24.asset
  artifactKey: Guid(a7214675eabf5e241844bc93361cc1e5) Importer(2089858483,b0f066a214c2f5e87bad3c948f4d605d)
Start importing Assets/Asset/Tilemap/fantasy_ [version 2.0]/forest_/Box/forest_ [fencesAndWalls]_24.asset using Guid(a7214675eabf5e241844bc93361cc1e5) Importer(2089858483,b0f066a214c2f5e87bad3c948f4d605d) (ScriptedImporter) -> (artifact id: '495677057e1081d9198b1ebd5d7c9450') in 0.0138905 seconds
Number of updated asset objects reloaded before import = 0Number of asset objects unloaded after import = 2

========================================================================
Received Import Request.
  Time since last request: 0.000030 seconds.
  path: Assets/Asset/Tilemap/fantasy_ [version 2.0]/swamp_/swamp_ [bridgeVertical].png
  artifactKey: Guid(223befa54fb859249bd09059ce16978b) Importer(2089858483,b0f066a214c2f5e87bad3c948f4d605d)
Start importing Assets/Asset/Tilemap/fantasy_ [version 2.0]/swamp_/swamp_ [bridgeVertical].png using Guid(223befa54fb859249bd09059ce16978b) Importer(2089858483,b0f066a214c2f5e87bad3c948f4d605d) (ScriptedImporter) -> (artifact id: 'c5690b9cb9928f5d0138efb7f6329b45') in 0.0138402 seconds
Number of updated asset objects reloaded before import = 0Number of asset objects unloaded after import = 3

========================================================================
Received Import Request.
  Time since last request: 0.000020 seconds.
  path: Assets/Asset/Tilemap/fantasy_ [version 2.0]/forest_/Floor/forest__48.asset
  artifactKey: Guid(e32089c5b6341fa42907a1829fb1affc) Importer(2089858483,b0f066a214c2f5e87bad3c948f4d605d)
Start importing Assets/Asset/Tilemap/fantasy_ [version 2.0]/forest_/Floor/forest__48.asset using Guid(e32089c5b6341fa42907a1829fb1affc) Importer(2089858483,b0f066a214c2f5e87bad3c948f4d605d) (ScriptedImporter) -> (artifact id: 'f850ea5fd7df9b79970f9ae5df439386') in 0.0113041 seconds
Number of updated asset objects reloaded before import = 0Number of asset objects unloaded after import = 2

========================================================================
Received Import Request.
  Time since last request: 0.000017 seconds.
  path: Assets/Asset/Tilemap/fantasy_ [version 2.0]/forest_/Box/forest_ [fencesAndWalls]_64.asset
  artifactKey: Guid(41615eb53d8cf6d408fce2dcf1313335) Importer(2089858483,b0f066a214c2f5e87bad3c948f4d605d)
Start importing Assets/Asset/Tilemap/fantasy_ [version 2.0]/forest_/Box/forest_ [fencesAndWalls]_64.asset using Guid(41615eb53d8cf6d408fce2dcf1313335) Importer(2089858483,b0f066a214c2f5e87bad3c948f4d605d) (ScriptedImporter) -> (artifact id: '959e03b4aeb47a8a2be5708a7c476a0b') in 0.0119278 seconds
Number of updated asset objects reloaded before import = 0Number of asset objects unloaded after import = 2

========================================================================
Received Import Request.
  Time since last request: 0.000018 seconds.
  path: Assets/Asset/Tilemap/fantasy_ [version 2.0]/forest_/Floor/forest__70.asset
  artifactKey: Guid(63af1e31b3e7f03499259e421d37d91f) Importer(2089858483,b0f066a214c2f5e87bad3c948f4d605d)
Start importing Assets/Asset/Tilemap/fantasy_ [version 2.0]/forest_/Floor/forest__70.asset using Guid(63af1e31b3e7f03499259e421d37d91f) Importer(2089858483,b0f066a214c2f5e87bad3c948f4d605d) (ScriptedImporter) -> (artifact id: '9f2fd57c52caabcd3b203064163e06e0') in 0.0130043 seconds
Number of updated asset objects reloaded before import = 0Number of asset objects unloaded after import = 2

========================================================================
Received Import Request.
  Time since last request: 0.000016 seconds.
  path: Assets/Asset/Tilemap/fantasy_ [version 2.0]/forest_/Box/forest_ [fencesAndWalls]_42.asset
  artifactKey: Guid(9a6a3194053b2e647b88e018ae36f784) Importer(2089858483,b0f066a214c2f5e87bad3c948f4d605d)
Start importing Assets/Asset/Tilemap/fantasy_ [version 2.0]/forest_/Box/forest_ [fencesAndWalls]_42.asset using Guid(9a6a3194053b2e647b88e018ae36f784) Importer(2089858483,b0f066a214c2f5e87bad3c948f4d605d) (ScriptedImporter) -> (artifact id: 'edc5410752013e16cbc253accea0171d') in 0.0130564 seconds
Number of updated asset objects reloaded before import = 0Number of asset objects unloaded after import = 2

========================================================================
Received Import Request.
  Time since last request: 0.000022 seconds.
  path: Assets/Asset/Tilemap/fantasy_ [version 2.0]/forest_/Floor/forest__10.asset
  artifactKey: Guid(b0f0b9325f6734c4a93324efa9114a42) Importer(2089858483,b0f066a214c2f5e87bad3c948f4d605d)
Start importing Assets/Asset/Tilemap/fantasy_ [version 2.0]/forest_/Floor/forest__10.asset using Guid(b0f0b9325f6734c4a93324efa9114a42) Importer(2089858483,b0f066a214c2f5e87bad3c948f4d605d) (ScriptedImporter) -> (artifact id: '17925ebed12ac5519e12925e88067e75') in 0.0121609 seconds
Number of updated asset objects reloaded before import = 0Number of asset objects unloaded after import = 2

========================================================================
Received Import Request.
  Time since last request: 0.000026 seconds.
  path: Assets/Asset/Tilemap/fantasy_ [version 2.0]/swamp_/swamp_ [bridgeAnimatedTiles].png
  artifactKey: Guid(5affffc53eead63478eaebdcf983fce7) Importer(2089858483,b0f066a214c2f5e87bad3c948f4d605d)
Start importing Assets/Asset/Tilemap/fantasy_ [version 2.0]/swamp_/swamp_ [bridgeAnimatedTiles].png using Guid(5affffc53eead63478eaebdcf983fce7) Importer(2089858483,b0f066a214c2f5e87bad3c948f4d605d) (ScriptedImporter) -> (artifact id: '2d4d69d3bd666868befeb0a7c56624af') in 0.0152371 seconds
Number of updated asset objects reloaded before import = 0Number of asset objects unloaded after import = 3

========================================================================
Received Import Request.
  Time since last request: 0.000020 seconds.
  path: Assets/Asset/Tilemap/fantasy_ [version 2.0]/taiga_/taiga_.png
  artifactKey: Guid(4531306128984444890565a1a4c922db) Importer(2089858483,b0f066a214c2f5e87bad3c948f4d605d)
Start importing Assets/Asset/Tilemap/fantasy_ [version 2.0]/taiga_/taiga_.png using Guid(4531306128984444890565a1a4c922db) Importer(2089858483,b0f066a214c2f5e87bad3c948f4d605d) (ScriptedImporter) -> (artifact id: '0ebca8c47ea0228089d277f64a527359') in 0.0133687 seconds
Number of updated asset objects reloaded before import = 0Number of asset objects unloaded after import = 3

========================================================================
Received Import Request.
  Time since last request: 0.000018 seconds.
  path: Assets/Asset/Tilemap/fantasy_ [version 2.0]/tundra_/tundra_ [ice].png
  artifactKey: Guid(8cca9080419f163448e31e34bb1075fd) Importer(2089858483,b0f066a214c2f5e87bad3c948f4d605d)
Start importing Assets/Asset/Tilemap/fantasy_ [version 2.0]/tundra_/tundra_ [ice].png using Guid(8cca9080419f163448e31e34bb1075fd) Importer(2089858483,b0f066a214c2f5e87bad3c948f4d605d) (ScriptedImporter) -> (artifact id: '7fd6c1030f70b075a24a60d24b34e323') in 0.0165187 seconds
Number of updated asset objects reloaded before import = 0Number of asset objects unloaded after import = 3

========================================================================
Received Import Request.
  Time since last request: 0.000026 seconds.
  path: Assets/Asset/Tilemap/fantasy_ [version 2.0]/forest_/Floor/forest__19.asset
  artifactKey: Guid(61edac859b40ce045962484da18b975d) Importer(2089858483,b0f066a214c2f5e87bad3c948f4d605d)
Start importing Assets/Asset/Tilemap/fantasy_ [version 2.0]/forest_/Floor/forest__19.asset using Guid(61edac859b40ce045962484da18b975d) Importer(2089858483,b0f066a214c2f5e87bad3c948f4d605d) (ScriptedImporter) -> (artifact id: '62f6ca8d3e1c45770834e81605ecca28') in 0.0128044 seconds
Number of updated asset objects reloaded before import = 0Number of asset objects unloaded after import = 2

========================================================================
Received Import Request.
  Time since last request: 0.000024 seconds.
  path: Assets/Asset/Tilemap/fantasy_ [version 2.0]/forest_/Box/forest_ [fencesAndWalls]_0.asset
  artifactKey: Guid(1f3c9a669821ea448b5ea7eb05213d06) Importer(2089858483,b0f066a214c2f5e87bad3c948f4d605d)
Start importing Assets/Asset/Tilemap/fantasy_ [version 2.0]/forest_/Box/forest_ [fencesAndWalls]_0.asset using Guid(1f3c9a669821ea448b5ea7eb05213d06) Importer(2089858483,b0f066a214c2f5e87bad3c948f4d605d) (ScriptedImporter) -> (artifact id: 'bc4a43bd2d92fc568e74d45f16e90167') in 0.0122786 seconds
Number of updated asset objects reloaded before import = 0Number of asset objects unloaded after import = 2

========================================================================
Received Import Request.
  Time since last request: 0.000020 seconds.
  path: Assets/Asset/Tilemap/fantasy_ [version 2.0]/tundra_/ice_.png
  artifactKey: Guid(3399b257178d59b46a3e130978571fa1) Importer(2089858483,b0f066a214c2f5e87bad3c948f4d605d)
Start importing Assets/Asset/Tilemap/fantasy_ [version 2.0]/tundra_/ice_.png using Guid(3399b257178d59b46a3e130978571fa1) Importer(2089858483,b0f066a214c2f5e87bad3c948f4d605d) (ScriptedImporter) -> (artifact id: '343f723f21517b9d9f9750b5ab60eebf') in 0.0154562 seconds
Number of updated asset objects reloaded before import = 0Number of asset objects unloaded after import = 3

========================================================================
Received Import Request.
  Time since last request: 0.000030 seconds.
  path: Assets/Asset/Tilemap/fantasy_ [version 2.0]/forest_/Box/forest_ [fencesAndWalls]_41.asset
  artifactKey: Guid(d52283066210a5e46b7910f0cd200493) Importer(2089858483,b0f066a214c2f5e87bad3c948f4d605d)
Start importing Assets/Asset/Tilemap/fantasy_ [version 2.0]/forest_/Box/forest_ [fencesAndWalls]_41.asset using Guid(d52283066210a5e46b7910f0cd200493) Importer(2089858483,b0f066a214c2f5e87bad3c948f4d605d) (ScriptedImporter) -> (artifact id: '7d62f1aa55914416667923fa32a60a02') in 0.0120154 seconds
Number of updated asset objects reloaded before import = 0Number of asset objects unloaded after import = 2

========================================================================
Received Import Request.
  Time since last request: 0.000018 seconds.
  path: Assets/Asset/Tilemap/fantasy_ [version 2.0]/desert_/Floor/desert__63.asset
  artifactKey: Guid(2e65e556d4d6e5b4eac20bc4b51594db) Importer(2089858483,b0f066a214c2f5e87bad3c948f4d605d)
Start importing Assets/Asset/Tilemap/fantasy_ [version 2.0]/desert_/Floor/desert__63.asset using Guid(2e65e556d4d6e5b4eac20bc4b51594db) Importer(2089858483,b0f066a214c2f5e87bad3c948f4d605d) (ScriptedImporter) -> (artifact id: '4633325031c5d86246e0c9488cdabe76') in 0.0116089 seconds
Number of updated asset objects reloaded before import = 0Number of asset objects unloaded after import = 2

========================================================================
Received Import Request.
  Time since last request: 0.000021 seconds.
  path: Assets/Asset/Tilemap/fantasy_ [version 2.0]/forest_/Box/forest_ [fencesAndWalls]_28.asset
  artifactKey: Guid(c30698f6bce67414090d14d93449a121) Importer(2089858483,b0f066a214c2f5e87bad3c948f4d605d)
Start importing Assets/Asset/Tilemap/fantasy_ [version 2.0]/forest_/Box/forest_ [fencesAndWalls]_28.asset using Guid(c30698f6bce67414090d14d93449a121) Importer(2089858483,b0f066a214c2f5e87bad3c948f4d605d) (ScriptedImporter) -> (artifact id: 'a33db46fc86cf72642fa428322917bbe') in 0.0139748 seconds
Number of updated asset objects reloaded before import = 0Number of asset objects unloaded after import = 2

========================================================================
Received Import Request.
  Time since last request: 0.000026 seconds.
  path: Assets/Asset/Tilemap/fantasy_ [version 2.0]/fantasy_/taigaDesert_.png
  artifactKey: Guid(438a9b467ca0aec4e92a0de4b462c49c) Importer(2089858483,b0f066a214c2f5e87bad3c948f4d605d)
Start importing Assets/Asset/Tilemap/fantasy_ [version 2.0]/fantasy_/taigaDesert_.png using Guid(438a9b467ca0aec4e92a0de4b462c49c) Importer(2089858483,b0f066a214c2f5e87bad3c948f4d605d) (ScriptedImporter) -> (artifact id: '12a00416a8ed2ac5027187a9c929579a') in 0.0147773 seconds
Number of updated asset objects reloaded before import = 0Number of asset objects unloaded after import = 3

========================================================================
Received Import Request.
  Time since last request: 0.000073 seconds.
  path: Assets/Asset/Tilemap/fantasy_ [version 2.0]/forest_/forest_ [bridgeAnimatedTiles].png
  artifactKey: Guid(524262664642d6740a159d72ea0d8777) Importer(2089858483,b0f066a214c2f5e87bad3c948f4d605d)
Start importing Assets/Asset/Tilemap/fantasy_ [version 2.0]/forest_/forest_ [bridgeAnimatedTiles].png using Guid(524262664642d6740a159d72ea0d8777) Importer(2089858483,b0f066a214c2f5e87bad3c948f4d605d) (ScriptedImporter) -> (artifact id: '5a5366ca9f0ac821e386a24782f00385') in 0.0142672 seconds
Number of updated asset objects reloaded before import = 0Number of asset objects unloaded after import = 3

========================================================================
Received Import Request.
  Time since last request: 0.000020 seconds.
  path: Assets/Asset/Tilemap/fantasy_ [version 2.0]/forest_/Floor/forest__83.asset
  artifactKey: Guid(594f7a2112d45634e8257136dc196f1c) Importer(2089858483,b0f066a214c2f5e87bad3c948f4d605d)
Start importing Assets/Asset/Tilemap/fantasy_ [version 2.0]/forest_/Floor/forest__83.asset using Guid(594f7a2112d45634e8257136dc196f1c) Importer(2089858483,b0f066a214c2f5e87bad3c948f4d605d) (ScriptedImporter) -> (artifact id: '1d8187281c4b8875a80effe891077a3c') in 0.011344 seconds
Number of updated asset objects reloaded before import = 0Number of asset objects unloaded after import = 2

========================================================================
Received Import Request.
  Time since last request: 0.000029 seconds.
  path: Assets/Asset/Tilemap/fantasy_ [version 2.0]/forest_/Floor/forest__26.asset
  artifactKey: Guid(7ffb9a95a41e58d4d974765c27281d41) Importer(2089858483,b0f066a214c2f5e87bad3c948f4d605d)
Start importing Assets/Asset/Tilemap/fantasy_ [version 2.0]/forest_/Floor/forest__26.asset using Guid(7ffb9a95a41e58d4d974765c27281d41) Importer(2089858483,b0f066a214c2f5e87bad3c948f4d605d) (ScriptedImporter) -> (artifact id: '6878ae667e8769e1956b34acb32d0a93') in 0.011624 seconds
Number of updated asset objects reloaded before import = 0Number of asset objects unloaded after import = 2

========================================================================
Received Import Request.
  Time since last request: 0.000019 seconds.
  path: Assets/Asset/Tilemap/fantasy_ [version 2.0]/forest_/Box/forest_ [fencesAndWalls]_103.asset
  artifactKey: Guid(518ca766647ea474c9bfdc63f251c0f6) Importer(2089858483,b0f066a214c2f5e87bad3c948f4d605d)
Start importing Assets/Asset/Tilemap/fantasy_ [version 2.0]/forest_/Box/forest_ [fencesAndWalls]_103.asset using Guid(518ca766647ea474c9bfdc63f251c0f6) Importer(2089858483,b0f066a214c2f5e87bad3c948f4d605d) (ScriptedImporter) -> (artifact id: '55e9b79e9d3a4218d1c66e87cdbfac46') in 0.0100518 seconds
Number of updated asset objects reloaded before import = 0Number of asset objects unloaded after import = 2

========================================================================
Received Import Request.
  Time since last request: 0.000017 seconds.
  path: Assets/Asset/Tilemap/fantasy_ [version 2.0]/forest_/Box/forest_ [fencesAndWalls]_9.asset
  artifactKey: Guid(f91dc0f0767a8a94cb06b8d410b27a57) Importer(2089858483,b0f066a214c2f5e87bad3c948f4d605d)
Start importing Assets/Asset/Tilemap/fantasy_ [version 2.0]/forest_/Box/forest_ [fencesAndWalls]_9.asset using Guid(f91dc0f0767a8a94cb06b8d410b27a57) Importer(2089858483,b0f066a214c2f5e87bad3c948f4d605d) (ScriptedImporter) -> (artifact id: 'b988ace68397441f4669847d81219c41') in 0.0119224 seconds
Number of updated asset objects reloaded before import = 0Number of asset objects unloaded after import = 2

========================================================================
Received Import Request.
  Time since last request: 0.000025 seconds.
  path: Assets/Asset/Tilemap/fantasy_ [version 2.0]/forest_/Box
  artifactKey: Guid(f9b7d94af1bd11843b45bc91b74ea8db) Importer(2089858483,b0f066a214c2f5e87bad3c948f4d605d)
Start importing Assets/Asset/Tilemap/fantasy_ [version 2.0]/forest_/Box using Guid(f9b7d94af1bd11843b45bc91b74ea8db) Importer(2089858483,b0f066a214c2f5e87bad3c948f4d605d) (ScriptedImporter) -> (artifact id: '17ec9e7239b714a94d075a6f68bf93f0') in 0.0103769 seconds
Number of updated asset objects reloaded before import = 0Number of asset objects unloaded after import = 1

========================================================================
Received Import Request.
  Time since last request: 0.000016 seconds.
  path: Assets/Asset/Tilemap/fantasy_ [version 2.0]/forest_/Floor/forest__71.asset
  artifactKey: Guid(37c7e69809ebf2842b802c6d4a0d4f8e) Importer(2089858483,b0f066a214c2f5e87bad3c948f4d605d)
Start importing Assets/Asset/Tilemap/fantasy_ [version 2.0]/forest_/Floor/forest__71.asset using Guid(37c7e69809ebf2842b802c6d4a0d4f8e) Importer(2089858483,b0f066a214c2f5e87bad3c948f4d605d) (ScriptedImporter) -> (artifact id: '1a56589f09b1982615797de20fbd4aa5') in 0.0125836 seconds
Number of updated asset objects reloaded before import = 0Number of asset objects unloaded after import = 2

========================================================================
Received Import Request.
  Time since last request: 0.000018 seconds.
  path: Assets/Asset/Tilemap/fantasy_ [version 2.0]/forest_/Floor/forest__100.asset
  artifactKey: Guid(aa6188c9e4a9a974dbb83eb86acab09c) Importer(2089858483,b0f066a214c2f5e87bad3c948f4d605d)
Start importing Assets/Asset/Tilemap/fantasy_ [version 2.0]/forest_/Floor/forest__100.asset using Guid(aa6188c9e4a9a974dbb83eb86acab09c) Importer(2089858483,b0f066a214c2f5e87bad3c948f4d605d) (ScriptedImporter) -> (artifact id: '2c631cb83216f4c637279cb3666018b5') in 0.0120948 seconds
Number of updated asset objects reloaded before import = 0Number of asset objects unloaded after import = 2

========================================================================
Received Import Request.
  Time since last request: 0.000026 seconds.
  path: Assets/Asset/Tilemap/fantasy_ [version 2.0]/forest_/Floor/forest__0.asset
  artifactKey: Guid(c6e66d972391cec42b8e8153a98a8a20) Importer(2089858483,b0f066a214c2f5e87bad3c948f4d605d)
Start importing Assets/Asset/Tilemap/fantasy_ [version 2.0]/forest_/Floor/forest__0.asset using Guid(c6e66d972391cec42b8e8153a98a8a20) Importer(2089858483,b0f066a214c2f5e87bad3c948f4d605d) (ScriptedImporter) -> (artifact id: '30795750f899979c071b9eceaa8e0064') in 0.0132757 seconds
Number of updated asset objects reloaded before import = 0Number of asset objects unloaded after import = 2

========================================================================
Received Import Request.
  Time since last request: 0.000027 seconds.
  path: Assets/Asset/Tilemap/fantasy_ [version 2.0]/forest_/Box/forest_ [fencesAndWalls]_68.asset
  artifactKey: Guid(d3d9fba877504b44d82cd717c24f5198) Importer(2089858483,b0f066a214c2f5e87bad3c948f4d605d)
Start importing Assets/Asset/Tilemap/fantasy_ [version 2.0]/forest_/Box/forest_ [fencesAndWalls]_68.asset using Guid(d3d9fba877504b44d82cd717c24f5198) Importer(2089858483,b0f066a214c2f5e87bad3c948f4d605d) (ScriptedImporter) -> (artifact id: 'b63cd9a5dbf0fe15b54964a00b1262f5') in 0.0151549 seconds
Number of updated asset objects reloaded before import = 0Number of asset objects unloaded after import = 2

========================================================================
Received Import Request.
  Time since last request: 0.000019 seconds.
  path: Assets/Asset/Tilemap/fantasy_ [version 2.0]/taiga_/taiga_ [resources].png
  artifactKey: Guid(47c0a03ae1e52de4e97ad08f5e5d0cd8) Importer(2089858483,b0f066a214c2f5e87bad3c948f4d605d)
Start importing Assets/Asset/Tilemap/fantasy_ [version 2.0]/taiga_/taiga_ [resources].png using Guid(47c0a03ae1e52de4e97ad08f5e5d0cd8) Importer(2089858483,b0f066a214c2f5e87bad3c948f4d605d) (ScriptedImporter) -> (artifact id: '912d02fc30233e0f0f3f7341893262e7') in 0.0427214 seconds
Number of updated asset objects reloaded before import = 0Number of asset objects unloaded after import = 36

========================================================================
Received Import Request.
  Time since last request: 0.000019 seconds.
  path: Assets/Asset/Tilemap/fantasy_ [version 2.0]/desert_/Floor/desert__22.asset
  artifactKey: Guid(2c2beff7fe868bd4bb6adc3e79672565) Importer(2089858483,b0f066a214c2f5e87bad3c948f4d605d)
Start importing Assets/Asset/Tilemap/fantasy_ [version 2.0]/desert_/Floor/desert__22.asset using Guid(2c2beff7fe868bd4bb6adc3e79672565) Importer(2089858483,b0f066a214c2f5e87bad3c948f4d605d) (ScriptedImporter) -> (artifact id: '235c4fd0c9540ce9e45c65e60655f4e1') in 0.011083 seconds
Number of updated asset objects reloaded before import = 0Number of asset objects unloaded after import = 2

========================================================================
Received Import Request.
  Time since last request: 0.000029 seconds.
  path: Assets/Asset/Tilemap/fantasy_ [version 2.0]/desert_/Floor/Venus.prefab
  artifactKey: Guid(46872618b510f9644adf098c890e8eef) Importer(2089858483,b0f066a214c2f5e87bad3c948f4d605d)
Start importing Assets/Asset/Tilemap/fantasy_ [version 2.0]/desert_/Floor/Venus.prefab using Guid(46872618b510f9644adf098c890e8eef) Importer(2089858483,b0f066a214c2f5e87bad3c948f4d605d) (ScriptedImporter) -> (artifact id: 'e2b4d53a4cb4725902317a2e845821e4') in 0.0142642 seconds
Number of updated asset objects reloaded before import = 0Number of asset objects unloaded after import = 10

========================================================================
Received Import Request.
  Time since last request: 0.000029 seconds.
  path: Assets/Asset/Tilemap/fantasy_ [version 2.0]/fantasy_/taigaForest_.png
  artifactKey: Guid(3df4c2408bd2c874c811117e493e30f8) Importer(2089858483,b0f066a214c2f5e87bad3c948f4d605d)
Start importing Assets/Asset/Tilemap/fantasy_ [version 2.0]/fantasy_/taigaForest_.png using Guid(3df4c2408bd2c874c811117e493e30f8) Importer(2089858483,b0f066a214c2f5e87bad3c948f4d605d) (ScriptedImporter) -> (artifact id: '4219d2397ed0c9911fef7969c36e9909') in 0.0179423 seconds
Number of updated asset objects reloaded before import = 0Number of asset objects unloaded after import = 3

========================================================================
Received Import Request.
  Time since last request: 0.000025 seconds.
  path: Assets/Asset/Tilemap/fantasy_ [version 2.0]/forest_/Box/forest_ [fencesAndWalls]_116.asset
  artifactKey: Guid(98485747f01e5cf408be99b4cff9402b) Importer(2089858483,b0f066a214c2f5e87bad3c948f4d605d)
Start importing Assets/Asset/Tilemap/fantasy_ [version 2.0]/forest_/Box/forest_ [fencesAndWalls]_116.asset using Guid(98485747f01e5cf408be99b4cff9402b) Importer(2089858483,b0f066a214c2f5e87bad3c948f4d605d) (ScriptedImporter) -> (artifact id: '9fee67f704d02622ee75d5fc3d0a8e54') in 0.0127516 seconds
Number of updated asset objects reloaded before import = 0Number of asset objects unloaded after import = 2

========================================================================
Received Import Request.
  Time since last request: 0.000021 seconds.
  path: Assets/Asset/Tilemap/fantasy_ [version 2.0]/forest_/Floor/forest__9.asset
  artifactKey: Guid(8c8df63862d133644bb50b8b93199fa2) Importer(2089858483,b0f066a214c2f5e87bad3c948f4d605d)
Start importing Assets/Asset/Tilemap/fantasy_ [version 2.0]/forest_/Floor/forest__9.asset using Guid(8c8df63862d133644bb50b8b93199fa2) Importer(2089858483,b0f066a214c2f5e87bad3c948f4d605d) (ScriptedImporter) -> (artifact id: 'da3e5e2086bd27d2acda9eb6492bdbb7') in 0.0131746 seconds
Number of updated asset objects reloaded before import = 0Number of asset objects unloaded after import = 2

========================================================================
Received Import Request.
  Time since last request: 0.000020 seconds.
  path: Assets/Asset/Tilemap/fantasy_ [version 2.0]/taiga_/taiga_ [bridgeVertical].png
  artifactKey: Guid(5957d35ba17706e4495035137a9a1f17) Importer(2089858483,b0f066a214c2f5e87bad3c948f4d605d)
Start importing Assets/Asset/Tilemap/fantasy_ [version 2.0]/taiga_/taiga_ [bridgeVertical].png using Guid(5957d35ba17706e4495035137a9a1f17) Importer(2089858483,b0f066a214c2f5e87bad3c948f4d605d) (ScriptedImporter) -> (artifact id: '54236969fb2dec3ce5bc32d9679f62aa') in 0.0147234 seconds
Number of updated asset objects reloaded before import = 0Number of asset objects unloaded after import = 3

========================================================================
Received Import Request.
  Time since last request: 0.000024 seconds.
  path: Assets/Asset/Tilemap/fantasy_ [version 2.0]/forest_/Box/forest_ [fencesAndWalls]_5.asset
  artifactKey: Guid(712c0d3b21fa9d54aaaad51e5d8076aa) Importer(2089858483,b0f066a214c2f5e87bad3c948f4d605d)
Start importing Assets/Asset/Tilemap/fantasy_ [version 2.0]/forest_/Box/forest_ [fencesAndWalls]_5.asset using Guid(712c0d3b21fa9d54aaaad51e5d8076aa) Importer(2089858483,b0f066a214c2f5e87bad3c948f4d605d) (ScriptedImporter) -> (artifact id: 'c61e8e75ce48fe5a792c3a4c4cfabd04') in 0.0131384 seconds
Number of updated asset objects reloaded before import = 0Number of asset objects unloaded after import = 2

========================================================================
Received Import Request.
  Time since last request: 0.000021 seconds.
  path: Assets/Asset/Tilemap/fantasy_ [version 2.0]/forest_/Box/forest_ [fencesAndWalls]_43.asset
  artifactKey: Guid(60a43aeb953a90b4bb479ec9675ce7cf) Importer(2089858483,b0f066a214c2f5e87bad3c948f4d605d)
Start importing Assets/Asset/Tilemap/fantasy_ [version 2.0]/forest_/Box/forest_ [fencesAndWalls]_43.asset using Guid(60a43aeb953a90b4bb479ec9675ce7cf) Importer(2089858483,b0f066a214c2f5e87bad3c948f4d605d) (ScriptedImporter) -> (artifact id: 'ebf5955c6670d9e6f591e4f433c36ffe') in 0.0120233 seconds
Number of updated asset objects reloaded before import = 0Number of asset objects unloaded after import = 2

========================================================================
Received Import Request.
  Time since last request: 0.000031 seconds.
  path: Assets/Asset/Tilemap/fantasy_ [version 2.0]/forest_/Floor/forest__91.asset
  artifactKey: Guid(8c64e91b6e686fc4b8f15762159c5f1e) Importer(2089858483,b0f066a214c2f5e87bad3c948f4d605d)
Start importing Assets/Asset/Tilemap/fantasy_ [version 2.0]/forest_/Floor/forest__91.asset using Guid(8c64e91b6e686fc4b8f15762159c5f1e) Importer(2089858483,b0f066a214c2f5e87bad3c948f4d605d) (ScriptedImporter) -> (artifact id: 'f9ac3fbe5014776fad488a98316e35a2') in 0.0121853 seconds
Number of updated asset objects reloaded before import = 0Number of asset objects unloaded after import = 2

========================================================================
Received Import Request.
  Time since last request: 0.000018 seconds.
  path: Assets/Asset/Tilemap/fantasy_ [version 2.0]/forest_/Box/forest_ [fencesAndWalls]_10.asset
  artifactKey: Guid(2154e03b2fdc6044f802608582c9be04) Importer(2089858483,b0f066a214c2f5e87bad3c948f4d605d)
Start importing Assets/Asset/Tilemap/fantasy_ [version 2.0]/forest_/Box/forest_ [fencesAndWalls]_10.asset using Guid(2154e03b2fdc6044f802608582c9be04) Importer(2089858483,b0f066a214c2f5e87bad3c948f4d605d) (ScriptedImporter) -> (artifact id: 'ec600592e8bd482166483c404b97d0e1') in 0.0130863 seconds
Number of updated asset objects reloaded before import = 0Number of asset objects unloaded after import = 2

========================================================================
Received Import Request.
  Time since last request: 0.000017 seconds.
  path: Assets/Asset/Tilemap/fantasy_ [version 2.0]/taiga_/taiga_ [bridgeAnimatedTiles].png
  artifactKey: Guid(664ef62b69144fd488360ab864d86007) Importer(2089858483,b0f066a214c2f5e87bad3c948f4d605d)
Start importing Assets/Asset/Tilemap/fantasy_ [version 2.0]/taiga_/taiga_ [bridgeAnimatedTiles].png using Guid(664ef62b69144fd488360ab864d86007) Importer(2089858483,b0f066a214c2f5e87bad3c948f4d605d) (ScriptedImporter) -> (artifact id: '8d1dec3ecf73f8bf27901a7386162eb6') in 0.0152561 seconds
Number of updated asset objects reloaded before import = 0Number of asset objects unloaded after import = 3

========================================================================
Received Import Request.
  Time since last request: 0.000075 seconds.
  path: Assets/Asset/Tilemap/fantasy_ [version 2.0]/forest_/Box/forest_ [fencesAndWalls]_74.asset
  artifactKey: Guid(41c47a8a1595b624987a84bc5b4b4d17) Importer(2089858483,b0f066a214c2f5e87bad3c948f4d605d)
Start importing Assets/Asset/Tilemap/fantasy_ [version 2.0]/forest_/Box/forest_ [fencesAndWalls]_74.asset using Guid(41c47a8a1595b624987a84bc5b4b4d17) Importer(2089858483,b0f066a214c2f5e87bad3c948f4d605d) (ScriptedImporter) -> (artifact id: '2882985375e9b805a4f8e4791fcd15ef') in 0.0121935 seconds
Number of updated asset objects reloaded before import = 0Number of asset objects unloaded after import = 2

========================================================================
Received Import Request.
  Time since last request: 0.000018 seconds.
  path: Assets/Asset/Tilemap/fantasy_ [version 2.0]/forest_/Floor/forest__72.asset
  artifactKey: Guid(f82aea7ab02a9f74ca4f75878390b347) Importer(2089858483,b0f066a214c2f5e87bad3c948f4d605d)
Start importing Assets/Asset/Tilemap/fantasy_ [version 2.0]/forest_/Floor/forest__72.asset using Guid(f82aea7ab02a9f74ca4f75878390b347) Importer(2089858483,b0f066a214c2f5e87bad3c948f4d605d) (ScriptedImporter) -> (artifact id: 'a504bf1bb411d9a7f2f6997e4da718cf') in 0.0119187 seconds
Number of updated asset objects reloaded before import = 0Number of asset objects unloaded after import = 2

========================================================================
Received Import Request.
  Time since last request: 0.000021 seconds.
  path: Assets/Asset/Tilemap/fantasy_ [version 2.0]/forest_/Floor/forest__79.asset
  artifactKey: Guid(66747ea3f0d3d43438539d905f3f8f91) Importer(2089858483,b0f066a214c2f5e87bad3c948f4d605d)
Start importing Assets/Asset/Tilemap/fantasy_ [version 2.0]/forest_/Floor/forest__79.asset using Guid(66747ea3f0d3d43438539d905f3f8f91) Importer(2089858483,b0f066a214c2f5e87bad3c948f4d605d) (ScriptedImporter) -> (artifact id: '8782512326283aadb584bc5b3336a504') in 0.0117109 seconds
Number of updated asset objects reloaded before import = 0Number of asset objects unloaded after import = 2

========================================================================
Received Import Request.
  Time since last request: 0.000025 seconds.
  path: Assets/Asset/Tilemap/fantasy_ [version 2.0]/desert_/desert_ [resources].png
  artifactKey: Guid(50339238818c31e4d893d79bbf81d640) Importer(2089858483,b0f066a214c2f5e87bad3c948f4d605d)
Start importing Assets/Asset/Tilemap/fantasy_ [version 2.0]/desert_/desert_ [resources].png using Guid(50339238818c31e4d893d79bbf81d640) Importer(2089858483,b0f066a214c2f5e87bad3c948f4d605d) (ScriptedImporter) -> (artifact id: '7117c5d05c038fb128aaf37b9702dc75') in 0.0313096 seconds
Number of updated asset objects reloaded before import = 0Number of asset objects unloaded after import = 27

========================================================================
Received Import Request.
  Time since last request: 0.000019 seconds.
  path: Assets/Asset/Tilemap/fantasy_ [version 2.0]/forest_/Box/forest_ [fencesAndWalls]_108.asset
  artifactKey: Guid(ada17fc651fbfd246bbf5965462edb45) Importer(2089858483,b0f066a214c2f5e87bad3c948f4d605d)
Start importing Assets/Asset/Tilemap/fantasy_ [version 2.0]/forest_/Box/forest_ [fencesAndWalls]_108.asset using Guid(ada17fc651fbfd246bbf5965462edb45) Importer(2089858483,b0f066a214c2f5e87bad3c948f4d605d) (ScriptedImporter) -> (artifact id: 'f48f8fd8f9a480d9cfe4ebfdd7339637') in 0.0121187 seconds
Number of updated asset objects reloaded before import = 0Number of asset objects unloaded after import = 2

========================================================================
Received Import Request.
  Time since last request: 0.000018 seconds.
  path: Assets/Asset/Tilemap/fantasy_ [version 2.0]/desert_/quickSand_.png
  artifactKey: Guid(d6e6da7d9e821774e9deba6b8effe5ce) Importer(2089858483,b0f066a214c2f5e87bad3c948f4d605d)
Start importing Assets/Asset/Tilemap/fantasy_ [version 2.0]/desert_/quickSand_.png using Guid(d6e6da7d9e821774e9deba6b8effe5ce) Importer(2089858483,b0f066a214c2f5e87bad3c948f4d605d) (ScriptedImporter) -> (artifact id: '5edb6e81c43897dd01922aa0cc5f2996') in 0.0132488 seconds
Number of updated asset objects reloaded before import = 0Number of asset objects unloaded after import = 3

========================================================================
Received Import Request.
  Time since last request: 0.000019 seconds.
  path: Assets/Asset/Tilemap/fantasy_ [version 2.0]/forest_/Floor/forest__75.asset
  artifactKey: Guid(72d6a85dff666934e8897be130ba6f53) Importer(2089858483,b0f066a214c2f5e87bad3c948f4d605d)
Start importing Assets/Asset/Tilemap/fantasy_ [version 2.0]/forest_/Floor/forest__75.asset using Guid(72d6a85dff666934e8897be130ba6f53) Importer(2089858483,b0f066a214c2f5e87bad3c948f4d605d) (ScriptedImporter) -> (artifact id: '0f1c6d72905590ffb47696f0e5a9aa77') in 0.016904 seconds
Number of updated asset objects reloaded before import = 0Number of asset objects unloaded after import = 2

========================================================================
Received Import Request.
  Time since last request: 0.000017 seconds.
  path: Assets/Asset/Tilemap/fantasy_ [version 2.0]/forest_/Box/forest_ [fencesAndWalls]_91.asset
  artifactKey: Guid(c58a225d2c5cea04fa1e463c9f4d02c0) Importer(2089858483,b0f066a214c2f5e87bad3c948f4d605d)
Start importing Assets/Asset/Tilemap/fantasy_ [version 2.0]/forest_/Box/forest_ [fencesAndWalls]_91.asset using Guid(c58a225d2c5cea04fa1e463c9f4d02c0) Importer(2089858483,b0f066a214c2f5e87bad3c948f4d605d) (ScriptedImporter) -> (artifact id: '027804278f884f4ae2ce8d2e3eea99c2') in 0.0134924 seconds
Number of updated asset objects reloaded before import = 0Number of asset objects unloaded after import = 2

========================================================================
Received Import Request.
  Time since last request: 0.000021 seconds.
  path: Assets/Asset/Tilemap/fantasy_ [version 2.0]/forest_/Floor/forest__6.asset
  artifactKey: Guid(442d7c4dd653c3249805d78a1dd89b51) Importer(2089858483,b0f066a214c2f5e87bad3c948f4d605d)
Start importing Assets/Asset/Tilemap/fantasy_ [version 2.0]/forest_/Floor/forest__6.asset using Guid(442d7c4dd653c3249805d78a1dd89b51) Importer(2089858483,b0f066a214c2f5e87bad3c948f4d605d) (ScriptedImporter) -> (artifact id: 'df00b915f341c41869718486d59133d5') in 0.0119093 seconds
Number of updated asset objects reloaded before import = 0Number of asset objects unloaded after import = 2

========================================================================
Received Import Request.
  Time since last request: 0.000030 seconds.
  path: Assets/Asset/Tilemap/fantasy_ [version 2.0]/desert_/Floor/desert__51.asset
  artifactKey: Guid(ee2cdd7dc6217494380648c915d3ef52) Importer(2089858483,b0f066a214c2f5e87bad3c948f4d605d)
Start importing Assets/Asset/Tilemap/fantasy_ [version 2.0]/desert_/Floor/desert__51.asset using Guid(ee2cdd7dc6217494380648c915d3ef52) Importer(2089858483,b0f066a214c2f5e87bad3c948f4d605d) (ScriptedImporter) -> (artifact id: 'a2d060db41e4bdd0da534cfe9f8e9b7b') in 0.0109137 seconds
Number of updated asset objects reloaded before import = 0Number of asset objects unloaded after import = 2

========================================================================
Received Import Request.
  Time since last request: 0.000020 seconds.
  path: Assets/Asset/Tilemap/fantasy_ [version 2.0]/forest_/Box/forest_ [fencesAndWalls]_63.asset
  artifactKey: Guid(4d4ba47c130338f4cb5eb690921cbde1) Importer(2089858483,b0f066a214c2f5e87bad3c948f4d605d)
Start importing Assets/Asset/Tilemap/fantasy_ [version 2.0]/forest_/Box/forest_ [fencesAndWalls]_63.asset using Guid(4d4ba47c130338f4cb5eb690921cbde1) Importer(2089858483,b0f066a214c2f5e87bad3c948f4d605d) (ScriptedImporter) -> (artifact id: '9a340bbd07a06d7c2d54a38f85bfabba') in 0.0133707 seconds
Number of updated asset objects reloaded before import = 0Number of asset objects unloaded after import = 2

========================================================================
Received Import Request.
  Time since last request: 0.000017 seconds.
  path: Assets/Asset/Tilemap/fantasy_ [version 2.0]/desert_/Floor/desert__57.asset
  artifactKey: Guid(048b00eca81be1c41807a40461f49421) Importer(2089858483,b0f066a214c2f5e87bad3c948f4d605d)
Start importing Assets/Asset/Tilemap/fantasy_ [version 2.0]/desert_/Floor/desert__57.asset using Guid(048b00eca81be1c41807a40461f49421) Importer(2089858483,b0f066a214c2f5e87bad3c948f4d605d) (ScriptedImporter) -> (artifact id: 'a73d026b849552a9b84616b9d708a1aa') in 0.0135391 seconds
Number of updated asset objects reloaded before import = 0Number of asset objects unloaded after import = 2

========================================================================
Received Import Request.
  Time since last request: 0.000020 seconds.
  path: Assets/Asset/Tilemap/fantasy_ [version 2.0]/forest_/Floor/forest__105.asset
  artifactKey: Guid(7ffef44d6b723ae4e813c8d978c7082f) Importer(2089858483,b0f066a214c2f5e87bad3c948f4d605d)
Start importing Assets/Asset/Tilemap/fantasy_ [version 2.0]/forest_/Floor/forest__105.asset using Guid(7ffef44d6b723ae4e813c8d978c7082f) Importer(2089858483,b0f066a214c2f5e87bad3c948f4d605d) (ScriptedImporter) -> (artifact id: '84da4c148523bb96864ff58a753e17f3') in 0.01352 seconds
Number of updated asset objects reloaded before import = 0Number of asset objects unloaded after import = 2

========================================================================
Received Import Request.
  Time since last request: 0.000018 seconds.
  path: Assets/Asset/Tilemap/fantasy_ [version 2.0]/forest_/Box/forest_ [fencesAndWalls]_114.asset
  artifactKey: Guid(e67b563cffe875a4f9b213c323a67165) Importer(2089858483,b0f066a214c2f5e87bad3c948f4d605d)
Start importing Assets/Asset/Tilemap/fantasy_ [version 2.0]/forest_/Box/forest_ [fencesAndWalls]_114.asset using Guid(e67b563cffe875a4f9b213c323a67165) Importer(2089858483,b0f066a214c2f5e87bad3c948f4d605d) (ScriptedImporter) -> (artifact id: '23163cade7a20c4e406580c6113b3c34') in 0.0129846 seconds
Number of updated asset objects reloaded before import = 0Number of asset objects unloaded after import = 2

========================================================================
Received Import Request.
  Time since last request: 0.000032 seconds.
  path: Assets/Asset/Tilemap/fantasy_ [version 2.0]/forest_/Floor/forest__73.asset
  artifactKey: Guid(075cc55d5106d9644935cb487e3cd1c4) Importer(2089858483,b0f066a214c2f5e87bad3c948f4d605d)
Start importing Assets/Asset/Tilemap/fantasy_ [version 2.0]/forest_/Floor/forest__73.asset using Guid(075cc55d5106d9644935cb487e3cd1c4) Importer(2089858483,b0f066a214c2f5e87bad3c948f4d605d) (ScriptedImporter) -> (artifact id: '2b8bff977156ac6f8eb11710aedca66d') in 0.0144175 seconds
Number of updated asset objects reloaded before import = 0Number of asset objects unloaded after import = 2

========================================================================
Received Import Request.
  Time since last request: 0.000031 seconds.
  path: Assets/Asset/Tilemap/fantasy_ [version 2.0]/forest_/Floor/forest__25.asset
  artifactKey: Guid(761982d80d6ce46408909df0a016ca3b) Importer(2089858483,b0f066a214c2f5e87bad3c948f4d605d)
Start importing Assets/Asset/Tilemap/fantasy_ [version 2.0]/forest_/Floor/forest__25.asset using Guid(761982d80d6ce46408909df0a016ca3b) Importer(2089858483,b0f066a214c2f5e87bad3c948f4d605d) (ScriptedImporter) -> (artifact id: '0a4c14a6c18b0576715cd5a165a785a8') in 0.0128798 seconds
Number of updated asset objects reloaded before import = 0Number of asset objects unloaded after import = 2

========================================================================
Received Import Request.
  Time since last request: 0.000019 seconds.
  path: Assets/Asset/Tilemap/fantasy_ [version 2.0]/forest_/Floor/forest__111.asset
  artifactKey: Guid(dbc9a61f4cd788141894eb9aa83f999a) Importer(2089858483,b0f066a214c2f5e87bad3c948f4d605d)
Start importing Assets/Asset/Tilemap/fantasy_ [version 2.0]/forest_/Floor/forest__111.asset using Guid(dbc9a61f4cd788141894eb9aa83f999a) Importer(2089858483,b0f066a214c2f5e87bad3c948f4d605d) (ScriptedImporter) -> (artifact id: '18a15ef43e27608e42fe9d3e640becea') in 0.0130933 seconds
Number of updated asset objects reloaded before import = 0Number of asset objects unloaded after import = 2

========================================================================
Received Import Request.
  Time since last request: 0.000024 seconds.
  path: Assets/Asset/Tilemap/fantasy_ [version 2.0]/swamp_/swamp_.png
  artifactKey: Guid(06a0af4f1195e7844b7ec961500cedab) Importer(2089858483,b0f066a214c2f5e87bad3c948f4d605d)
Start importing Assets/Asset/Tilemap/fantasy_ [version 2.0]/swamp_/swamp_.png using Guid(06a0af4f1195e7844b7ec961500cedab) Importer(2089858483,b0f066a214c2f5e87bad3c948f4d605d) (ScriptedImporter) -> (artifact id: 'ce9c68299fe5723bc0dfd76581a518c6') in 0.0119172 seconds
Number of updated asset objects reloaded before import = 0Number of asset objects unloaded after import = 3

========================================================================
Received Import Request.
  Time since last request: 0.000020 seconds.
  path: Assets/Asset/Tilemap/fantasy_ [version 2.0]/forest_/Floor/forest__47.asset
  artifactKey: Guid(b80a3bbe0a2fbf04896ea01faa97b09a) Importer(2089858483,b0f066a214c2f5e87bad3c948f4d605d)
Start importing Assets/Asset/Tilemap/fantasy_ [version 2.0]/forest_/Floor/forest__47.asset using Guid(b80a3bbe0a2fbf04896ea01faa97b09a) Importer(2089858483,b0f066a214c2f5e87bad3c948f4d605d) (ScriptedImporter) -> (artifact id: '0429cfa3c0dd46c29d22a4e2d1b5f480') in 0.010133 seconds
Number of updated asset objects reloaded before import = 0Number of asset objects unloaded after import = 2

========================================================================
Received Import Request.
  Time since last request: 0.000020 seconds.
  path: Assets/Asset/Tilemap/fantasy_ [version 2.0]/forest_/Floor/forest__12.asset
  artifactKey: Guid(fd3958dd5ac06324480be21885556dc2) Importer(2089858483,b0f066a214c2f5e87bad3c948f4d605d)
Start importing Assets/Asset/Tilemap/fantasy_ [version 2.0]/forest_/Floor/forest__12.asset using Guid(fd3958dd5ac06324480be21885556dc2) Importer(2089858483,b0f066a214c2f5e87bad3c948f4d605d) (ScriptedImporter) -> (artifact id: 'ad36538a9fb80c2da939c51a7910b708') in 0.0120993 seconds
Number of updated asset objects reloaded before import = 0Number of asset objects unloaded after import = 2

========================================================================
Received Import Request.
  Time since last request: 0.000070 seconds.
  path: Assets/Asset/Tilemap/fantasy_ [version 2.0]/desert_/Floor/desert__17.asset
  artifactKey: Guid(132cc3fda286bfa4899a3ce3f04f2244) Importer(2089858483,b0f066a214c2f5e87bad3c948f4d605d)
Start importing Assets/Asset/Tilemap/fantasy_ [version 2.0]/desert_/Floor/desert__17.asset using Guid(132cc3fda286bfa4899a3ce3f04f2244) Importer(2089858483,b0f066a214c2f5e87bad3c948f4d605d) (ScriptedImporter) -> (artifact id: '03022c55a55acaa9ea3af3d1db141461') in 0.0122856 seconds
Number of updated asset objects reloaded before import = 0Number of asset objects unloaded after import = 2

========================================================================
Received Import Request.
  Time since last request: 0.000028 seconds.
  path: Assets/Asset/Tilemap/fantasy_ [version 2.0]/taiga_/taiga_ [bridgeHorizontal].png
  artifactKey: Guid(40256fae6e53c0b41b6b8c34530244f4) Importer(2089858483,b0f066a214c2f5e87bad3c948f4d605d)
Start importing Assets/Asset/Tilemap/fantasy_ [version 2.0]/taiga_/taiga_ [bridgeHorizontal].png using Guid(40256fae6e53c0b41b6b8c34530244f4) Importer(2089858483,b0f066a214c2f5e87bad3c948f4d605d) (ScriptedImporter) -> (artifact id: '250b778ac36c57db949871fc7cb2d3cf') in 0.0139569 seconds
Number of updated asset objects reloaded before import = 0Number of asset objects unloaded after import = 3

========================================================================
Received Import Request.
  Time since last request: 0.000021 seconds.
  path: Assets/Asset/Tilemap/fantasy_ [version 2.0]/forest_/Box/forest_ [fencesAndWalls]_79.asset
  artifactKey: Guid(1de9007e8e22e7248a4ba85974d59cf1) Importer(2089858483,b0f066a214c2f5e87bad3c948f4d605d)
Start importing Assets/Asset/Tilemap/fantasy_ [version 2.0]/forest_/Box/forest_ [fencesAndWalls]_79.asset using Guid(1de9007e8e22e7248a4ba85974d59cf1) Importer(2089858483,b0f066a214c2f5e87bad3c948f4d605d) (ScriptedImporter) -> (artifact id: '9708365b33bf3fb3c1625112415a5813') in 0.0133834 seconds
Number of updated asset objects reloaded before import = 0Number of asset objects unloaded after import = 2

========================================================================
Received Import Request.
  Time since last request: 0.000025 seconds.
  path: Assets/Asset/Tilemap/fantasy_ [version 2.0]/tundra_/tundra_ [fountain].png
  artifactKey: Guid(f3ffde8d977e1df49bda9d5b2445f910) Importer(2089858483,b0f066a214c2f5e87bad3c948f4d605d)
Start importing Assets/Asset/Tilemap/fantasy_ [version 2.0]/tundra_/tundra_ [fountain].png using Guid(f3ffde8d977e1df49bda9d5b2445f910) Importer(2089858483,b0f066a214c2f5e87bad3c948f4d605d) (ScriptedImporter) -> (artifact id: 'f416cb26099a61671315e2b9a2b155ce') in 0.0133358 seconds
Number of updated asset objects reloaded before import = 0Number of asset objects unloaded after import = 3

========================================================================
Received Import Request.
  Time since last request: 0.000020 seconds.
  path: Assets/Asset/Tilemap/fantasy_ [version 2.0]/forest_/Floor/forest__64.asset
  artifactKey: Guid(15159201965dba440a5258d28c170724) Importer(2089858483,b0f066a214c2f5e87bad3c948f4d605d)
Start importing Assets/Asset/Tilemap/fantasy_ [version 2.0]/forest_/Floor/forest__64.asset using Guid(15159201965dba440a5258d28c170724) Importer(2089858483,b0f066a214c2f5e87bad3c948f4d605d) (ScriptedImporter) -> (artifact id: '1b9c10c65774b1494ee9e7fc3ca74014') in 0.0129402 seconds
Number of updated asset objects reloaded before import = 0Number of asset objects unloaded after import = 2

========================================================================
Received Import Request.
  Time since last request: 0.000018 seconds.
  path: Assets/Asset/Tilemap/fantasy_ [version 2.0]/desert_/desert_ [fountain].png
  artifactKey: Guid(b3579a68af9f64544960b034a60b7b35) Importer(2089858483,b0f066a214c2f5e87bad3c948f4d605d)
Start importing Assets/Asset/Tilemap/fantasy_ [version 2.0]/desert_/desert_ [fountain].png using Guid(b3579a68af9f64544960b034a60b7b35) Importer(2089858483,b0f066a214c2f5e87bad3c948f4d605d) (ScriptedImporter) -> (artifact id: 'd791142f5140fa28a8428a607d97ac9e') in 0.0159428 seconds
Number of updated asset objects reloaded before import = 0Number of asset objects unloaded after import = 3

========================================================================
Received Import Request.
  Time since last request: 0.000022 seconds.
  path: Assets/Asset/Tilemap/fantasy_ [version 2.0]/forest_/Box/forest_ [fencesAndWalls]_107.asset
  artifactKey: Guid(ac11493c7915ffe41a23e224db0e0646) Importer(2089858483,b0f066a214c2f5e87bad3c948f4d605d)
Start importing Assets/Asset/Tilemap/fantasy_ [version 2.0]/forest_/Box/forest_ [fencesAndWalls]_107.asset using Guid(ac11493c7915ffe41a23e224db0e0646) Importer(2089858483,b0f066a214c2f5e87bad3c948f4d605d) (ScriptedImporter) -> (artifact id: 'b18fb78baed253fb3332b5b9f1805bd7') in 0.0116766 seconds
Number of updated asset objects reloaded before import = 0Number of asset objects unloaded after import = 2

========================================================================
Received Import Request.
  Time since last request: 0.000026 seconds.
  path: Assets/Asset/Tilemap/fantasy_ [version 2.0]/forest_/Box/forest_ [fencesAndWalls]_50.asset
  artifactKey: Guid(5a2940ef2d7ff8d47ae8639bcb85d095) Importer(2089858483,b0f066a214c2f5e87bad3c948f4d605d)
Start importing Assets/Asset/Tilemap/fantasy_ [version 2.0]/forest_/Box/forest_ [fencesAndWalls]_50.asset using Guid(5a2940ef2d7ff8d47ae8639bcb85d095) Importer(2089858483,b0f066a214c2f5e87bad3c948f4d605d) (ScriptedImporter) -> (artifact id: '4ebff176918b78fa4bc1ebd1da1a8ac3') in 0.012944 seconds
Number of updated asset objects reloaded before import = 0Number of asset objects unloaded after import = 2

========================================================================
Received Import Request.
  Time since last request: 0.000023 seconds.
  path: Assets/Asset/Tilemap/fantasy_ [version 2.0]/forest_/Floor/forest__94.asset
  artifactKey: Guid(f0ee128b8bb077646af3d08b3098d4c2) Importer(2089858483,b0f066a214c2f5e87bad3c948f4d605d)
Start importing Assets/Asset/Tilemap/fantasy_ [version 2.0]/forest_/Floor/forest__94.asset using Guid(f0ee128b8bb077646af3d08b3098d4c2) Importer(2089858483,b0f066a214c2f5e87bad3c948f4d605d) (ScriptedImporter) -> (artifact id: '21d2435fc95bae245b90e6f6cc97759a') in 0.0106362 seconds
Number of updated asset objects reloaded before import = 0Number of asset objects unloaded after import = 2

========================================================================
Received Import Request.
  Time since last request: 0.000021 seconds.
  path: Assets/Asset/Tilemap/fantasy_ [version 2.0]/fantasy_/tundraSwamp_.png
  artifactKey: Guid(b9892f00016752b4dbf04333eda71416) Importer(2089858483,b0f066a214c2f5e87bad3c948f4d605d)
Start importing Assets/Asset/Tilemap/fantasy_ [version 2.0]/fantasy_/tundraSwamp_.png using Guid(b9892f00016752b4dbf04333eda71416) Importer(2089858483,b0f066a214c2f5e87bad3c948f4d605d) (ScriptedImporter) -> (artifact id: 'bd5b6776cf050f9f67a2c3e809c9d742') in 0.0153146 seconds
Number of updated asset objects reloaded before import = 0Number of asset objects unloaded after import = 3

========================================================================
Received Import Request.
  Time since last request: 0.000021 seconds.
  path: Assets/Asset/Tilemap/fantasy_ [version 2.0]/forest_/Floor/forest__16.asset
  artifactKey: Guid(bfed2c9767250404495c030fd8b93e73) Importer(2089858483,b0f066a214c2f5e87bad3c948f4d605d)
Start importing Assets/Asset/Tilemap/fantasy_ [version 2.0]/forest_/Floor/forest__16.asset using Guid(bfed2c9767250404495c030fd8b93e73) Importer(2089858483,b0f066a214c2f5e87bad3c948f4d605d) (ScriptedImporter) -> (artifact id: 'ec32c5ac4c73aa98d56b1e9e4dea18bd') in 0.0131071 seconds
Number of updated asset objects reloaded before import = 0Number of asset objects unloaded after import = 2

========================================================================
Received Import Request.
  Time since last request: 0.000017 seconds.
  path: Assets/Asset/Tilemap/fantasy_ [version 2.0]/forest_/Floor/forest__103.asset
  artifactKey: Guid(0aca8b0ca44bda746888f3ea0e3ea1c6) Importer(2089858483,b0f066a214c2f5e87bad3c948f4d605d)
Start importing Assets/Asset/Tilemap/fantasy_ [version 2.0]/forest_/Floor/forest__103.asset using Guid(0aca8b0ca44bda746888f3ea0e3ea1c6) Importer(2089858483,b0f066a214c2f5e87bad3c948f4d605d) (ScriptedImporter) -> (artifact id: '08c2f169f33d9858e6cf3c04c7d5bbde') in 0.0103162 seconds
Number of updated asset objects reloaded before import = 0Number of asset objects unloaded after import = 2

========================================================================
Received Import Request.
  Time since last request: 0.000019 seconds.
  path: Assets/Asset/Tilemap/fantasy_ [version 2.0]/desert_/Floor/desert__53.asset
  artifactKey: Guid(965ee767eb89ced44bf6c552b2afa336) Importer(2089858483,b0f066a214c2f5e87bad3c948f4d605d)
Start importing Assets/Asset/Tilemap/fantasy_ [version 2.0]/desert_/Floor/desert__53.asset using Guid(965ee767eb89ced44bf6c552b2afa336) Importer(2089858483,b0f066a214c2f5e87bad3c948f4d605d) (ScriptedImporter) -> (artifact id: '5f157e1aee05b01a962dbe1b14a3746e') in 0.0110987 seconds
Number of updated asset objects reloaded before import = 0Number of asset objects unloaded after import = 2

========================================================================
Received Import Request.
  Time since last request: 0.000029 seconds.
  path: Assets/Asset/Tilemap/fantasy_ [version 2.0]/forest_/Floor/forest__102.asset
  artifactKey: Guid(67278b8bbc8382c4aa05873cfd8a74d4) Importer(2089858483,b0f066a214c2f5e87bad3c948f4d605d)
Start importing Assets/Asset/Tilemap/fantasy_ [version 2.0]/forest_/Floor/forest__102.asset using Guid(67278b8bbc8382c4aa05873cfd8a74d4) Importer(2089858483,b0f066a214c2f5e87bad3c948f4d605d) (ScriptedImporter) -> (artifact id: '9bca253a4132ac2c7fce209b09d41d5f') in 0.0125724 seconds
Number of updated asset objects reloaded before import = 0Number of asset objects unloaded after import = 2

========================================================================
Received Import Request.
  Time since last request: 0.000016 seconds.
  path: Assets/Asset/Tilemap/fantasy_ [version 2.0]/forest_/Floor/forest__3.asset
  artifactKey: Guid(8c9cdf747ad6cf34fa75ca4d268bb5b1) Importer(2089858483,b0f066a214c2f5e87bad3c948f4d605d)
Start importing Assets/Asset/Tilemap/fantasy_ [version 2.0]/forest_/Floor/forest__3.asset using Guid(8c9cdf747ad6cf34fa75ca4d268bb5b1) Importer(2089858483,b0f066a214c2f5e87bad3c948f4d605d) (ScriptedImporter) -> (artifact id: '8a627de5ae28d2a11b7b0e73f3085f06') in 0.0141743 seconds
Number of updated asset objects reloaded before import = 0Number of asset objects unloaded after import = 2

========================================================================
Received Import Request.
  Time since last request: 0.000019 seconds.
  path: Assets/Asset/Tilemap/fantasy_ [version 2.0]/forest_/Floor/forest__67.asset
  artifactKey: Guid(5c9d4ffb48d746545a211a2514a0e3ed) Importer(2089858483,b0f066a214c2f5e87bad3c948f4d605d)
Start importing Assets/Asset/Tilemap/fantasy_ [version 2.0]/forest_/Floor/forest__67.asset using Guid(5c9d4ffb48d746545a211a2514a0e3ed) Importer(2089858483,b0f066a214c2f5e87bad3c948f4d605d) (ScriptedImporter) -> (artifact id: 'f0e23de64467f35d843a41027214c6e3') in 0.0121219 seconds
Number of updated asset objects reloaded before import = 0Number of asset objects unloaded after import = 2

========================================================================
Received Import Request.
  Time since last request: 0.000017 seconds.
  path: Assets/Asset/Tilemap/fantasy_ [version 2.0]/desert_/Floor/desert__85.asset
  artifactKey: Guid(c7f8684a7858a8c49811914d974a8e94) Importer(2089858483,b0f066a214c2f5e87bad3c948f4d605d)
Start importing Assets/Asset/Tilemap/fantasy_ [version 2.0]/desert_/Floor/desert__85.asset using Guid(c7f8684a7858a8c49811914d974a8e94) Importer(2089858483,b0f066a214c2f5e87bad3c948f4d605d) (ScriptedImporter) -> (artifact id: '90b999250bb12ea9a617cf3ecabe23dc') in 0.0132371 seconds
Number of updated asset objects reloaded before import = 0Number of asset objects unloaded after import = 2

========================================================================
Received Import Request.
  Time since last request: 0.000023 seconds.
  path: Assets/Asset/Tilemap/fantasy_ [version 2.0]/desert_/Floor/desert__49.asset
  artifactKey: Guid(562ae77dc73488648b474f30d5ddbadd) Importer(2089858483,b0f066a214c2f5e87bad3c948f4d605d)
Start importing Assets/Asset/Tilemap/fantasy_ [version 2.0]/desert_/Floor/desert__49.asset using Guid(562ae77dc73488648b474f30d5ddbadd) Importer(2089858483,b0f066a214c2f5e87bad3c948f4d605d) (ScriptedImporter) -> (artifact id: '8195f1d484248942e7a2543a45364e3a') in 0.0130713 seconds
Number of updated asset objects reloaded before import = 0Number of asset objects unloaded after import = 2

========================================================================
Received Import Request.
  Time since last request: 0.000020 seconds.
  path: Assets/Asset/Tilemap/fantasy_ [version 2.0]/fantasy_/tundraSwampTaigaForestDesert_1.png
  artifactKey: Guid(71fe6bce4cfd9564b883b41270901ba9) Importer(2089858483,b0f066a214c2f5e87bad3c948f4d605d)
Start importing Assets/Asset/Tilemap/fantasy_ [version 2.0]/fantasy_/tundraSwampTaigaForestDesert_1.png using Guid(71fe6bce4cfd9564b883b41270901ba9) Importer(2089858483,b0f066a214c2f5e87bad3c948f4d605d) (ScriptedImporter) -> (artifact id: 'e000ea867c566ffc483098e1f1d1133a') in 0.0129109 seconds
Number of updated asset objects reloaded before import = 0Number of asset objects unloaded after import = 3

========================================================================
Received Import Request.
  Time since last request: 0.000023 seconds.
  path: Assets/Asset/Tilemap/fantasy_ [version 2.0]/forest_/Box/forest_ [fencesAndWalls]_52.asset
  artifactKey: Guid(e50b1b52a6e57ac44be9059571259d46) Importer(2089858483,b0f066a214c2f5e87bad3c948f4d605d)
Start importing Assets/Asset/Tilemap/fantasy_ [version 2.0]/forest_/Box/forest_ [fencesAndWalls]_52.asset using Guid(e50b1b52a6e57ac44be9059571259d46) Importer(2089858483,b0f066a214c2f5e87bad3c948f4d605d) (ScriptedImporter) -> (artifact id: 'f08b175df087e7539c490a80df914f44') in 0.0104603 seconds
Number of updated asset objects reloaded before import = 0Number of asset objects unloaded after import = 2

========================================================================
Received Import Request.
  Time since last request: 0.000017 seconds.
  path: Assets/Asset/Tilemap/fantasy_ [version 2.0]/tundra_/tundra_.png
  artifactKey: Guid(b17d6b2723122c74a943c310de4b61dd) Importer(2089858483,b0f066a214c2f5e87bad3c948f4d605d)
Start importing Assets/Asset/Tilemap/fantasy_ [version 2.0]/tundra_/tundra_.png using Guid(b17d6b2723122c74a943c310de4b61dd) Importer(2089858483,b0f066a214c2f5e87bad3c948f4d605d) (ScriptedImporter) -> (artifact id: '1a901b3fc8ef7b234385984a2c0e6ec6') in 0.0155384 seconds
Number of updated asset objects reloaded before import = 0Number of asset objects unloaded after import = 3

========================================================================
Received Import Request.
  Time since last request: 0.000020 seconds.
  path: Assets/Asset/Tilemap/fantasy_ [version 2.0]/forest_/Floor/forest__87.asset
  artifactKey: Guid(c8266c06a8f4cb249871c51ee1108717) Importer(2089858483,b0f066a214c2f5e87bad3c948f4d605d)
Start importing Assets/Asset/Tilemap/fantasy_ [version 2.0]/forest_/Floor/forest__87.asset using Guid(c8266c06a8f4cb249871c51ee1108717) Importer(2089858483,b0f066a214c2f5e87bad3c948f4d605d) (ScriptedImporter) -> (artifact id: '6a7261121c45d99b95e7c7e632ddee7d') in 0.0116877 seconds
Number of updated asset objects reloaded before import = 0Number of asset objects unloaded after import = 2

Editor requested this worker to shutdown with reason: Scaling down because of idle timeout
AssetImportWorkerClient::OnTransportError - code=2 error=End of file
AssetImportWorker is now disconnected from the server
Process exiting
Exiting without the bug reporter. Application will terminate with return code 0