[Licensing::Module] Trying to connect to existing licensing client channel...
Built from '6000.3/respin/6000.3.1f1-f56f53296c2c' branch; Version is '6000.3.1f1 (37142da19a94) revision 3609645'; Using compiler version '194234433'; Build Type 'Release'
OS: 'Windows 11  (10.0.26200) 64bit CoreSingleLanguage' Language: 'en' Physical Memory: 16155 MB
BatchMode: 1, IsHumanControllingUs: 0, StartBugReporterOnCrash: 0, Is64bit: 1
Date: 2026-04-09T02:49:50Z
[Licensing::IpcConnector] Successfully connected to: "LicenseClient-user" at "2026-04-09T02:49:50.2670883Z"

COMMAND LINE ARGUMENTS:
C:\Program Files\Unity\Hub\Editor\6000.3.1f1\Editor\Unity.exe
-adb2
-batchMode
-noUpm
-name
AssetImportWorker6
-projectPath
C:/UWU/fight/SolarParadox
-logFile
Logs/AssetImportWorker6.log
-srvPort
64170
-licensingIpc
LicenseClient-user
-job-worker-count
7
-background-job-worker-count
8
-gc-helper-count
1
-name
AssetImport
Successfully changed project path to: C:/UWU/fight/SolarParadox
C:/UWU/fight/SolarParadox
[UnityMemory] Configuration Parameters - Can be set up in boot.config
    "memorysetup-temp-allocator-size-nav-mesh-worker=65536"
    "memorysetup-temp-allocator-size-audio-worker=65536"
    "memorysetup-temp-allocator-size-gfx=262144"
    "memorysetup-allocator-temp-initial-block-size-main=262144"
    "memorysetup-allocator-temp-initial-block-size-worker=262144"
    "memorysetup-temp-allocator-size-background-worker=32768"
    "memorysetup-temp-allocator-size-job-worker=262144"
    "memorysetup-temp-allocator-size-preload-manager=33554432"
    "memorysetup-temp-allocator-size-gi-baking-worker=262144"
    "memorysetup-temp-allocator-size-gi-baking-worker=262144"
    "memorysetup-temp-allocator-size-gi-baking-worker=262144"
    "memorysetup-temp-allocator-size-gi-baking-worker=262144"
    "memorysetup-temp-allocator-size-gi-baking-worker=262144"
    "memorysetup-bucket-allocator-granularity=16"
    "memorysetup-bucket-allocator-bucket-count=8"
    "memorysetup-bucket-allocator-block-size=33554432"
    "memorysetup-bucket-allocator-block-count=8"
    "memorysetup-main-allocator-block-size=16777216"
    "memorysetup-thread-allocator-block-size=16777216"
    "memorysetup-gfx-main-allocator-block-size=16777216"
    "memorysetup-gfx-thread-allocator-block-size=16777216"
    "memorysetup-cache-allocator-block-size=4194304"
    "memorysetup-typetree-allocator-block-size=2097152"
    "memorysetup-profiler-bucket-allocator-granularity=16"
    "memorysetup-profiler-bucket-allocator-bucket-count=8"
    "memorysetup-profiler-bucket-allocator-block-size=33554432"
    "memorysetup-profiler-bucket-allocator-block-count=8"
    "memorysetup-profiler-allocator-block-size=16777216"
    "memorysetup-profiler-editor-allocator-block-size=1048576"
    "memorysetup-temp-allocator-size-main=16777216"
    "memorysetup-job-temp-allocator-block-size=2097152"
    "memorysetup-job-temp-allocator-block-size-background=1048576"
    "memorysetup-job-temp-allocator-reduction-small-platforms=262144"
    "memorysetup-temp-allocator-size-cloud-worker=32768"
Player connection [29180]  Target information:

Player connection [29180]  * "[IP] 25.30.185.231 [Port] 0 [Flags] 2 [Guid] 369171950 [EditorId] 369171950 [Version] 1048832 [Id] WindowsEditor(7,MSI) [Debug] 1 [PackageName] WindowsEditor [ProjectName] Editor" 

Player connection [29180]  * "[IP] 192.168.1.109 [Port] 0 [Flags] 2 [Guid] 369171950 [EditorId] 369171950 [Version] 1048832 [Id] WindowsEditor(7,MSI) [Debug] 1 [PackageName] WindowsEditor [ProjectName] Editor" 

Player connection [29180]  * "[IP] 26.214.68.58 [Port] 0 [Flags] 2 [Guid] 369171950 [EditorId] 369171950 [Version] 1048832 [Id] WindowsEditor(7,MSI) [Debug] 1 [PackageName] WindowsEditor [ProjectName] Editor" 

Player connection [29180]  * "[IP] 192.168.56.1 [Port] 0 [Flags] 2 [Guid] 369171950 [EditorId] 369171950 [Version] 1048832 [Id] WindowsEditor(7,MSI) [Debug] 1 [PackageName] WindowsEditor [ProjectName] Editor" 

Player connection [29180] Host joined multi-casting on [225.0.0.222:54997]...
Player connection [29180] Host joined alternative multi-casting on [225.0.0.222:34997]...
JobSystem: Creating JobQueue using job-worker-count value 7
Input System module state changed to: Initialized.
[Physics::Module] Initialized fallback backend.
[Physics::Module] Id: 0xdecafbad
Library Redirect Path: Library/
[Physics::Module] Selected backend.
[Physics::Module] Name: PhysX
[Physics::Module] Id: 0xf2b8ea05
[Physics::Module] SDK Version: 4.1.2
[Physics::Module] Integration Version: 1.0.0
[Physics::Module] Threading Mode: Multi-Threaded
Refreshing native plugins compatible for Editor in 3.59 ms, found 4 plugins.
Preloading 0 native plugins for Editor in 0.00 ms.
Initialize engine version: 6000.3.1f1 (37142da19a94)
[Subsystems] Discovering subsystems at path C:/Program Files/Unity/Hub/Editor/6000.3.1f1/Editor/Data/Resources/UnitySubsystems
[Subsystems] Discovering subsystems at path C:/UWU/fight/SolarParadox/Assets
GfxDevice: creating device client; kGfxThreadingModeNonThreaded
Direct3D:
    Version:  Direct3D 11.0 [level 11.1]
    Renderer: NVIDIA GeForce RTX 4070 Laptop GPU (ID=0x2820)
    Vendor:   NVIDIA
    VRAM:     7948 MB
    Driver:   32.0.15.6614
Initialize mono
Mono path[0] = 'C:/Program Files/Unity/Hub/Editor/6000.3.1f1/Editor/Data/Managed'
Mono path[1] = 'C:/Program Files/Unity/Hub/Editor/6000.3.1f1/Editor/Data/MonoBleedingEdge/lib/mono/unityjit-win32'
Mono config path = 'C:/Program Files/Unity/Hub/Editor/6000.3.1f1/Editor/Data/MonoBleedingEdge/etc'
Using monoOptions --debugger-agent=transport=dt_socket,embedding=1,server=y,suspend=n,address=127.0.0.1:56264
Begin MonoManager ReloadAssembly
Registering precompiled unity dll's ...
Register platform support module: C:/Program Files/Unity/Hub/Editor/6000.3.1f1/Editor/Data/PlaybackEngines/WebGLSupport/UnityEditor.WebGL.Extensions.dll
Register platform support module: C:/Program Files/Unity/Hub/Editor/6000.3.1f1/Editor/Data/PlaybackEngines/WindowsStandaloneSupport/UnityEditor.WindowsStandalone.Extensions.dll
Registered in 0.002017 seconds.
- Loaded All Assemblies, in  0.418 seconds
Native extension for WindowsStandalone target not found
Native extension for WebGL target not found
Mono: successfully reloaded assembly
- Finished resetting the current domain, in  0.413 seconds
Domain Reload Profiling: 829ms
	BeginReloadAssembly (141ms)
		ExecutionOrderSort (0ms)
		DisableScriptedObjects (0ms)
		BackupInstance (0ms)
		ReleaseScriptingObjects (0ms)
		CreateAndSetChildDomain (1ms)
	RebuildCommonClasses (38ms)
	RebuildNativeTypeToScriptingClass (14ms)
	initialDomainReloadingComplete (48ms)
	LoadAllAssembliesAndSetupDomain (174ms)
		LoadAssemblies (138ms)
		RebuildTransferFunctionScriptingTraits (0ms)
		AnalyzeDomain (171ms)
			TypeCache.Refresh (169ms)
				TypeCache.ScanAssembly (156ms)
			BuildScriptInfoCaches (0ms)
			ResolveRequiredComponents (0ms)
	FinalizeReload (413ms)
		ReleaseScriptCaches (0ms)
		RebuildScriptCaches (0ms)
		SetupLoadedEditorAssemblies (369ms)
			LogAssemblyErrors (0ms)
			InitializePlatformSupportModulesInManaged (60ms)
			SetLoadedEditorAssemblies (6ms)
			BeforeProcessingInitializeOnLoad (88ms)
			ProcessInitializeOnLoadAttributes (151ms)
			ProcessInitializeOnLoadMethodAttributes (64ms)
			AfterProcessingInitializeOnLoad (0ms)
			EditorAssembliesLoaded (0ms)
		ExecutionOrderSort2 (0ms)
		AwakeInstancesAfterBackupRestoration (0ms)
========================================================================
Worker process is ready to serve import requests
Import Worker Mode flag is 0x00
Begin MonoManager ReloadAssembly
[Licensing::Module] Licensing is not yet initialized.
[Licensing::Client] Handshaking with LicensingClient:
  Version:                 1.17.4+4293ba1
  Session Id:              3f0a574ba0014e9f86e78c1d0b0daf3c
  Correlation Id:          01ffa4e27a6eb73f5df42a35b97ea187
  External correlation Id: 3062867577109274225
  Machine Id:              VYIVznokh63VNt0B3YA2QorE2k8=
[Licensing::Module] Successfully connected to LicensingClient on channel: "LicenseClient-user" (connect: 0.00s, validation: 0.00s, handshake: 1.97s)
[Licensing::IpcConnector] Successfully connected to: "LicenseClient-user-notifications" at "2026-04-09T02:49:52.2382019Z"
[Licensing::Module] Licensing Background thread has ended after 1.97s
[Licensing::Module] Licensing is initialized (took 0.26s).
[Licensing::Client] Successfully resolved entitlement details
[Licensing::Module] License group:
  Id: 18968359269172-UnityPersXXXX
  Product: Unity Personal
  Type: Assigned
  Expiration: Unlimited
- Loaded All Assemblies, in  0.932 seconds
Refreshing native plugins compatible for Editor in 1.34 ms, found 4 plugins.
Native extension for WindowsStandalone target not found
Native extension for WebGL target not found
Package Manager log level set to [2]
[Package Manager] Failed to launch server process. Reason: Unity was launched with the -noUpm command-line argument
[Package Manager] Unable to send message (not connected to server process).
[Package Manager] Cannot connect to Unity Package Manager local server
Mono: successfully reloaded assembly
- Finished resetting the current domain, in  0.645 seconds
Domain Reload Profiling: 1571ms
	BeginReloadAssembly (406ms)
		ExecutionOrderSort (0ms)
		DisableScriptedObjects (4ms)
		BackupInstance (0ms)
		ReleaseScriptingObjects (0ms)
		CreateAndSetChildDomain (23ms)
	RebuildCommonClasses (30ms)
	RebuildNativeTypeToScriptingClass (9ms)
	initialDomainReloadingComplete (33ms)
	LoadAllAssembliesAndSetupDomain (449ms)
		LoadAssemblies (318ms)
		RebuildTransferFunctionScriptingTraits (0ms)
		AnalyzeDomain (209ms)
			TypeCache.Refresh (153ms)
				TypeCache.ScanAssembly (141ms)
			BuildScriptInfoCaches (43ms)
			ResolveRequiredComponents (9ms)
	FinalizeReload (645ms)
		ReleaseScriptCaches (0ms)
		RebuildScriptCaches (0ms)
		SetupLoadedEditorAssemblies (529ms)
			LogAssemblyErrors (0ms)
			InitializePlatformSupportModulesInManaged (2ms)
			SetLoadedEditorAssemblies (5ms)
			BeforeProcessingInitializeOnLoad (120ms)
			ProcessInitializeOnLoadAttributes (297ms)
			ProcessInitializeOnLoadMethodAttributes (100ms)
			AfterProcessingInitializeOnLoad (5ms)
			EditorAssembliesLoaded (0ms)
		ExecutionOrderSort2 (0ms)
		AwakeInstancesAfterBackupRestoration (6ms)
Launched and connected shader compiler UnityShaderCompiler.exe after 0.01 seconds
Refreshing native plugins compatible for Editor in 1.63 ms, found 4 plugins.
Preloading 0 native plugins for Editor in 0.00 ms.
Unloading 16 Unused Serialized files (Serialized files now loaded: 0)
Unloading 6881 unused Assets / (4.1 MB). Loaded Objects now: 7715.
Memory consumption went from 155.7 MB to 151.5 MB.
Total: 6.988400 ms (FindLiveObjects: 0.449100 ms CreateObjectMapping: 0.323500 ms MarkObjects: 4.730600 ms  DeleteObjects: 1.484600 ms)

========================================================================
Received Import Request.
  Time since last request: 72013.449238 seconds.
  path: Assets/Asset/Tileset/fantasy_ [version 2.0]
  artifactKey: Guid(5829249d3437cb640a6c04029153adc7) Importer(2089858483,b0f066a214c2f5e87bad3c948f4d605d)
Start importing Assets/Asset/Tileset/fantasy_ [version 2.0] using Guid(5829249d3437cb640a6c04029153adc7) Importer(2089858483,b0f066a214c2f5e87bad3c948f4d605d) (ScriptedImporter) -> (artifact id: '1af6b1a5e14fcff935802ed4e227bb1e') in 0.0476819 seconds
Number of updated asset objects reloaded before import = 0Number of asset objects unloaded after import = 1

========================================================================
Received Import Request.
  Time since last request: 0.000019 seconds.
  path: Assets/Asset/Tileset/fantasy_ [version 2.0]/forest_/Box/forest_ [fencesAndWalls]_32.asset
  artifactKey: Guid(d0c3ebc071478754c9302e6f61322dd3) Importer(2089858483,b0f066a214c2f5e87bad3c948f4d605d)
Start importing Assets/Asset/Tileset/fantasy_ [version 2.0]/forest_/Box/forest_ [fencesAndWalls]_32.asset using Guid(d0c3ebc071478754c9302e6f61322dd3) Importer(2089858483,b0f066a214c2f5e87bad3c948f4d605d) (ScriptedImporter) -> (artifact id: '54dad9aeaa7a5c125fb3c21e31f7a499') in 0.066719 seconds
Number of updated asset objects reloaded before import = 0Number of asset objects unloaded after import = 2

========================================================================
Received Import Request.
  Time since last request: 0.000022 seconds.
  path: Assets/Asset/Tileset/fantasy_ [version 2.0]/forest_/Box/forest_ [fencesAndWalls]_7.asset
  artifactKey: Guid(a24245c09d3cdd7418171b0b72c7f80f) Importer(2089858483,b0f066a214c2f5e87bad3c948f4d605d)
Start importing Assets/Asset/Tileset/fantasy_ [version 2.0]/forest_/Box/forest_ [fencesAndWalls]_7.asset using Guid(a24245c09d3cdd7418171b0b72c7f80f) Importer(2089858483,b0f066a214c2f5e87bad3c948f4d605d) (ScriptedImporter) -> (artifact id: '9c2ae6a23e52a85bddccb6eaee29a603') in 0.014786 seconds
Number of updated asset objects reloaded before import = 0Number of asset objects unloaded after import = 2

========================================================================
Received Import Request.
  Time since last request: 0.000014 seconds.
  path: Assets/Asset/Tileset/fantasy_ [version 2.0]/desert_/Floor/desert__19.asset
  artifactKey: Guid(b7fb9322d83c9db43be6a19f50736f7f) Importer(2089858483,b0f066a214c2f5e87bad3c948f4d605d)
Start importing Assets/Asset/Tileset/fantasy_ [version 2.0]/desert_/Floor/desert__19.asset using Guid(b7fb9322d83c9db43be6a19f50736f7f) Importer(2089858483,b0f066a214c2f5e87bad3c948f4d605d) (ScriptedImporter) -> (artifact id: '2e1aade73d71b7dbf52ca52c5c9df78c') in 0.0107854 seconds
Number of updated asset objects reloaded before import = 0Number of asset objects unloaded after import = 2

========================================================================
Received Import Request.
  Time since last request: 0.000013 seconds.
  path: Assets/Asset/Tileset/fantasy_ [version 2.0]/forest_/Box/forest_ [fencesAndWalls]_35.asset
  artifactKey: Guid(6a6621907d1b9d24aaadf58bf8ee7873) Importer(2089858483,b0f066a214c2f5e87bad3c948f4d605d)
Start importing Assets/Asset/Tileset/fantasy_ [version 2.0]/forest_/Box/forest_ [fencesAndWalls]_35.asset using Guid(6a6621907d1b9d24aaadf58bf8ee7873) Importer(2089858483,b0f066a214c2f5e87bad3c948f4d605d) (ScriptedImporter) -> (artifact id: '561b887b04b6092e084ed930bc36cad5') in 0.012722 seconds
Number of updated asset objects reloaded before import = 0Number of asset objects unloaded after import = 2

========================================================================
Received Import Request.
  Time since last request: 0.000012 seconds.
  path: Assets/Asset/Tileset/fantasy_ [version 2.0]/forest_/Floor/forest__44.asset
  artifactKey: Guid(3e3e9ea204e07bf45b33a1ab772fdc9e) Importer(2089858483,b0f066a214c2f5e87bad3c948f4d605d)
Start importing Assets/Asset/Tileset/fantasy_ [version 2.0]/forest_/Floor/forest__44.asset using Guid(3e3e9ea204e07bf45b33a1ab772fdc9e) Importer(2089858483,b0f066a214c2f5e87bad3c948f4d605d) (ScriptedImporter) -> (artifact id: 'a81765ea19bf168aa60d4d2ce4ee5884') in 0.0152567 seconds
Number of updated asset objects reloaded before import = 0Number of asset objects unloaded after import = 2

========================================================================
Received Import Request.
  Time since last request: 0.000019 seconds.
  path: Assets/Asset/Tileset/fantasy_ [version 2.0]/forest_/Floor/forest__46.asset
  artifactKey: Guid(6e1c97a05407d2d4c990a1e2bd6b2cc3) Importer(2089858483,b0f066a214c2f5e87bad3c948f4d605d)
Start importing Assets/Asset/Tileset/fantasy_ [version 2.0]/forest_/Floor/forest__46.asset using Guid(6e1c97a05407d2d4c990a1e2bd6b2cc3) Importer(2089858483,b0f066a214c2f5e87bad3c948f4d605d) (ScriptedImporter) -> (artifact id: 'd76904cff16ae206a72d123a7f31f236') in 0.0119134 seconds
Number of updated asset objects reloaded before import = 0Number of asset objects unloaded after import = 2

========================================================================
Received Import Request.
  Time since last request: 0.000017 seconds.
  path: Assets/Asset/Tileset/fantasy_ [version 2.0]/desert_/Floor/desert__58.asset
  artifactKey: Guid(3439efb0e0db6d347b0612e39c2105ee) Importer(2089858483,b0f066a214c2f5e87bad3c948f4d605d)
Start importing Assets/Asset/Tileset/fantasy_ [version 2.0]/desert_/Floor/desert__58.asset using Guid(3439efb0e0db6d347b0612e39c2105ee) Importer(2089858483,b0f066a214c2f5e87bad3c948f4d605d) (ScriptedImporter) -> (artifact id: '221a3c71fa385e30f5eae04690337c12') in 0.012743 seconds
Number of updated asset objects reloaded before import = 0Number of asset objects unloaded after import = 2

========================================================================
Received Import Request.
  Time since last request: 0.000028 seconds.
  path: Assets/Asset/Tileset/fantasy_ [version 2.0]/forest_/Box/forest_ [fencesAndWalls]_94.asset
  artifactKey: Guid(8f3960034f466bf4c84ca5f917fa88b4) Importer(2089858483,b0f066a214c2f5e87bad3c948f4d605d)
Start importing Assets/Asset/Tileset/fantasy_ [version 2.0]/forest_/Box/forest_ [fencesAndWalls]_94.asset using Guid(8f3960034f466bf4c84ca5f917fa88b4) Importer(2089858483,b0f066a214c2f5e87bad3c948f4d605d) (ScriptedImporter) -> (artifact id: '000eb10924a69eac2ec0ff79f5cc05da') in 0.0113987 seconds
Number of updated asset objects reloaded before import = 0Number of asset objects unloaded after import = 2

========================================================================
Received Import Request.
  Time since last request: 0.000014 seconds.
  path: Assets/Asset/Tileset/fantasy_ [version 2.0]/forest_/Box/forest_ [fencesAndWalls]_102.asset
  artifactKey: Guid(7cbc4202c310b9c41a5253619e6b1d82) Importer(2089858483,b0f066a214c2f5e87bad3c948f4d605d)
Start importing Assets/Asset/Tileset/fantasy_ [version 2.0]/forest_/Box/forest_ [fencesAndWalls]_102.asset using Guid(7cbc4202c310b9c41a5253619e6b1d82) Importer(2089858483,b0f066a214c2f5e87bad3c948f4d605d) (ScriptedImporter) -> (artifact id: 'e86a1dd8f43d4d59df8b0c2f76e2a813') in 0.0102473 seconds
Number of updated asset objects reloaded before import = 0Number of asset objects unloaded after import = 2

========================================================================
Received Import Request.
  Time since last request: 0.000015 seconds.
  path: Assets/Asset/Tileset/fantasy_ [version 2.0]/forest_/Box/BoxPallette1.prefab
  artifactKey: Guid(6a7aacb0d0abb5240b86b6a5afabfe05) Importer(2089858483,b0f066a214c2f5e87bad3c948f4d605d)
Start importing Assets/Asset/Tileset/fantasy_ [version 2.0]/forest_/Box/BoxPallette1.prefab using Guid(6a7aacb0d0abb5240b86b6a5afabfe05) Importer(2089858483,b0f066a214c2f5e87bad3c948f4d605d) (ScriptedImporter) -> (artifact id: '86bea0da8fe1a1da049cc29414ed0d14') in 0.0270663 seconds
Number of updated asset objects reloaded before import = 0Number of asset objects unloaded after import = 10

========================================================================
Received Import Request.
  Time since last request: 0.000017 seconds.
  path: Assets/Asset/Tileset/fantasy_ [version 2.0]/forest_/Floor/forest__14.asset
  artifactKey: Guid(287eca4524b65434f907a850ca8acd71) Importer(2089858483,b0f066a214c2f5e87bad3c948f4d605d)
Start importing Assets/Asset/Tileset/fantasy_ [version 2.0]/forest_/Floor/forest__14.asset using Guid(287eca4524b65434f907a850ca8acd71) Importer(2089858483,b0f066a214c2f5e87bad3c948f4d605d) (ScriptedImporter) -> (artifact id: '51da30b5fbdb32d0172947e1452fcbdd') in 0.0143978 seconds
Number of updated asset objects reloaded before import = 0Number of asset objects unloaded after import = 2

========================================================================
Received Import Request.
  Time since last request: 0.000013 seconds.
  path: Assets/Asset/Tileset/fantasy_ [version 2.0]/desert_/Floor/desert__86.asset
  artifactKey: Guid(ba14a7b32b31e4a4bb9ae7398cd2185e) Importer(2089858483,b0f066a214c2f5e87bad3c948f4d605d)
Start importing Assets/Asset/Tileset/fantasy_ [version 2.0]/desert_/Floor/desert__86.asset using Guid(ba14a7b32b31e4a4bb9ae7398cd2185e) Importer(2089858483,b0f066a214c2f5e87bad3c948f4d605d) (ScriptedImporter) -> (artifact id: '68639bf7004c7cb2041f540e602ec7c2') in 0.0131749 seconds
Number of updated asset objects reloaded before import = 0Number of asset objects unloaded after import = 2

========================================================================
Received Import Request.
  Time since last request: 0.000015 seconds.
  path: Assets/Asset/Tileset/fantasy_ [version 2.0]/forest_/forestPath_.png
  artifactKey: Guid(0103bec3906232d4181a275c7318d79f) Importer(2089858483,b0f066a214c2f5e87bad3c948f4d605d)
Start importing Assets/Asset/Tileset/fantasy_ [version 2.0]/forest_/forestPath_.png using Guid(0103bec3906232d4181a275c7318d79f) Importer(2089858483,b0f066a214c2f5e87bad3c948f4d605d) (ScriptedImporter) -> (artifact id: 'de9806850bc142e2cf67a500c0fc3ecf') in 0.0457363 seconds
Number of updated asset objects reloaded before import = 0Number of asset objects unloaded after import = 3

========================================================================
Received Import Request.
  Time since last request: 0.000018 seconds.
  path: Assets/Asset/Tileset/fantasy_ [version 2.0]/forest_/Floor/forest__26.asset
  artifactKey: Guid(7ffb9a95a41e58d4d974765c27281d41) Importer(2089858483,b0f066a214c2f5e87bad3c948f4d605d)
Start importing Assets/Asset/Tileset/fantasy_ [version 2.0]/forest_/Floor/forest__26.asset using Guid(7ffb9a95a41e58d4d974765c27281d41) Importer(2089858483,b0f066a214c2f5e87bad3c948f4d605d) (ScriptedImporter) -> (artifact id: '5d9f8a1fdd4355a37ffac7fa6e25fd19') in 0.0114307 seconds
Number of updated asset objects reloaded before import = 0Number of asset objects unloaded after import = 2

========================================================================
Received Import Request.
  Time since last request: 0.000011 seconds.
  path: Assets/Asset/Tileset/fantasy_ [version 2.0]/tundra_/tundra_ [bridgeVertical].png
  artifactKey: Guid(b6553ae4ace95d24a944c89d173dcbbe) Importer(2089858483,b0f066a214c2f5e87bad3c948f4d605d)
Start importing Assets/Asset/Tileset/fantasy_ [version 2.0]/tundra_/tundra_ [bridgeVertical].png using Guid(b6553ae4ace95d24a944c89d173dcbbe) Importer(2089858483,b0f066a214c2f5e87bad3c948f4d605d) (ScriptedImporter) -> (artifact id: '5c763030618fe2c87dfd33be7ad92e50') in 0.0152814 seconds
Number of updated asset objects reloaded before import = 0Number of asset objects unloaded after import = 3

========================================================================
Received Import Request.
  Time since last request: 0.000011 seconds.
  path: Assets/Asset/Tileset/fantasy_ [version 2.0]/forest_/Floor/forest__48.asset
  artifactKey: Guid(e32089c5b6341fa42907a1829fb1affc) Importer(2089858483,b0f066a214c2f5e87bad3c948f4d605d)
Start importing Assets/Asset/Tileset/fantasy_ [version 2.0]/forest_/Floor/forest__48.asset using Guid(e32089c5b6341fa42907a1829fb1affc) Importer(2089858483,b0f066a214c2f5e87bad3c948f4d605d) (ScriptedImporter) -> (artifact id: '13e3954528cf73d8d51703d9d85dfeaf') in 0.0122659 seconds
Number of updated asset objects reloaded before import = 0Number of asset objects unloaded after import = 2

========================================================================
Received Import Request.
  Time since last request: 0.000011 seconds.
  path: Assets/Asset/Tileset/fantasy_ [version 2.0]/forest_/Box/forest_ [fencesAndWalls]_117.asset
  artifactKey: Guid(b84e3361f0810f54ba607f597f596719) Importer(2089858483,b0f066a214c2f5e87bad3c948f4d605d)
Start importing Assets/Asset/Tileset/fantasy_ [version 2.0]/forest_/Box/forest_ [fencesAndWalls]_117.asset using Guid(b84e3361f0810f54ba607f597f596719) Importer(2089858483,b0f066a214c2f5e87bad3c948f4d605d) (ScriptedImporter) -> (artifact id: '38d73c0306ec879a44e9d096e35c1a69') in 0.0115361 seconds
Number of updated asset objects reloaded before import = 0Number of asset objects unloaded after import = 2

========================================================================
Received Import Request.
  Time since last request: 0.000010 seconds.
  path: Assets/Asset/Tileset/fantasy_ [version 2.0]/forest_/Floor/forest__79.asset
  artifactKey: Guid(66747ea3f0d3d43438539d905f3f8f91) Importer(2089858483,b0f066a214c2f5e87bad3c948f4d605d)
Start importing Assets/Asset/Tileset/fantasy_ [version 2.0]/forest_/Floor/forest__79.asset using Guid(66747ea3f0d3d43438539d905f3f8f91) Importer(2089858483,b0f066a214c2f5e87bad3c948f4d605d) (ScriptedImporter) -> (artifact id: 'd1a1cacb5fdc7f18dfd06ca9d5e14a7a') in 0.0139769 seconds
Number of updated asset objects reloaded before import = 0Number of asset objects unloaded after import = 2

========================================================================
Received Import Request.
  Time since last request: 0.000014 seconds.
  path: Assets/Asset/Tileset/fantasy_ [version 2.0]/cave_/cave_ [fencesAndWalls].png
  artifactKey: Guid(c44bbf54aa93e6f47a2f0d4a0d374157) Importer(2089858483,b0f066a214c2f5e87bad3c948f4d605d)
Start importing Assets/Asset/Tileset/fantasy_ [version 2.0]/cave_/cave_ [fencesAndWalls].png using Guid(c44bbf54aa93e6f47a2f0d4a0d374157) Importer(2089858483,b0f066a214c2f5e87bad3c948f4d605d) (ScriptedImporter) -> (artifact id: '5d015b7291f45edca682db5b41760658') in 0.0335599 seconds
Number of updated asset objects reloaded before import = 0Number of asset objects unloaded after import = 25

========================================================================
Received Import Request.
  Time since last request: 0.000029 seconds.
  path: Assets/Asset/Tileset/fantasy_ [version 2.0]/desert_/Floor/desert__8.asset
  artifactKey: Guid(bb69de7144b0f3c4d995738751cdba6a) Importer(2089858483,b0f066a214c2f5e87bad3c948f4d605d)
Start importing Assets/Asset/Tileset/fantasy_ [version 2.0]/desert_/Floor/desert__8.asset using Guid(bb69de7144b0f3c4d995738751cdba6a) Importer(2089858483,b0f066a214c2f5e87bad3c948f4d605d) (ScriptedImporter) -> (artifact id: '1ed141050c20ba72777c3fd361837b49') in 0.0146986 seconds
Number of updated asset objects reloaded before import = 0Number of asset objects unloaded after import = 2

========================================================================
Received Import Request.
  Time since last request: 0.000016 seconds.
  path: Assets/Asset/Tileset/fantasy_ [version 2.0]/fantasy_/swampTaiga_.png
  artifactKey: Guid(5d9e1c46a2abddb4795340e156e4143a) Importer(2089858483,b0f066a214c2f5e87bad3c948f4d605d)
Start importing Assets/Asset/Tileset/fantasy_ [version 2.0]/fantasy_/swampTaiga_.png using Guid(5d9e1c46a2abddb4795340e156e4143a) Importer(2089858483,b0f066a214c2f5e87bad3c948f4d605d) (ScriptedImporter) -> (artifact id: '5868cfc1fffe3a725937351d19330a8a') in 0.0146784 seconds
Number of updated asset objects reloaded before import = 0Number of asset objects unloaded after import = 3

========================================================================
Received Import Request.
  Time since last request: 0.000020 seconds.
  path: Assets/Asset/Tileset/fantasy_ [version 2.0]/forest_/forest_ [bridgeAnimatedTiles].png
  artifactKey: Guid(524262664642d6740a159d72ea0d8777) Importer(2089858483,b0f066a214c2f5e87bad3c948f4d605d)
Start importing Assets/Asset/Tileset/fantasy_ [version 2.0]/forest_/forest_ [bridgeAnimatedTiles].png using Guid(524262664642d6740a159d72ea0d8777) Importer(2089858483,b0f066a214c2f5e87bad3c948f4d605d) (ScriptedImporter) -> (artifact id: 'b4330bbe0938ac96a197b08636a99281') in 0.0150405 seconds
Number of updated asset objects reloaded before import = 0Number of asset objects unloaded after import = 3

========================================================================
Received Import Request.
  Time since last request: 0.000033 seconds.
  path: Assets/Asset/Tileset/fantasy_ [version 2.0]/desert_/Floor/desert__4.asset
  artifactKey: Guid(336b01b69870b894fbce9a3b0149fbd8) Importer(2089858483,b0f066a214c2f5e87bad3c948f4d605d)
Start importing Assets/Asset/Tileset/fantasy_ [version 2.0]/desert_/Floor/desert__4.asset using Guid(336b01b69870b894fbce9a3b0149fbd8) Importer(2089858483,b0f066a214c2f5e87bad3c948f4d605d) (ScriptedImporter) -> (artifact id: 'ca9c429840522880401b984e124102b3') in 0.0119024 seconds
Number of updated asset objects reloaded before import = 0Number of asset objects unloaded after import = 2

========================================================================
Received Import Request.
  Time since last request: 0.000018 seconds.
  path: Assets/Asset/Tileset/fantasy_ [version 2.0]/desert_/Floor/desert__60.asset
  artifactKey: Guid(42cb43b67f0892f4697ce58dbcf461e3) Importer(2089858483,b0f066a214c2f5e87bad3c948f4d605d)
Start importing Assets/Asset/Tileset/fantasy_ [version 2.0]/desert_/Floor/desert__60.asset using Guid(42cb43b67f0892f4697ce58dbcf461e3) Importer(2089858483,b0f066a214c2f5e87bad3c948f4d605d) (ScriptedImporter) -> (artifact id: '9354efb0ef4a329ac6ee16d0a64b0d29') in 0.0131167 seconds
Number of updated asset objects reloaded before import = 0Number of asset objects unloaded after import = 2

========================================================================
Received Import Request.
  Time since last request: 0.000017 seconds.
  path: Assets/Asset/Tileset/fantasy_ [version 2.0]/forest_/Box/forest_ [fencesAndWalls]_30.asset
  artifactKey: Guid(94419507e5951a74dbccee55412e8448) Importer(2089858483,b0f066a214c2f5e87bad3c948f4d605d)
Start importing Assets/Asset/Tileset/fantasy_ [version 2.0]/forest_/Box/forest_ [fencesAndWalls]_30.asset using Guid(94419507e5951a74dbccee55412e8448) Importer(2089858483,b0f066a214c2f5e87bad3c948f4d605d) (ScriptedImporter) -> (artifact id: 'c14e047ecc073c3395aeefc6a1d42573') in 0.0129725 seconds
Number of updated asset objects reloaded before import = 0Number of asset objects unloaded after import = 2

========================================================================
Received Import Request.
  Time since last request: 0.000025 seconds.
  path: Assets/Asset/Tileset/fantasy_ [version 2.0]/forest_/Box/forest_ [fencesAndWalls]_77.asset
  artifactKey: Guid(d7e1bae638827ab4ea78122027118790) Importer(2089858483,b0f066a214c2f5e87bad3c948f4d605d)
Start importing Assets/Asset/Tileset/fantasy_ [version 2.0]/forest_/Box/forest_ [fencesAndWalls]_77.asset using Guid(d7e1bae638827ab4ea78122027118790) Importer(2089858483,b0f066a214c2f5e87bad3c948f4d605d) (ScriptedImporter) -> (artifact id: 'aea86a8a8274a5106f3f7f9327e7048f') in 0.0132487 seconds
Number of updated asset objects reloaded before import = 0Number of asset objects unloaded after import = 2

========================================================================
Received Import Request.
  Time since last request: 0.000015 seconds.
  path: Assets/Asset/Tileset/fantasy_ [version 2.0]/forest_/Floor/forest__64.asset
  artifactKey: Guid(15159201965dba440a5258d28c170724) Importer(2089858483,b0f066a214c2f5e87bad3c948f4d605d)
Start importing Assets/Asset/Tileset/fantasy_ [version 2.0]/forest_/Floor/forest__64.asset using Guid(15159201965dba440a5258d28c170724) Importer(2089858483,b0f066a214c2f5e87bad3c948f4d605d) (ScriptedImporter) -> (artifact id: 'e1e9e2677ba313fa697e637815f11524') in 0.0133657 seconds
Number of updated asset objects reloaded before import = 0Number of asset objects unloaded after import = 2

========================================================================
Received Import Request.
  Time since last request: 0.000014 seconds.
  path: Assets/Asset/Tileset/fantasy_ [version 2.0]/cave_
  artifactKey: Guid(7fb89d1b4c8c8f041ad8ecfbd2ed8858) Importer(2089858483,b0f066a214c2f5e87bad3c948f4d605d)
Start importing Assets/Asset/Tileset/fantasy_ [version 2.0]/cave_ using Guid(7fb89d1b4c8c8f041ad8ecfbd2ed8858) Importer(2089858483,b0f066a214c2f5e87bad3c948f4d605d) (ScriptedImporter) -> (artifact id: '5e6bf7ac46d11a49a0526701e895d8ce') in 0.0117268 seconds
Number of updated asset objects reloaded before import = 0Number of asset objects unloaded after import = 1

========================================================================
Received Import Request.
  Time since last request: 0.000018 seconds.
  path: Assets/Asset/Tileset/fantasy_ [version 2.0]/forest_/Box/forest_ [fencesAndWalls]_45.asset
  artifactKey: Guid(11364543b694aa04daeda0fc037c92c4) Importer(2089858483,b0f066a214c2f5e87bad3c948f4d605d)
Start importing Assets/Asset/Tileset/fantasy_ [version 2.0]/forest_/Box/forest_ [fencesAndWalls]_45.asset using Guid(11364543b694aa04daeda0fc037c92c4) Importer(2089858483,b0f066a214c2f5e87bad3c948f4d605d) (ScriptedImporter) -> (artifact id: 'bcdcd45778b74886a373b51cb11bbb54') in 0.0134834 seconds
Number of updated asset objects reloaded before import = 0Number of asset objects unloaded after import = 2

========================================================================
Received Import Request.
  Time since last request: 0.000018 seconds.
  path: Assets/Asset/Tileset/fantasy_ [version 2.0]/forest_/Floor/forest__23.asset
  artifactKey: Guid(1fc2703505161d649bae2d01578f674a) Importer(2089858483,b0f066a214c2f5e87bad3c948f4d605d)
Start importing Assets/Asset/Tileset/fantasy_ [version 2.0]/forest_/Floor/forest__23.asset using Guid(1fc2703505161d649bae2d01578f674a) Importer(2089858483,b0f066a214c2f5e87bad3c948f4d605d) (ScriptedImporter) -> (artifact id: '8629de82bf2ab03882c365c4a1f9f769') in 0.0134806 seconds
Number of updated asset objects reloaded before import = 0Number of asset objects unloaded after import = 2

========================================================================
Received Import Request.
  Time since last request: 0.000020 seconds.
  path: Assets/Asset/Tileset/fantasy_ [version 2.0]/forest_/Box/forest_ [fencesAndWalls]_19.asset
  artifactKey: Guid(2c8f1d033ae224442bc1e7faedd2f69e) Importer(2089858483,b0f066a214c2f5e87bad3c948f4d605d)
Start importing Assets/Asset/Tileset/fantasy_ [version 2.0]/forest_/Box/forest_ [fencesAndWalls]_19.asset using Guid(2c8f1d033ae224442bc1e7faedd2f69e) Importer(2089858483,b0f066a214c2f5e87bad3c948f4d605d) (ScriptedImporter) -> (artifact id: '3f4220ede95a95073fc3e6db0703ae14') in 0.0148656 seconds
Number of updated asset objects reloaded before import = 0Number of asset objects unloaded after import = 2

========================================================================
Received Import Request.
  Time since last request: 0.000030 seconds.
  path: Assets/Asset/Tileset/fantasy_ [version 2.0]/fantasy_/tundraSwamp_.png
  artifactKey: Guid(b9892f00016752b4dbf04333eda71416) Importer(2089858483,b0f066a214c2f5e87bad3c948f4d605d)
Start importing Assets/Asset/Tileset/fantasy_ [version 2.0]/fantasy_/tundraSwamp_.png using Guid(b9892f00016752b4dbf04333eda71416) Importer(2089858483,b0f066a214c2f5e87bad3c948f4d605d) (ScriptedImporter) -> (artifact id: '868c8bef5fdba492bf38525ab143f88a') in 0.0154053 seconds
Number of updated asset objects reloaded before import = 0Number of asset objects unloaded after import = 3

========================================================================
Received Import Request.
  Time since last request: 0.000021 seconds.
  path: Assets/Asset/Tileset/fantasy_ [version 2.0]/forest_/Floor/forest__42.asset
  artifactKey: Guid(ec716af722e391d4fbb0cac748dbe274) Importer(2089858483,b0f066a214c2f5e87bad3c948f4d605d)
Start importing Assets/Asset/Tileset/fantasy_ [version 2.0]/forest_/Floor/forest__42.asset using Guid(ec716af722e391d4fbb0cac748dbe274) Importer(2089858483,b0f066a214c2f5e87bad3c948f4d605d) (ScriptedImporter) -> (artifact id: '14c89dba16935e7436fc09e4f362a1c1') in 0.0144093 seconds
Number of updated asset objects reloaded before import = 0Number of asset objects unloaded after import = 2

========================================================================
Received Import Request.
  Time since last request: 0.000018 seconds.
  path: Assets/Asset/Tileset/fantasy_ [version 2.0]/forest_/Floor/forest__71.asset
  artifactKey: Guid(37c7e69809ebf2842b802c6d4a0d4f8e) Importer(2089858483,b0f066a214c2f5e87bad3c948f4d605d)
Start importing Assets/Asset/Tileset/fantasy_ [version 2.0]/forest_/Floor/forest__71.asset using Guid(37c7e69809ebf2842b802c6d4a0d4f8e) Importer(2089858483,b0f066a214c2f5e87bad3c948f4d605d) (ScriptedImporter) -> (artifact id: '1705f4fb192323273fb9e01af53bcad4') in 0.0116532 seconds
Number of updated asset objects reloaded before import = 0Number of asset objects unloaded after import = 2

========================================================================
Received Import Request.
  Time since last request: 0.000015 seconds.
  path: Assets/Asset/Tileset/fantasy_ [version 2.0]/forest_/Box/forest_ [fencesAndWalls]_69.asset
  artifactKey: Guid(df526d99f8af14243991c39c96f78174) Importer(2089858483,b0f066a214c2f5e87bad3c948f4d605d)
Start importing Assets/Asset/Tileset/fantasy_ [version 2.0]/forest_/Box/forest_ [fencesAndWalls]_69.asset using Guid(df526d99f8af14243991c39c96f78174) Importer(2089858483,b0f066a214c2f5e87bad3c948f4d605d) (ScriptedImporter) -> (artifact id: 'dd757e546922c645ef2a4f5132455d26') in 0.0163721 seconds
Number of updated asset objects reloaded before import = 0Number of asset objects unloaded after import = 2

========================================================================
Received Import Request.
  Time since last request: 0.000013 seconds.
  path: Assets/Asset/Tileset/fantasy_ [version 2.0]/forest_/Floor/forest__0.asset
  artifactKey: Guid(c6e66d972391cec42b8e8153a98a8a20) Importer(2089858483,b0f066a214c2f5e87bad3c948f4d605d)
Start importing Assets/Asset/Tileset/fantasy_ [version 2.0]/forest_/Floor/forest__0.asset using Guid(c6e66d972391cec42b8e8153a98a8a20) Importer(2089858483,b0f066a214c2f5e87bad3c948f4d605d) (ScriptedImporter) -> (artifact id: '44d00a60b560059f2159efeee668b408') in 0.0128248 seconds
Number of updated asset objects reloaded before import = 0Number of asset objects unloaded after import = 2

========================================================================
Received Import Request.
  Time since last request: 0.000016 seconds.
  path: Assets/Asset/Tileset/fantasy_ [version 2.0]/forest_/Box/forest_ [fencesAndWalls]_65.asset
  artifactKey: Guid(cbc0fb980025d2e4a85a37982071da69) Importer(2089858483,b0f066a214c2f5e87bad3c948f4d605d)
Start importing Assets/Asset/Tileset/fantasy_ [version 2.0]/forest_/Box/forest_ [fencesAndWalls]_65.asset using Guid(cbc0fb980025d2e4a85a37982071da69) Importer(2089858483,b0f066a214c2f5e87bad3c948f4d605d) (ScriptedImporter) -> (artifact id: '043a49342cd36379a3fa31dfb487defc') in 0.010663 seconds
Number of updated asset objects reloaded before import = 0Number of asset objects unloaded after import = 2

========================================================================
Received Import Request.
  Time since last request: 0.000024 seconds.
  path: Assets/Asset/Tileset/fantasy_ [version 2.0]/desert_/desert_ [resources].png
  artifactKey: Guid(50339238818c31e4d893d79bbf81d640) Importer(2089858483,b0f066a214c2f5e87bad3c948f4d605d)
Start importing Assets/Asset/Tileset/fantasy_ [version 2.0]/desert_/desert_ [resources].png using Guid(50339238818c31e4d893d79bbf81d640) Importer(2089858483,b0f066a214c2f5e87bad3c948f4d605d) (ScriptedImporter) -> (artifact id: '3549a337b6200c428ce6c04bd8008813') in 0.046421 seconds
Number of updated asset objects reloaded before import = 0Number of asset objects unloaded after import = 27

========================================================================
Received Import Request.
  Time since last request: 0.000019 seconds.
  path: Assets/Asset/Tileset/fantasy_ [version 2.0]/desert_/desert_ [fountain].png
  artifactKey: Guid(b3579a68af9f64544960b034a60b7b35) Importer(2089858483,b0f066a214c2f5e87bad3c948f4d605d)
Start importing Assets/Asset/Tileset/fantasy_ [version 2.0]/desert_/desert_ [fountain].png using Guid(b3579a68af9f64544960b034a60b7b35) Importer(2089858483,b0f066a214c2f5e87bad3c948f4d605d) (ScriptedImporter) -> (artifact id: '1b6fc3f8fce808714722fba9d02ec3f4') in 0.0139718 seconds
Number of updated asset objects reloaded before import = 0Number of asset objects unloaded after import = 3

========================================================================
Received Import Request.
  Time since last request: 0.000017 seconds.
  path: Assets/Asset/Tileset/fantasy_ [version 2.0]/forest_/Box/forest_ [fencesAndWalls]_2.asset
  artifactKey: Guid(e7f3dc58cd6d0b14fa18c0f6b52c8513) Importer(2089858483,b0f066a214c2f5e87bad3c948f4d605d)
Start importing Assets/Asset/Tileset/fantasy_ [version 2.0]/forest_/Box/forest_ [fencesAndWalls]_2.asset using Guid(e7f3dc58cd6d0b14fa18c0f6b52c8513) Importer(2089858483,b0f066a214c2f5e87bad3c948f4d605d) (ScriptedImporter) -> (artifact id: '5ce62cb6043d4498eadab21dcae70c3e') in 0.0141132 seconds
Number of updated asset objects reloaded before import = 0Number of asset objects unloaded after import = 2

========================================================================
Received Import Request.
  Time since last request: 0.000015 seconds.
  path: Assets/Asset/Tileset/fantasy_ [version 2.0]/forest_/Box/forest_ [fencesAndWalls]_56.asset
  artifactKey: Guid(2a34e1604dbc03449b89aeb8a23eff65) Importer(2089858483,b0f066a214c2f5e87bad3c948f4d605d)
Start importing Assets/Asset/Tileset/fantasy_ [version 2.0]/forest_/Box/forest_ [fencesAndWalls]_56.asset using Guid(2a34e1604dbc03449b89aeb8a23eff65) Importer(2089858483,b0f066a214c2f5e87bad3c948f4d605d) (ScriptedImporter) -> (artifact id: '788dc9a71bee331887509f4acd5abada') in 0.0155348 seconds
Number of updated asset objects reloaded before import = 0Number of asset objects unloaded after import = 2

========================================================================
Received Import Request.
  Time since last request: 0.000019 seconds.
  path: Assets/Asset/Tileset/fantasy_ [version 2.0]/desert_/Floor/desert__25.asset
  artifactKey: Guid(b06b86648d92a2e499a6013e78f59eec) Importer(2089858483,b0f066a214c2f5e87bad3c948f4d605d)
Start importing Assets/Asset/Tileset/fantasy_ [version 2.0]/desert_/Floor/desert__25.asset using Guid(b06b86648d92a2e499a6013e78f59eec) Importer(2089858483,b0f066a214c2f5e87bad3c948f4d605d) (ScriptedImporter) -> (artifact id: 'd6b5260f729ceef5751414cf5dbd6e07') in 0.0153667 seconds
Number of updated asset objects reloaded before import = 0Number of asset objects unloaded after import = 2

========================================================================
Received Import Request.
  Time since last request: 0.000026 seconds.
  path: Assets/Asset/Tileset/fantasy_ [version 2.0]/tundra_
  artifactKey: Guid(6bf6e738864e080458cb21887960db3b) Importer(2089858483,b0f066a214c2f5e87bad3c948f4d605d)
Start importing Assets/Asset/Tileset/fantasy_ [version 2.0]/tundra_ using Guid(6bf6e738864e080458cb21887960db3b) Importer(2089858483,b0f066a214c2f5e87bad3c948f4d605d) (ScriptedImporter) -> (artifact id: '276b5026cbce613bb051fc20c9e8d7a8') in 0.0120433 seconds
Number of updated asset objects reloaded before import = 0Number of asset objects unloaded after import = 1

========================================================================
Received Import Request.
  Time since last request: 0.000014 seconds.
  path: Assets/Asset/Tileset/fantasy_ [version 2.0]/forest_/Box/forest_ [fencesAndWalls]_71.asset
  artifactKey: Guid(723f657b770eaf44e947f193a29e36b1) Importer(2089858483,b0f066a214c2f5e87bad3c948f4d605d)
Start importing Assets/Asset/Tileset/fantasy_ [version 2.0]/forest_/Box/forest_ [fencesAndWalls]_71.asset using Guid(723f657b770eaf44e947f193a29e36b1) Importer(2089858483,b0f066a214c2f5e87bad3c948f4d605d) (ScriptedImporter) -> (artifact id: '61d3b002a1a0113c1269cd56b299346d') in 0.0137701 seconds
Number of updated asset objects reloaded before import = 0Number of asset objects unloaded after import = 2

========================================================================
Received Import Request.
  Time since last request: 0.000011 seconds.
  path: Assets/Asset/Tileset/fantasy_ [version 2.0]/forest_/Box/forest_ [fencesAndWalls]_100.asset
  artifactKey: Guid(2001299b71566be45befc2820b8cb136) Importer(2089858483,b0f066a214c2f5e87bad3c948f4d605d)
Start importing Assets/Asset/Tileset/fantasy_ [version 2.0]/forest_/Box/forest_ [fencesAndWalls]_100.asset using Guid(2001299b71566be45befc2820b8cb136) Importer(2089858483,b0f066a214c2f5e87bad3c948f4d605d) (ScriptedImporter) -> (artifact id: 'd2c8a0486441a85584f2de91783c634a') in 0.0139201 seconds
Number of updated asset objects reloaded before import = 0Number of asset objects unloaded after import = 2

========================================================================
Received Import Request.
  Time since last request: 0.000015 seconds.
  path: Assets/Asset/Tileset/fantasy_ [version 2.0]/forest_/Box/forest_ [fencesAndWalls]_80.asset
  artifactKey: Guid(eb60737aee772cf49a7bd63fc8174fcf) Importer(2089858483,b0f066a214c2f5e87bad3c948f4d605d)
Start importing Assets/Asset/Tileset/fantasy_ [version 2.0]/forest_/Box/forest_ [fencesAndWalls]_80.asset using Guid(eb60737aee772cf49a7bd63fc8174fcf) Importer(2089858483,b0f066a214c2f5e87bad3c948f4d605d) (ScriptedImporter) -> (artifact id: '6f6f7afc14b1d330515e7cbcb4b1c600') in 0.0123151 seconds
Number of updated asset objects reloaded before import = 0Number of asset objects unloaded after import = 2

========================================================================
Received Import Request.
  Time since last request: 0.000018 seconds.
  path: Assets/Asset/Tileset/fantasy_ [version 2.0]/taiga_/taiga_ [bridgeVertical].png
  artifactKey: Guid(5957d35ba17706e4495035137a9a1f17) Importer(2089858483,b0f066a214c2f5e87bad3c948f4d605d)
Start importing Assets/Asset/Tileset/fantasy_ [version 2.0]/taiga_/taiga_ [bridgeVertical].png using Guid(5957d35ba17706e4495035137a9a1f17) Importer(2089858483,b0f066a214c2f5e87bad3c948f4d605d) (ScriptedImporter) -> (artifact id: '35423bbb9d101cad1859efe7feb51ce9') in 0.0170076 seconds
Number of updated asset objects reloaded before import = 0Number of asset objects unloaded after import = 3

========================================================================
Received Import Request.
  Time since last request: 0.000019 seconds.
  path: Assets/Asset/Tileset/fantasy_ [version 2.0]/forest_/Box/forest_ [fencesAndWalls]_46.asset
  artifactKey: Guid(ed87980c11bc0e141a44d0b49ef8c702) Importer(2089858483,b0f066a214c2f5e87bad3c948f4d605d)
Start importing Assets/Asset/Tileset/fantasy_ [version 2.0]/forest_/Box/forest_ [fencesAndWalls]_46.asset using Guid(ed87980c11bc0e141a44d0b49ef8c702) Importer(2089858483,b0f066a214c2f5e87bad3c948f4d605d) (ScriptedImporter) -> (artifact id: '4c5f23adff3b957633a5e625e3541e89') in 0.0120566 seconds
Number of updated asset objects reloaded before import = 0Number of asset objects unloaded after import = 2

========================================================================
Received Import Request.
  Time since last request: 0.000026 seconds.
  path: Assets/Asset/Tileset/fantasy_ [version 2.0]/forest_/Floor/forest__52.asset
  artifactKey: Guid(9f71515a9ed5e6e4fbbc3768f547c9d8) Importer(2089858483,b0f066a214c2f5e87bad3c948f4d605d)
Start importing Assets/Asset/Tileset/fantasy_ [version 2.0]/forest_/Floor/forest__52.asset using Guid(9f71515a9ed5e6e4fbbc3768f547c9d8) Importer(2089858483,b0f066a214c2f5e87bad3c948f4d605d) (ScriptedImporter) -> (artifact id: '21bd9164bc4804a27fe4703fa4e5f004') in 0.0111411 seconds
Number of updated asset objects reloaded before import = 0Number of asset objects unloaded after import = 2

========================================================================
Received Import Request.
  Time since last request: 0.000012 seconds.
  path: Assets/Asset/Tileset/fantasy_ [version 2.0]/desert_/desertPath_.png
  artifactKey: Guid(0303dd2b0a225d5429e5a284a06d4cda) Importer(2089858483,b0f066a214c2f5e87bad3c948f4d605d)
Start importing Assets/Asset/Tileset/fantasy_ [version 2.0]/desert_/desertPath_.png using Guid(0303dd2b0a225d5429e5a284a06d4cda) Importer(2089858483,b0f066a214c2f5e87bad3c948f4d605d) (ScriptedImporter) -> (artifact id: '42042ed9e238ec85349e8bf11d45de4d') in 0.0151384 seconds
Number of updated asset objects reloaded before import = 0Number of asset objects unloaded after import = 3

========================================================================
Received Import Request.
  Time since last request: 0.000017 seconds.
  path: Assets/Asset/Tileset/fantasy_ [version 2.0]/forest_/Floor/forest__8.asset
  artifactKey: Guid(687cd00c44e57574eb518df4edad952f) Importer(2089858483,b0f066a214c2f5e87bad3c948f4d605d)
Start importing Assets/Asset/Tileset/fantasy_ [version 2.0]/forest_/Floor/forest__8.asset using Guid(687cd00c44e57574eb518df4edad952f) Importer(2089858483,b0f066a214c2f5e87bad3c948f4d605d) (ScriptedImporter) -> (artifact id: 'a23685f83d40610fe6e008b7dedae47f') in 0.0114688 seconds
Number of updated asset objects reloaded before import = 0Number of asset objects unloaded after import = 2

========================================================================
Received Import Request.
  Time since last request: 0.000015 seconds.
  path: Assets/Asset/Tileset/fantasy_ [version 2.0]/forest_/Box/forest_ [fencesAndWalls]_13.asset
  artifactKey: Guid(0f2609abe99b8d14ca79d7fe3e0c0ac0) Importer(2089858483,b0f066a214c2f5e87bad3c948f4d605d)
Start importing Assets/Asset/Tileset/fantasy_ [version 2.0]/forest_/Box/forest_ [fencesAndWalls]_13.asset using Guid(0f2609abe99b8d14ca79d7fe3e0c0ac0) Importer(2089858483,b0f066a214c2f5e87bad3c948f4d605d) (ScriptedImporter) -> (artifact id: '4598f7a438d7e39556ff4cd669fa49ff') in 0.0117593 seconds
Number of updated asset objects reloaded before import = 0Number of asset objects unloaded after import = 2

========================================================================
Received Import Request.
  Time since last request: 0.000015 seconds.
  path: Assets/Asset/Tileset/fantasy_ [version 2.0]/forest_/Floor/forest__102.asset
  artifactKey: Guid(67278b8bbc8382c4aa05873cfd8a74d4) Importer(2089858483,b0f066a214c2f5e87bad3c948f4d605d)
Start importing Assets/Asset/Tileset/fantasy_ [version 2.0]/forest_/Floor/forest__102.asset using Guid(67278b8bbc8382c4aa05873cfd8a74d4) Importer(2089858483,b0f066a214c2f5e87bad3c948f4d605d) (ScriptedImporter) -> (artifact id: '34ef26881ce5588bc9c5a70e013cd51f') in 0.0129301 seconds
Number of updated asset objects reloaded before import = 0Number of asset objects unloaded after import = 2

========================================================================
Received Import Request.
  Time since last request: 0.000082 seconds.
  path: Assets/Asset/Tileset/fantasy_ [version 2.0]/desert_/Floor/desert__21.asset
  artifactKey: Guid(3c69a8140693473449041a68f775a5cf) Importer(2089858483,b0f066a214c2f5e87bad3c948f4d605d)
Start importing Assets/Asset/Tileset/fantasy_ [version 2.0]/desert_/Floor/desert__21.asset using Guid(3c69a8140693473449041a68f775a5cf) Importer(2089858483,b0f066a214c2f5e87bad3c948f4d605d) (ScriptedImporter) -> (artifact id: '940f8c8ec988f987b7b0a47ec189aae5') in 0.0131847 seconds
Number of updated asset objects reloaded before import = 0Number of asset objects unloaded after import = 2

========================================================================
Received Import Request.
  Time since last request: 0.000022 seconds.
  path: Assets/Asset/Tileset/fantasy_ [version 2.0]/forest_/Box/forest_ [fencesAndWalls]_63.asset
  artifactKey: Guid(4d4ba47c130338f4cb5eb690921cbde1) Importer(2089858483,b0f066a214c2f5e87bad3c948f4d605d)
Start importing Assets/Asset/Tileset/fantasy_ [version 2.0]/forest_/Box/forest_ [fencesAndWalls]_63.asset using Guid(4d4ba47c130338f4cb5eb690921cbde1) Importer(2089858483,b0f066a214c2f5e87bad3c948f4d605d) (ScriptedImporter) -> (artifact id: 'e625e0017e1e63458a3008eff79b9bbb') in 0.0129982 seconds
Number of updated asset objects reloaded before import = 0Number of asset objects unloaded after import = 2

========================================================================
Received Import Request.
  Time since last request: 0.000015 seconds.
  path: Assets/Asset/Tileset/fantasy_ [version 2.0]/desert_/Floor/desert__20.asset
  artifactKey: Guid(91102f4d1c285f84ca9aea6ebec3fd6f) Importer(2089858483,b0f066a214c2f5e87bad3c948f4d605d)
Start importing Assets/Asset/Tileset/fantasy_ [version 2.0]/desert_/Floor/desert__20.asset using Guid(91102f4d1c285f84ca9aea6ebec3fd6f) Importer(2089858483,b0f066a214c2f5e87bad3c948f4d605d) (ScriptedImporter) -> (artifact id: '47cb4ed0c619fade83b1e5ee2e37207e') in 0.012652 seconds
Number of updated asset objects reloaded before import = 0Number of asset objects unloaded after import = 2

========================================================================
Received Import Request.
  Time since last request: 0.000012 seconds.
  path: Assets/Asset/Tileset/fantasy_ [version 2.0]/desert_/Floor/desert__33.asset
  artifactKey: Guid(ab08fe3df357ebb4c8a7c7da2c6a969f) Importer(2089858483,b0f066a214c2f5e87bad3c948f4d605d)
Start importing Assets/Asset/Tileset/fantasy_ [version 2.0]/desert_/Floor/desert__33.asset using Guid(ab08fe3df357ebb4c8a7c7da2c6a969f) Importer(2089858483,b0f066a214c2f5e87bad3c948f4d605d) (ScriptedImporter) -> (artifact id: 'ee458b771e9a1abd0d7a5cef5babbc8d') in 0.0134537 seconds
Number of updated asset objects reloaded before import = 0Number of asset objects unloaded after import = 2

========================================================================
Received Import Request.
  Time since last request: 0.000014 seconds.
  path: Assets/Asset/Tileset/fantasy_ [version 2.0]/forest_/Floor/forest__105.asset
  artifactKey: Guid(7ffef44d6b723ae4e813c8d978c7082f) Importer(2089858483,b0f066a214c2f5e87bad3c948f4d605d)
Start importing Assets/Asset/Tileset/fantasy_ [version 2.0]/forest_/Floor/forest__105.asset using Guid(7ffef44d6b723ae4e813c8d978c7082f) Importer(2089858483,b0f066a214c2f5e87bad3c948f4d605d) (ScriptedImporter) -> (artifact id: '588d52968911e7cc44cb0a51643a963c') in 0.0116611 seconds
Number of updated asset objects reloaded before import = 0Number of asset objects unloaded after import = 2

========================================================================
Received Import Request.
  Time since last request: 0.000017 seconds.
  path: Assets/Asset/Tileset/fantasy_ [version 2.0]/forest_/Floor/forest__75.asset
  artifactKey: Guid(72d6a85dff666934e8897be130ba6f53) Importer(2089858483,b0f066a214c2f5e87bad3c948f4d605d)
Start importing Assets/Asset/Tileset/fantasy_ [version 2.0]/forest_/Floor/forest__75.asset using Guid(72d6a85dff666934e8897be130ba6f53) Importer(2089858483,b0f066a214c2f5e87bad3c948f4d605d) (ScriptedImporter) -> (artifact id: '84418a526ed3c79e1e1580bccb185f0e') in 0.0127224 seconds
Number of updated asset objects reloaded before import = 0Number of asset objects unloaded after import = 2

========================================================================
Received Import Request.
  Time since last request: 0.000016 seconds.
  path: Assets/Asset/Tileset/fantasy_ [version 2.0]/desert_/desert_.png
  artifactKey: Guid(49e94c0d58490a44e98b5dc4f87e4168) Importer(2089858483,b0f066a214c2f5e87bad3c948f4d605d)
Start importing Assets/Asset/Tileset/fantasy_ [version 2.0]/desert_/desert_.png using Guid(49e94c0d58490a44e98b5dc4f87e4168) Importer(2089858483,b0f066a214c2f5e87bad3c948f4d605d) (ScriptedImporter) -> (artifact id: '0fc9e17be564c84be2b619aec636d77f') in 0.0868079 seconds
Number of updated asset objects reloaded before import = 0Number of asset objects unloaded after import = 117

========================================================================
Received Import Request.
  Time since last request: 0.000026 seconds.
  path: Assets/Asset/Tileset/fantasy_ [version 2.0]/forest_/Floor/forest__6.asset
  artifactKey: Guid(442d7c4dd653c3249805d78a1dd89b51) Importer(2089858483,b0f066a214c2f5e87bad3c948f4d605d)
Start importing Assets/Asset/Tileset/fantasy_ [version 2.0]/forest_/Floor/forest__6.asset using Guid(442d7c4dd653c3249805d78a1dd89b51) Importer(2089858483,b0f066a214c2f5e87bad3c948f4d605d) (ScriptedImporter) -> (artifact id: 'bbdd6be8dc0605ebf2d8e0ca7fd715e5') in 0.0139017 seconds
Number of updated asset objects reloaded before import = 0Number of asset objects unloaded after import = 2

========================================================================
Received Import Request.
  Time since last request: 0.000031 seconds.
  path: Assets/Asset/Tileset/fantasy_ [version 2.0]/forest_/Box/forest_ [fencesAndWalls]_37.asset
  artifactKey: Guid(624fa64c371dda1428db5ad8fb620b77) Importer(2089858483,b0f066a214c2f5e87bad3c948f4d605d)
Start importing Assets/Asset/Tileset/fantasy_ [version 2.0]/forest_/Box/forest_ [fencesAndWalls]_37.asset using Guid(624fa64c371dda1428db5ad8fb620b77) Importer(2089858483,b0f066a214c2f5e87bad3c948f4d605d) (ScriptedImporter) -> (artifact id: '95bc29c53ba58fdefe4edbd5f3a886fe') in 0.0128161 seconds
Number of updated asset objects reloaded before import = 0Number of asset objects unloaded after import = 2

========================================================================
Received Import Request.
  Time since last request: 0.000019 seconds.
  path: Assets/Asset/Tileset/fantasy_ [version 2.0]/forest_/Floor/forest__84.asset
  artifactKey: Guid(3dc3bedca0af5034d8d4fcc013cdbd7a) Importer(2089858483,b0f066a214c2f5e87bad3c948f4d605d)
Start importing Assets/Asset/Tileset/fantasy_ [version 2.0]/forest_/Floor/forest__84.asset using Guid(3dc3bedca0af5034d8d4fcc013cdbd7a) Importer(2089858483,b0f066a214c2f5e87bad3c948f4d605d) (ScriptedImporter) -> (artifact id: '1df19b2e34e8e5f8c0086ef473c7de0b') in 0.0151539 seconds
Number of updated asset objects reloaded before import = 0Number of asset objects unloaded after import = 2

========================================================================
Received Import Request.
  Time since last request: 0.000017 seconds.
  path: Assets/Asset/Tileset/fantasy_ [version 2.0]/forest_/Floor/forest__59.asset
  artifactKey: Guid(8257edbcae3693e4d9a2f8aa7577b544) Importer(2089858483,b0f066a214c2f5e87bad3c948f4d605d)
Start importing Assets/Asset/Tileset/fantasy_ [version 2.0]/forest_/Floor/forest__59.asset using Guid(8257edbcae3693e4d9a2f8aa7577b544) Importer(2089858483,b0f066a214c2f5e87bad3c948f4d605d) (ScriptedImporter) -> (artifact id: 'ae5b5fb83d288afa90e6489f1fc1474e') in 0.0143404 seconds
Number of updated asset objects reloaded before import = 0Number of asset objects unloaded after import = 2

========================================================================
Received Import Request.
  Time since last request: 0.000016 seconds.
  path: Assets/Asset/Tileset/fantasy_ [version 2.0]/desert_/Floor/desert__16.asset
  artifactKey: Guid(e11dc16f67bd9fb4890836b810ac9fd1) Importer(2089858483,b0f066a214c2f5e87bad3c948f4d605d)
Start importing Assets/Asset/Tileset/fantasy_ [version 2.0]/desert_/Floor/desert__16.asset using Guid(e11dc16f67bd9fb4890836b810ac9fd1) Importer(2089858483,b0f066a214c2f5e87bad3c948f4d605d) (ScriptedImporter) -> (artifact id: '92c62f9b792a8417923489731cc39a4f') in 0.0137558 seconds
Number of updated asset objects reloaded before import = 0Number of asset objects unloaded after import = 2

========================================================================
Received Import Request.
  Time since last request: 0.000024 seconds.
  path: Assets/Asset/Tileset/fantasy_ [version 2.0]/desert_/Floor/desert__9.asset
  artifactKey: Guid(11feda0f5cec3c3419a91e6110a85d3b) Importer(2089858483,b0f066a214c2f5e87bad3c948f4d605d)
Start importing Assets/Asset/Tileset/fantasy_ [version 2.0]/desert_/Floor/desert__9.asset using Guid(11feda0f5cec3c3419a91e6110a85d3b) Importer(2089858483,b0f066a214c2f5e87bad3c948f4d605d) (ScriptedImporter) -> (artifact id: 'a927bf625370363d15c752b8efef0cce') in 0.0135271 seconds
Number of updated asset objects reloaded before import = 0Number of asset objects unloaded after import = 2

========================================================================
Received Import Request.
  Time since last request: 0.000048 seconds.
  path: Assets/Asset/Tileset/fantasy_ [version 2.0]/forest_/Box/forest_ [fencesAndWalls]_20.asset
  artifactKey: Guid(ecfb34bd961e96b4d8d365450f518351) Importer(2089858483,b0f066a214c2f5e87bad3c948f4d605d)
Start importing Assets/Asset/Tileset/fantasy_ [version 2.0]/forest_/Box/forest_ [fencesAndWalls]_20.asset using Guid(ecfb34bd961e96b4d8d365450f518351) Importer(2089858483,b0f066a214c2f5e87bad3c948f4d605d) (ScriptedImporter) -> (artifact id: '11412ce32000c9c93213451a49427879') in 0.014418 seconds
Number of updated asset objects reloaded before import = 0Number of asset objects unloaded after import = 2

========================================================================
Received Import Request.
  Time since last request: 0.000020 seconds.
  path: Assets/Asset/Tileset/fantasy_ [version 2.0]/forest_/Floor/forest__12.asset
  artifactKey: Guid(fd3958dd5ac06324480be21885556dc2) Importer(2089858483,b0f066a214c2f5e87bad3c948f4d605d)
Start importing Assets/Asset/Tileset/fantasy_ [version 2.0]/forest_/Floor/forest__12.asset using Guid(fd3958dd5ac06324480be21885556dc2) Importer(2089858483,b0f066a214c2f5e87bad3c948f4d605d) (ScriptedImporter) -> (artifact id: 'cce6290d92740a2543e1fba292ad5294') in 0.015332 seconds
Number of updated asset objects reloaded before import = 0Number of asset objects unloaded after import = 2

========================================================================
Received Import Request.
  Time since last request: 0.000015 seconds.
  path: Assets/Asset/Tileset/fantasy_ [version 2.0]/forest_/Floor/forest__4.asset
  artifactKey: Guid(40ac0b19a8938c944ac31ee9367c8ccc) Importer(2089858483,b0f066a214c2f5e87bad3c948f4d605d)
Start importing Assets/Asset/Tileset/fantasy_ [version 2.0]/forest_/Floor/forest__4.asset using Guid(40ac0b19a8938c944ac31ee9367c8ccc) Importer(2089858483,b0f066a214c2f5e87bad3c948f4d605d) (ScriptedImporter) -> (artifact id: '6689e1f343af162c9aee896df2928cf8') in 0.0133285 seconds
Number of updated asset objects reloaded before import = 0Number of asset objects unloaded after import = 2

========================================================================
Received Import Request.
  Time since last request: 0.000016 seconds.
  path: Assets/Asset/Tileset/fantasy_ [version 2.0]/tundra_/igloo_.png
  artifactKey: Guid(447a5a7a72ec1ed4799308e0c7c56af9) Importer(2089858483,b0f066a214c2f5e87bad3c948f4d605d)
Start importing Assets/Asset/Tileset/fantasy_ [version 2.0]/tundra_/igloo_.png using Guid(447a5a7a72ec1ed4799308e0c7c56af9) Importer(2089858483,b0f066a214c2f5e87bad3c948f4d605d) (ScriptedImporter) -> (artifact id: 'fb885729aa118489773387921db39136') in 0.0187871 seconds
Number of updated asset objects reloaded before import = 0Number of asset objects unloaded after import = 10

========================================================================
Received Import Request.
  Time since last request: 0.000018 seconds.
  path: Assets/Asset/Tileset/fantasy_ [version 2.0]/forest_/Box/forest_ [fencesAndWalls]_106.asset
  artifactKey: Guid(efe2ed96199294643b013318739c4ec4) Importer(2089858483,b0f066a214c2f5e87bad3c948f4d605d)
Start importing Assets/Asset/Tileset/fantasy_ [version 2.0]/forest_/Box/forest_ [fencesAndWalls]_106.asset using Guid(efe2ed96199294643b013318739c4ec4) Importer(2089858483,b0f066a214c2f5e87bad3c948f4d605d) (ScriptedImporter) -> (artifact id: 'a0c97a617a8a9c7b71f45c8bf8059aa0') in 0.0122951 seconds
Number of updated asset objects reloaded before import = 0Number of asset objects unloaded after import = 2

========================================================================
Received Import Request.
  Time since last request: 0.000015 seconds.
  path: Assets/Asset/Tileset/fantasy_ [version 2.0]/forest_/Box/forest_ [fencesAndWalls]_67.asset
  artifactKey: Guid(1e2aa13e6de9e4f418c732d14ddd250b) Importer(2089858483,b0f066a214c2f5e87bad3c948f4d605d)
Start importing Assets/Asset/Tileset/fantasy_ [version 2.0]/forest_/Box/forest_ [fencesAndWalls]_67.asset using Guid(1e2aa13e6de9e4f418c732d14ddd250b) Importer(2089858483,b0f066a214c2f5e87bad3c948f4d605d) (ScriptedImporter) -> (artifact id: '8190cc3735a09b5f6882dcfe4233b6d4') in 0.0116111 seconds
Number of updated asset objects reloaded before import = 0Number of asset objects unloaded after import = 2

========================================================================
Received Import Request.
  Time since last request: 0.000045 seconds.
  path: Assets/Asset/Tileset/fantasy_ [version 2.0]/forest_/Box/forest_ [fencesAndWalls]_36.asset
  artifactKey: Guid(9c9a33283effd3143a20d7edaaa5e764) Importer(2089858483,b0f066a214c2f5e87bad3c948f4d605d)
Start importing Assets/Asset/Tileset/fantasy_ [version 2.0]/forest_/Box/forest_ [fencesAndWalls]_36.asset using Guid(9c9a33283effd3143a20d7edaaa5e764) Importer(2089858483,b0f066a214c2f5e87bad3c948f4d605d) (ScriptedImporter) -> (artifact id: 'e7e42df3b011a6a086b7c81edd0e5cb4') in 0.0119328 seconds
Number of updated asset objects reloaded before import = 0Number of asset objects unloaded after import = 2

========================================================================
Received Import Request.
  Time since last request: 0.000016 seconds.
  path: Assets/Asset/Tileset/fantasy_ [version 2.0]/forest_/Floor/forest__98.asset
  artifactKey: Guid(67571a74f849a0148b9f9d63d3b9bdbb) Importer(2089858483,b0f066a214c2f5e87bad3c948f4d605d)
Start importing Assets/Asset/Tileset/fantasy_ [version 2.0]/forest_/Floor/forest__98.asset using Guid(67571a74f849a0148b9f9d63d3b9bdbb) Importer(2089858483,b0f066a214c2f5e87bad3c948f4d605d) (ScriptedImporter) -> (artifact id: 'd96509d61896f99f066060b8fdf4f86e') in 0.0130625 seconds
Number of updated asset objects reloaded before import = 0Number of asset objects unloaded after import = 2

========================================================================
Received Import Request.
  Time since last request: 0.000012 seconds.
  path: Assets/Asset/Tileset/fantasy_ [version 2.0]/desert_/Floor/desert__57.asset
  artifactKey: Guid(048b00eca81be1c41807a40461f49421) Importer(2089858483,b0f066a214c2f5e87bad3c948f4d605d)
Start importing Assets/Asset/Tileset/fantasy_ [version 2.0]/desert_/Floor/desert__57.asset using Guid(048b00eca81be1c41807a40461f49421) Importer(2089858483,b0f066a214c2f5e87bad3c948f4d605d) (ScriptedImporter) -> (artifact id: '265b58f2ebbb75ee780411897a4888b5') in 0.0129006 seconds
Number of updated asset objects reloaded before import = 0Number of asset objects unloaded after import = 2

========================================================================
Received Import Request.
  Time since last request: 0.000012 seconds.
  path: Assets/Asset/Tileset/fantasy_ [version 2.0]/swamp_/swamp_ [bridgeHorizontal].png
  artifactKey: Guid(a55d1fc65ac052c4085c6f8a665722ad) Importer(2089858483,b0f066a214c2f5e87bad3c948f4d605d)
Start importing Assets/Asset/Tileset/fantasy_ [version 2.0]/swamp_/swamp_ [bridgeHorizontal].png using Guid(a55d1fc65ac052c4085c6f8a665722ad) Importer(2089858483,b0f066a214c2f5e87bad3c948f4d605d) (ScriptedImporter) -> (artifact id: '5a7b8947981a8c1c1943d2b9d9c4f283') in 0.0164436 seconds
Number of updated asset objects reloaded before import = 0Number of asset objects unloaded after import = 3

========================================================================
Received Import Request.
  Time since last request: 0.000017 seconds.
  path: Assets/Asset/Tileset/fantasy_ [version 2.0]/forest_/Box/forest_ [fencesAndWalls]_50.asset
  artifactKey: Guid(5a2940ef2d7ff8d47ae8639bcb85d095) Importer(2089858483,b0f066a214c2f5e87bad3c948f4d605d)
Start importing Assets/Asset/Tileset/fantasy_ [version 2.0]/forest_/Box/forest_ [fencesAndWalls]_50.asset using Guid(5a2940ef2d7ff8d47ae8639bcb85d095) Importer(2089858483,b0f066a214c2f5e87bad3c948f4d605d) (ScriptedImporter) -> (artifact id: '3cebc36ec823dec5e478408774273e03') in 0.0126744 seconds
Number of updated asset objects reloaded before import = 0Number of asset objects unloaded after import = 2

========================================================================
Received Import Request.
  Time since last request: 0.000019 seconds.
  path: Assets/Asset/Tileset/fantasy_ [version 2.0]/taiga_/taiga_ [bridgeHorizontal].png
  artifactKey: Guid(40256fae6e53c0b41b6b8c34530244f4) Importer(2089858483,b0f066a214c2f5e87bad3c948f4d605d)
Start importing Assets/Asset/Tileset/fantasy_ [version 2.0]/taiga_/taiga_ [bridgeHorizontal].png using Guid(40256fae6e53c0b41b6b8c34530244f4) Importer(2089858483,b0f066a214c2f5e87bad3c948f4d605d) (ScriptedImporter) -> (artifact id: '56bc6493540edfbf292b2d972cddd337') in 0.01362 seconds
Number of updated asset objects reloaded before import = 0Number of asset objects unloaded after import = 3

========================================================================
Received Import Request.
  Time since last request: 0.000022 seconds.
  path: Assets/Asset/Tileset/fantasy_ [version 2.0]/forest_/Box/forest_ [fencesAndWalls]_15.asset
  artifactKey: Guid(f57fdadf389ab4b4eb921c8b55640239) Importer(2089858483,b0f066a214c2f5e87bad3c948f4d605d)
Start importing Assets/Asset/Tileset/fantasy_ [version 2.0]/forest_/Box/forest_ [fencesAndWalls]_15.asset using Guid(f57fdadf389ab4b4eb921c8b55640239) Importer(2089858483,b0f066a214c2f5e87bad3c948f4d605d) (ScriptedImporter) -> (artifact id: '140fb26c13663029c7e8497a51f2d13d') in 0.0133586 seconds
Number of updated asset objects reloaded before import = 0Number of asset objects unloaded after import = 2

========================================================================
Received Import Request.
  Time since last request: 0.000015 seconds.
  path: Assets/Asset/Tileset/fantasy_ [version 2.0]/forest_/Box/forest_ [fencesAndWalls]_99.asset
  artifactKey: Guid(217532aeac059684eb0631bf1d39205d) Importer(2089858483,b0f066a214c2f5e87bad3c948f4d605d)
Start importing Assets/Asset/Tileset/fantasy_ [version 2.0]/forest_/Box/forest_ [fencesAndWalls]_99.asset using Guid(217532aeac059684eb0631bf1d39205d) Importer(2089858483,b0f066a214c2f5e87bad3c948f4d605d) (ScriptedImporter) -> (artifact id: 'ce3cd56cfff0dce3632ce850de4ffa29') in 0.0119866 seconds
Number of updated asset objects reloaded before import = 0Number of asset objects unloaded after import = 2

========================================================================
Received Import Request.
  Time since last request: 0.000018 seconds.
  path: Assets/Asset/Tileset/fantasy_ [version 2.0]/forest_/Box/forest_ [fencesAndWalls]_73.asset
  artifactKey: Guid(4b142d8ff7b10e848b3839cb64420f89) Importer(2089858483,b0f066a214c2f5e87bad3c948f4d605d)
Start importing Assets/Asset/Tileset/fantasy_ [version 2.0]/forest_/Box/forest_ [fencesAndWalls]_73.asset using Guid(4b142d8ff7b10e848b3839cb64420f89) Importer(2089858483,b0f066a214c2f5e87bad3c948f4d605d) (ScriptedImporter) -> (artifact id: 'ce3e60fb6ae7461687ddd328bea6f136') in 0.0131828 seconds
Number of updated asset objects reloaded before import = 0Number of asset objects unloaded after import = 2

========================================================================
Received Import Request.
  Time since last request: 0.000013 seconds.
  path: Assets/Asset/Tileset/fantasy_ [version 2.0]/forest_/Floor/forest__16.asset
  artifactKey: Guid(bfed2c9767250404495c030fd8b93e73) Importer(2089858483,b0f066a214c2f5e87bad3c948f4d605d)
Start importing Assets/Asset/Tileset/fantasy_ [version 2.0]/forest_/Floor/forest__16.asset using Guid(bfed2c9767250404495c030fd8b93e73) Importer(2089858483,b0f066a214c2f5e87bad3c948f4d605d) (ScriptedImporter) -> (artifact id: '1c890c8d4398e964206793d6ee522add') in 0.0117095 seconds
Number of updated asset objects reloaded before import = 0Number of asset objects unloaded after import = 2

========================================================================
Received Import Request.
  Time since last request: 0.000017 seconds.
  path: Assets/Asset/Tileset/fantasy_ [version 2.0]/forest_/Floor/forest__113.asset
  artifactKey: Guid(5df451ea92f3873408613d1f224f9ed1) Importer(2089858483,b0f066a214c2f5e87bad3c948f4d605d)
Start importing Assets/Asset/Tileset/fantasy_ [version 2.0]/forest_/Floor/forest__113.asset using Guid(5df451ea92f3873408613d1f224f9ed1) Importer(2089858483,b0f066a214c2f5e87bad3c948f4d605d) (ScriptedImporter) -> (artifact id: '6eed40a981407a6490655917fb9ef8e1') in 0.0134684 seconds
Number of updated asset objects reloaded before import = 0Number of asset objects unloaded after import = 2

========================================================================
Received Import Request.
  Time since last request: 0.000015 seconds.
  path: Assets/Asset/Tileset/fantasy_ [version 2.0]/desert_/Floor/desert__41.asset
  artifactKey: Guid(09f223f13c73c1d43ba53e1896b1f764) Importer(2089858483,b0f066a214c2f5e87bad3c948f4d605d)
Start importing Assets/Asset/Tileset/fantasy_ [version 2.0]/desert_/Floor/desert__41.asset using Guid(09f223f13c73c1d43ba53e1896b1f764) Importer(2089858483,b0f066a214c2f5e87bad3c948f4d605d) (ScriptedImporter) -> (artifact id: 'f7457c98f2ae93e403eafe7b77ec5946') in 0.0141237 seconds
Number of updated asset objects reloaded before import = 0Number of asset objects unloaded after import = 2

========================================================================
Received Import Request.
  Time since last request: 0.000021 seconds.
  path: Assets/Asset/Tileset/fantasy_ [version 2.0]/desert_/Floor/desert__34.asset
  artifactKey: Guid(da44a95f500230a46901ec448a560fc0) Importer(2089858483,b0f066a214c2f5e87bad3c948f4d605d)
Start importing Assets/Asset/Tileset/fantasy_ [version 2.0]/desert_/Floor/desert__34.asset using Guid(da44a95f500230a46901ec448a560fc0) Importer(2089858483,b0f066a214c2f5e87bad3c948f4d605d) (ScriptedImporter) -> (artifact id: '418b50ade85742789f2529c475ae66df') in 0.0124766 seconds
Number of updated asset objects reloaded before import = 0Number of asset objects unloaded after import = 2

========================================================================
Received Import Request.
  Time since last request: 0.000027 seconds.
  path: Assets/Asset/Tileset/fantasy_ [version 2.0]/forest_/Box/forest_ [fencesAndWalls]_22.asset
  artifactKey: Guid(5b2ae01757268cc4c9bd84568d0cf10c) Importer(2089858483,b0f066a214c2f5e87bad3c948f4d605d)
Start importing Assets/Asset/Tileset/fantasy_ [version 2.0]/forest_/Box/forest_ [fencesAndWalls]_22.asset using Guid(5b2ae01757268cc4c9bd84568d0cf10c) Importer(2089858483,b0f066a214c2f5e87bad3c948f4d605d) (ScriptedImporter) -> (artifact id: 'b48a35c782a21f1b85d914d73dc014d6') in 0.0141944 seconds
Number of updated asset objects reloaded before import = 0Number of asset objects unloaded after import = 2

========================================================================
Received Import Request.
  Time since last request: 0.000015 seconds.
  path: Assets/Asset/Tileset/fantasy_ [version 2.0]/fantasy_/tundraSwampTaigaForestDesert_0.png
  artifactKey: Guid(4e982e8e146cdaf4783690e9687eef4d) Importer(2089858483,b0f066a214c2f5e87bad3c948f4d605d)
Start importing Assets/Asset/Tileset/fantasy_ [version 2.0]/fantasy_/tundraSwampTaigaForestDesert_0.png using Guid(4e982e8e146cdaf4783690e9687eef4d) Importer(2089858483,b0f066a214c2f5e87bad3c948f4d605d) (ScriptedImporter) -> (artifact id: '87674a29c3f702f4c173ca60197d5b3c') in 0.0207961 seconds
Number of updated asset objects reloaded before import = 0Number of asset objects unloaded after import = 3

========================================================================
Received Import Request.
  Time since last request: 0.000013 seconds.
  path: Assets/Asset/Tileset/fantasy_ [version 2.0]/desert_/Floor
  artifactKey: Guid(b4aa7567deda96441a3feef129198bee) Importer(2089858483,b0f066a214c2f5e87bad3c948f4d605d)
Start importing Assets/Asset/Tileset/fantasy_ [version 2.0]/desert_/Floor using Guid(b4aa7567deda96441a3feef129198bee) Importer(2089858483,b0f066a214c2f5e87bad3c948f4d605d) (ScriptedImporter) -> (artifact id: '6f171101bbc97b12f687d8abfb058e9f') in 0.0144407 seconds
Number of updated asset objects reloaded before import = 0Number of asset objects unloaded after import = 1

========================================================================
Received Import Request.
  Time since last request: 0.000013 seconds.
  path: Assets/Asset/Tileset/fantasy_ [version 2.0]/forest_/Floor/forest__87.asset
  artifactKey: Guid(c8266c06a8f4cb249871c51ee1108717) Importer(2089858483,b0f066a214c2f5e87bad3c948f4d605d)
Start importing Assets/Asset/Tileset/fantasy_ [version 2.0]/forest_/Floor/forest__87.asset using Guid(c8266c06a8f4cb249871c51ee1108717) Importer(2089858483,b0f066a214c2f5e87bad3c948f4d605d) (ScriptedImporter) -> (artifact id: 'be63fa563ddfc4d00f86d7cdb146cad6') in 0.0118466 seconds
Number of updated asset objects reloaded before import = 0Number of asset objects unloaded after import = 2

========================================================================
Received Import Request.
  Time since last request: 18.315743 seconds.
  path: Assets/Asset/Tilemap/fantasy_ [version 2.0]
  artifactKey: Guid(5829249d3437cb640a6c04029153adc7) Importer(2089858483,b0f066a214c2f5e87bad3c948f4d605d)
Start importing Assets/Asset/Tilemap/fantasy_ [version 2.0] using Guid(5829249d3437cb640a6c04029153adc7) Importer(2089858483,b0f066a214c2f5e87bad3c948f4d605d) (ScriptedImporter) -> (artifact id: 'a1c82ed7a528ef9f8c46ab38008d5a72') in 0.0143854 seconds
Number of updated asset objects reloaded before import = 0Number of asset objects unloaded after import = 1

========================================================================
Received Import Request.
  Time since last request: 0.000013 seconds.
  path: Assets/Asset/Tilemap/fantasy_ [version 2.0]/forest_/Floor/forest__101.asset
  artifactKey: Guid(ccf63382eadff6a45829e8e77bf5e51f) Importer(2089858483,b0f066a214c2f5e87bad3c948f4d605d)
Start importing Assets/Asset/Tilemap/fantasy_ [version 2.0]/forest_/Floor/forest__101.asset using Guid(ccf63382eadff6a45829e8e77bf5e51f) Importer(2089858483,b0f066a214c2f5e87bad3c948f4d605d) (ScriptedImporter) -> (artifact id: '08a02ece470eeb56edcfbcc0fbab60eb') in 0.0115901 seconds
Number of updated asset objects reloaded before import = 0Number of asset objects unloaded after import = 2

========================================================================
Received Import Request.
  Time since last request: 0.000015 seconds.
  path: Assets/Asset/Tilemap/fantasy_ [version 2.0]/forest_/Box/forest_ [fencesAndWalls]_1.asset
  artifactKey: Guid(17dddcb0c666f734b8ce25073afc6b27) Importer(2089858483,b0f066a214c2f5e87bad3c948f4d605d)
Start importing Assets/Asset/Tilemap/fantasy_ [version 2.0]/forest_/Box/forest_ [fencesAndWalls]_1.asset using Guid(17dddcb0c666f734b8ce25073afc6b27) Importer(2089858483,b0f066a214c2f5e87bad3c948f4d605d) (ScriptedImporter) -> (artifact id: '199b34160ea8412fb3833089dcba19a8') in 0.0115043 seconds
Number of updated asset objects reloaded before import = 0Number of asset objects unloaded after import = 2

========================================================================
Received Import Request.
  Time since last request: 0.000012 seconds.
  path: Assets/Asset/Tilemap/fantasy_ [version 2.0]/desert_/Floor/desert__24.asset
  artifactKey: Guid(9b80d80064aa8494085d268e6fb90903) Importer(2089858483,b0f066a214c2f5e87bad3c948f4d605d)
Start importing Assets/Asset/Tilemap/fantasy_ [version 2.0]/desert_/Floor/desert__24.asset using Guid(9b80d80064aa8494085d268e6fb90903) Importer(2089858483,b0f066a214c2f5e87bad3c948f4d605d) (ScriptedImporter) -> (artifact id: 'ec3018ad5d5f31073fff408f6b26fa47') in 0.0119088 seconds
Number of updated asset objects reloaded before import = 0Number of asset objects unloaded after import = 2

========================================================================
Received Import Request.
  Time since last request: 0.000013 seconds.
  path: Assets/Asset/Tilemap/fantasy_ [version 2.0]/forest_/Floor/forest__46.asset
  artifactKey: Guid(6e1c97a05407d2d4c990a1e2bd6b2cc3) Importer(2089858483,b0f066a214c2f5e87bad3c948f4d605d)
Start importing Assets/Asset/Tilemap/fantasy_ [version 2.0]/forest_/Floor/forest__46.asset using Guid(6e1c97a05407d2d4c990a1e2bd6b2cc3) Importer(2089858483,b0f066a214c2f5e87bad3c948f4d605d) (ScriptedImporter) -> (artifact id: '77d1e399d15786f8c30b765cee7294e2') in 0.0123452 seconds
Number of updated asset objects reloaded before import = 0Number of asset objects unloaded after import = 2

========================================================================
Received Import Request.
  Time since last request: 0.000014 seconds.
  path: Assets/Asset/Tilemap/fantasy_ [version 2.0]/forest_/Box/forest_ [fencesAndWalls]_78.asset
  artifactKey: Guid(6f7a2582dfc644f499333df0fb2dd55e) Importer(2089858483,b0f066a214c2f5e87bad3c948f4d605d)
Start importing Assets/Asset/Tilemap/fantasy_ [version 2.0]/forest_/Box/forest_ [fencesAndWalls]_78.asset using Guid(6f7a2582dfc644f499333df0fb2dd55e) Importer(2089858483,b0f066a214c2f5e87bad3c948f4d605d) (ScriptedImporter) -> (artifact id: 'a85aeb685fb39af60627c60f45351f4d') in 0.0140256 seconds
Number of updated asset objects reloaded before import = 0Number of asset objects unloaded after import = 2

========================================================================
Received Import Request.
  Time since last request: 0.000030 seconds.
  path: Assets/Asset/Tilemap/fantasy_ [version 2.0]/forest_/Floor/forest__110.asset
  artifactKey: Guid(88bc658079ef03d43be88016c6ccd2cd) Importer(2089858483,b0f066a214c2f5e87bad3c948f4d605d)
Start importing Assets/Asset/Tilemap/fantasy_ [version 2.0]/forest_/Floor/forest__110.asset using Guid(88bc658079ef03d43be88016c6ccd2cd) Importer(2089858483,b0f066a214c2f5e87bad3c948f4d605d) (ScriptedImporter) -> (artifact id: '3c85dbdda899a3e45ef47bb27c7b0a5c') in 0.0145614 seconds
Number of updated asset objects reloaded before import = 0Number of asset objects unloaded after import = 2

========================================================================
Received Import Request.
  Time since last request: 0.000019 seconds.
  path: Assets/Asset/Tilemap/fantasy_ [version 2.0]/forest_/Floor/forest__106.asset
  artifactKey: Guid(fe3906d2819074a469ba44705cc63e52) Importer(2089858483,b0f066a214c2f5e87bad3c948f4d605d)
Start importing Assets/Asset/Tilemap/fantasy_ [version 2.0]/forest_/Floor/forest__106.asset using Guid(fe3906d2819074a469ba44705cc63e52) Importer(2089858483,b0f066a214c2f5e87bad3c948f4d605d) (ScriptedImporter) -> (artifact id: 'b73e6723f78e6ab9423735f15cdb41c4') in 0.0107281 seconds
Number of updated asset objects reloaded before import = 0Number of asset objects unloaded after import = 2

========================================================================
Received Import Request.
  Time since last request: 0.000016 seconds.
  path: Assets/Asset/Tilemap/fantasy_ [version 2.0]/forest_/Box/forest_ [fencesAndWalls]_83.asset
  artifactKey: Guid(e96ec221e60d3a34fa433715b0ab6192) Importer(2089858483,b0f066a214c2f5e87bad3c948f4d605d)
Start importing Assets/Asset/Tilemap/fantasy_ [version 2.0]/forest_/Box/forest_ [fencesAndWalls]_83.asset using Guid(e96ec221e60d3a34fa433715b0ab6192) Importer(2089858483,b0f066a214c2f5e87bad3c948f4d605d) (ScriptedImporter) -> (artifact id: '2d2dfb4bad80a25d2abf86c518c28ea5') in 0.0133853 seconds
Number of updated asset objects reloaded before import = 0Number of asset objects unloaded after import = 2

========================================================================
Received Import Request.
  Time since last request: 0.000012 seconds.
  path: Assets/Asset/Tilemap/fantasy_ [version 2.0]/forest_/Box/forest_ [fencesAndWalls]_45.asset
  artifactKey: Guid(11364543b694aa04daeda0fc037c92c4) Importer(2089858483,b0f066a214c2f5e87bad3c948f4d605d)
Start importing Assets/Asset/Tilemap/fantasy_ [version 2.0]/forest_/Box/forest_ [fencesAndWalls]_45.asset using Guid(11364543b694aa04daeda0fc037c92c4) Importer(2089858483,b0f066a214c2f5e87bad3c948f4d605d) (ScriptedImporter) -> (artifact id: 'e3df440797f6fd7772b8d1cc7ba55cf0') in 0.0142133 seconds
Number of updated asset objects reloaded before import = 0Number of asset objects unloaded after import = 2

========================================================================
Received Import Request.
  Time since last request: 0.000015 seconds.
  path: Assets/Asset/Tilemap/fantasy_ [version 2.0]/forest_/Box/forest_ [fencesAndWalls]_57.asset
  artifactKey: Guid(afe41a135fe2e524c9a4eaabe09d041e) Importer(2089858483,b0f066a214c2f5e87bad3c948f4d605d)
Start importing Assets/Asset/Tilemap/fantasy_ [version 2.0]/forest_/Box/forest_ [fencesAndWalls]_57.asset using Guid(afe41a135fe2e524c9a4eaabe09d041e) Importer(2089858483,b0f066a214c2f5e87bad3c948f4d605d) (ScriptedImporter) -> (artifact id: '3c1c33d7bedf7a5f7f2312f3b4c01b5e') in 0.0131771 seconds
Number of updated asset objects reloaded before import = 0Number of asset objects unloaded after import = 2

========================================================================
Received Import Request.
  Time since last request: 0.000015 seconds.
  path: Assets/Asset/Tilemap/fantasy_ [version 2.0]/desert_/Floor/desert__6.asset
  artifactKey: Guid(dbc342702f2916b4ea52eb6d7ceb90c3) Importer(2089858483,b0f066a214c2f5e87bad3c948f4d605d)
Start importing Assets/Asset/Tilemap/fantasy_ [version 2.0]/desert_/Floor/desert__6.asset using Guid(dbc342702f2916b4ea52eb6d7ceb90c3) Importer(2089858483,b0f066a214c2f5e87bad3c948f4d605d) (ScriptedImporter) -> (artifact id: '5d9b0a34a1b1464ff270ccc33a380bf3') in 0.0134602 seconds
Number of updated asset objects reloaded before import = 0Number of asset objects unloaded after import = 2

========================================================================
Received Import Request.
  Time since last request: 0.000029 seconds.
  path: Assets/Asset/Tilemap/fantasy_ [version 2.0]/forest_/Box/forest_ [fencesAndWalls]_11.asset
  artifactKey: Guid(bd5155158b431ec4cafabc4ec7dce85c) Importer(2089858483,b0f066a214c2f5e87bad3c948f4d605d)
Start importing Assets/Asset/Tilemap/fantasy_ [version 2.0]/forest_/Box/forest_ [fencesAndWalls]_11.asset using Guid(bd5155158b431ec4cafabc4ec7dce85c) Importer(2089858483,b0f066a214c2f5e87bad3c948f4d605d) (ScriptedImporter) -> (artifact id: '1f915c6ac502e1778d9fac717a974ff1') in 0.0148204 seconds
Number of updated asset objects reloaded before import = 0Number of asset objects unloaded after import = 2

========================================================================
Received Import Request.
  Time since last request: 0.000020 seconds.
  path: Assets/Asset/Tilemap/fantasy_ [version 2.0]/forest_/Box/forest_ [fencesAndWalls]_40.asset
  artifactKey: Guid(0ec69ea51d77c0747be666a828aa3541) Importer(2089858483,b0f066a214c2f5e87bad3c948f4d605d)
Start importing Assets/Asset/Tilemap/fantasy_ [version 2.0]/forest_/Box/forest_ [fencesAndWalls]_40.asset using Guid(0ec69ea51d77c0747be666a828aa3541) Importer(2089858483,b0f066a214c2f5e87bad3c948f4d605d) (ScriptedImporter) -> (artifact id: '9c59fc1b1c0d101842f19c3d4d75adc1') in 0.0142217 seconds
Number of updated asset objects reloaded before import = 0Number of asset objects unloaded after import = 2

========================================================================
Received Import Request.
  Time since last request: 0.000014 seconds.
  path: Assets/Asset/Tilemap/fantasy_ [version 2.0]/forest_/Box/forest_ [fencesAndWalls]_53.asset
  artifactKey: Guid(17464ee3222e1d04ea44413f202501e8) Importer(2089858483,b0f066a214c2f5e87bad3c948f4d605d)
Start importing Assets/Asset/Tilemap/fantasy_ [version 2.0]/forest_/Box/forest_ [fencesAndWalls]_53.asset using Guid(17464ee3222e1d04ea44413f202501e8) Importer(2089858483,b0f066a214c2f5e87bad3c948f4d605d) (ScriptedImporter) -> (artifact id: 'e330ff57d2e4be47ddb2f2f403d903c7') in 0.0139099 seconds
Number of updated asset objects reloaded before import = 0Number of asset objects unloaded after import = 2

========================================================================
Received Import Request.
  Time since last request: 0.000014 seconds.
  path: Assets/Asset/Tilemap/fantasy_ [version 2.0]/tundra_/tundraPath_.png
  artifactKey: Guid(ce0a664549bd378428439303c343d9ab) Importer(2089858483,b0f066a214c2f5e87bad3c948f4d605d)
Start importing Assets/Asset/Tilemap/fantasy_ [version 2.0]/tundra_/tundraPath_.png using Guid(ce0a664549bd378428439303c343d9ab) Importer(2089858483,b0f066a214c2f5e87bad3c948f4d605d) (ScriptedImporter) -> (artifact id: '30d27fb8b747dd57c92623631f1f35f4') in 0.0143141 seconds
Number of updated asset objects reloaded before import = 0Number of asset objects unloaded after import = 3

========================================================================
Received Import Request.
  Time since last request: 0.000014 seconds.
  path: Assets/Asset/Tilemap/fantasy_ [version 2.0]/forest_/Floor/forest__40.asset
  artifactKey: Guid(fbde21d58ef1cb04991740d579fbfae1) Importer(2089858483,b0f066a214c2f5e87bad3c948f4d605d)
Start importing Assets/Asset/Tilemap/fantasy_ [version 2.0]/forest_/Floor/forest__40.asset using Guid(fbde21d58ef1cb04991740d579fbfae1) Importer(2089858483,b0f066a214c2f5e87bad3c948f4d605d) (ScriptedImporter) -> (artifact id: 'c36f20bb2ff420455c35b63ee30d02f7') in 0.013309 seconds
Number of updated asset objects reloaded before import = 0Number of asset objects unloaded after import = 2

========================================================================
Received Import Request.
  Time since last request: 0.000019 seconds.
  path: Assets/Asset/Tilemap/fantasy_ [version 2.0]/desert_/Floor/desert__100.asset
  artifactKey: Guid(eeac7861d00e364498092e372ed5a579) Importer(2089858483,b0f066a214c2f5e87bad3c948f4d605d)
Start importing Assets/Asset/Tilemap/fantasy_ [version 2.0]/desert_/Floor/desert__100.asset using Guid(eeac7861d00e364498092e372ed5a579) Importer(2089858483,b0f066a214c2f5e87bad3c948f4d605d) (ScriptedImporter) -> (artifact id: '9b92074039624cff3644d40ca6b882f9') in 0.012771 seconds
Number of updated asset objects reloaded before import = 0Number of asset objects unloaded after import = 2

========================================================================
Received Import Request.
  Time since last request: 0.000021 seconds.
  path: Assets/Asset/Tilemap/fantasy_ [version 2.0]/desert_/Floor/desert__59.asset
  artifactKey: Guid(2ce915f292f25124fae59401a95d8d0e) Importer(2089858483,b0f066a214c2f5e87bad3c948f4d605d)
Start importing Assets/Asset/Tilemap/fantasy_ [version 2.0]/desert_/Floor/desert__59.asset using Guid(2ce915f292f25124fae59401a95d8d0e) Importer(2089858483,b0f066a214c2f5e87bad3c948f4d605d) (ScriptedImporter) -> (artifact id: 'fd157bdc42cd3f6dd39da7363d11b7b8') in 0.0122812 seconds
Number of updated asset objects reloaded before import = 0Number of asset objects unloaded after import = 2

========================================================================
Received Import Request.
  Time since last request: 0.000015 seconds.
  path: Assets/Asset/Tilemap/fantasy_ [version 2.0]/tundra_/tundra_ [bridgeHorizontal].png
  artifactKey: Guid(3a1108927dec8d54cbcfe17872aa3810) Importer(2089858483,b0f066a214c2f5e87bad3c948f4d605d)
Start importing Assets/Asset/Tilemap/fantasy_ [version 2.0]/tundra_/tundra_ [bridgeHorizontal].png using Guid(3a1108927dec8d54cbcfe17872aa3810) Importer(2089858483,b0f066a214c2f5e87bad3c948f4d605d) (ScriptedImporter) -> (artifact id: '72038a26da5cedbc4f2d2dfd1f823edb') in 0.0163645 seconds
Number of updated asset objects reloaded before import = 0Number of asset objects unloaded after import = 3

========================================================================
Received Import Request.
  Time since last request: 0.000014 seconds.
  path: Assets/Asset/Tilemap/fantasy_ [version 2.0]/forest_/Floor/forest__37.asset
  artifactKey: Guid(5353d9e4af7d18046bd36a58c5faad3b) Importer(2089858483,b0f066a214c2f5e87bad3c948f4d605d)
Start importing Assets/Asset/Tilemap/fantasy_ [version 2.0]/forest_/Floor/forest__37.asset using Guid(5353d9e4af7d18046bd36a58c5faad3b) Importer(2089858483,b0f066a214c2f5e87bad3c948f4d605d) (ScriptedImporter) -> (artifact id: '1e572332922994b90e571149d7593c71') in 0.0126672 seconds
Number of updated asset objects reloaded before import = 0Number of asset objects unloaded after import = 2

========================================================================
Received Import Request.
  Time since last request: 0.000011 seconds.
  path: Assets/Asset/Tilemap/fantasy_ [version 2.0]/desert_/Floor/desert__19.asset
  artifactKey: Guid(b7fb9322d83c9db43be6a19f50736f7f) Importer(2089858483,b0f066a214c2f5e87bad3c948f4d605d)
Start importing Assets/Asset/Tilemap/fantasy_ [version 2.0]/desert_/Floor/desert__19.asset using Guid(b7fb9322d83c9db43be6a19f50736f7f) Importer(2089858483,b0f066a214c2f5e87bad3c948f4d605d) (ScriptedImporter) -> (artifact id: 'f747bc3d8198142c820fc14f16b23aa9') in 0.0144667 seconds
Number of updated asset objects reloaded before import = 0Number of asset objects unloaded after import = 2

========================================================================
Received Import Request.
  Time since last request: 0.000014 seconds.
  path: Assets/Asset/Tilemap/fantasy_ [version 2.0]/forest_/Box/forest_ [fencesAndWalls]_3.asset
  artifactKey: Guid(71b7135452ff0b44e9a039f2d2faabc5) Importer(2089858483,b0f066a214c2f5e87bad3c948f4d605d)
Start importing Assets/Asset/Tilemap/fantasy_ [version 2.0]/forest_/Box/forest_ [fencesAndWalls]_3.asset using Guid(71b7135452ff0b44e9a039f2d2faabc5) Importer(2089858483,b0f066a214c2f5e87bad3c948f4d605d) (ScriptedImporter) -> (artifact id: '55f2fa38fe73991ed0270b5f100b90c2') in 0.013892 seconds
Number of updated asset objects reloaded before import = 0Number of asset objects unloaded after import = 2

========================================================================
Received Import Request.
  Time since last request: 0.000019 seconds.
  path: Assets/Asset/Tilemap/fantasy_ [version 2.0]/forest_/Box/forest_ [fencesAndWalls]_115.asset
  artifactKey: Guid(f99ef0d69faaf4e4c9fa599a18323c2b) Importer(2089858483,b0f066a214c2f5e87bad3c948f4d605d)
Start importing Assets/Asset/Tilemap/fantasy_ [version 2.0]/forest_/Box/forest_ [fencesAndWalls]_115.asset using Guid(f99ef0d69faaf4e4c9fa599a18323c2b) Importer(2089858483,b0f066a214c2f5e87bad3c948f4d605d) (ScriptedImporter) -> (artifact id: '21282cfeb7292992886011943d042827') in 0.011706 seconds
Number of updated asset objects reloaded before import = 0Number of asset objects unloaded after import = 2

========================================================================
Received Import Request.
  Time since last request: 0.000019 seconds.
  path: Assets/Asset/Tilemap/fantasy_ [version 2.0]/fantasy_/forestDesert_.png
  artifactKey: Guid(f5d15516b51f8c64cb2dd6b7a7a79286) Importer(2089858483,b0f066a214c2f5e87bad3c948f4d605d)
Start importing Assets/Asset/Tilemap/fantasy_ [version 2.0]/fantasy_/forestDesert_.png using Guid(f5d15516b51f8c64cb2dd6b7a7a79286) Importer(2089858483,b0f066a214c2f5e87bad3c948f4d605d) (ScriptedImporter) -> (artifact id: 'ce29b1099c2b8a02688b02133f96a0f5') in 0.0168406 seconds
Number of updated asset objects reloaded before import = 0Number of asset objects unloaded after import = 3

========================================================================
Received Import Request.
  Time since last request: 0.000020 seconds.
  path: Assets/Asset/Tilemap/fantasy_ [version 2.0]/tundra_/tundra_ [bridgeAnimatedTiles].png
  artifactKey: Guid(5070fe3763e836147a789a2ebe616916) Importer(2089858483,b0f066a214c2f5e87bad3c948f4d605d)
Start importing Assets/Asset/Tilemap/fantasy_ [version 2.0]/tundra_/tundra_ [bridgeAnimatedTiles].png using Guid(5070fe3763e836147a789a2ebe616916) Importer(2089858483,b0f066a214c2f5e87bad3c948f4d605d) (ScriptedImporter) -> (artifact id: '4a024778ad3591548f39e97ca446054a') in 0.0151795 seconds
Number of updated asset objects reloaded before import = 0Number of asset objects unloaded after import = 3

========================================================================
Received Import Request.
  Time since last request: 0.000012 seconds.
  path: Assets/Asset/Tilemap/fantasy_ [version 2.0]/forest_/Box/forest_ [fencesAndWalls]_106.asset
  artifactKey: Guid(efe2ed96199294643b013318739c4ec4) Importer(2089858483,b0f066a214c2f5e87bad3c948f4d605d)
Start importing Assets/Asset/Tilemap/fantasy_ [version 2.0]/forest_/Box/forest_ [fencesAndWalls]_106.asset using Guid(efe2ed96199294643b013318739c4ec4) Importer(2089858483,b0f066a214c2f5e87bad3c948f4d605d) (ScriptedImporter) -> (artifact id: 'ca345853d256620fcf0c4a5634cdfaeb') in 0.0134762 seconds
Number of updated asset objects reloaded before import = 0Number of asset objects unloaded after import = 2

========================================================================
Received Import Request.
  Time since last request: 0.000018 seconds.
  path: Assets/Asset/Tilemap/fantasy_ [version 2.0]/desert_/Floor/desert__32.asset
  artifactKey: Guid(fc6da7f57bd2d8d4fb587dc791e67f27) Importer(2089858483,b0f066a214c2f5e87bad3c948f4d605d)
Start importing Assets/Asset/Tilemap/fantasy_ [version 2.0]/desert_/Floor/desert__32.asset using Guid(fc6da7f57bd2d8d4fb587dc791e67f27) Importer(2089858483,b0f066a214c2f5e87bad3c948f4d605d) (ScriptedImporter) -> (artifact id: 'ce8e3e9a84d43b5eaac33a2c7af74863') in 0.0109317 seconds
Number of updated asset objects reloaded before import = 0Number of asset objects unloaded after import = 2

========================================================================
Received Import Request.
  Time since last request: 0.000023 seconds.
  path: Assets/Asset/Tilemap/fantasy_ [version 2.0]/fantasy_/swampTaiga_.png
  artifactKey: Guid(5d9e1c46a2abddb4795340e156e4143a) Importer(2089858483,b0f066a214c2f5e87bad3c948f4d605d)
Start importing Assets/Asset/Tilemap/fantasy_ [version 2.0]/fantasy_/swampTaiga_.png using Guid(5d9e1c46a2abddb4795340e156e4143a) Importer(2089858483,b0f066a214c2f5e87bad3c948f4d605d) (ScriptedImporter) -> (artifact id: '150bfbae6bf7f80394b557f69782ab4a') in 0.0133564 seconds
Number of updated asset objects reloaded before import = 0Number of asset objects unloaded after import = 3

========================================================================
Received Import Request.
  Time since last request: 0.000018 seconds.
  path: Assets/Asset/Tilemap/fantasy_ [version 2.0]/forest_/Floor/forest__24.asset
  artifactKey: Guid(46e4431791dbace428ccab73407a5def) Importer(2089858483,b0f066a214c2f5e87bad3c948f4d605d)
Start importing Assets/Asset/Tilemap/fantasy_ [version 2.0]/forest_/Floor/forest__24.asset using Guid(46e4431791dbace428ccab73407a5def) Importer(2089858483,b0f066a214c2f5e87bad3c948f4d605d) (ScriptedImporter) -> (artifact id: 'd563dfc9605b0576d50b02cd4af85a96') in 0.0126599 seconds
Number of updated asset objects reloaded before import = 0Number of asset objects unloaded after import = 2

========================================================================
Received Import Request.
  Time since last request: 0.000023 seconds.
  path: Assets/Asset/Tilemap/fantasy_ [version 2.0]/forest_
  artifactKey: Guid(458d83e347c219c4e89a21826358db37) Importer(2089858483,b0f066a214c2f5e87bad3c948f4d605d)
Start importing Assets/Asset/Tilemap/fantasy_ [version 2.0]/forest_ using Guid(458d83e347c219c4e89a21826358db37) Importer(2089858483,b0f066a214c2f5e87bad3c948f4d605d) (ScriptedImporter) -> (artifact id: '1d5e82ef87a86dffed9e822946ca30aa') in 0.0111873 seconds
Number of updated asset objects reloaded before import = 0Number of asset objects unloaded after import = 1

========================================================================
Received Import Request.
  Time since last request: 0.000014 seconds.
  path: Assets/Asset/Tilemap/fantasy_ [version 2.0]/forest_/Box/forest_ [fencesAndWalls]_6.asset
  artifactKey: Guid(46c643911bd4cb1499f821744bbbc514) Importer(2089858483,b0f066a214c2f5e87bad3c948f4d605d)
Start importing Assets/Asset/Tilemap/fantasy_ [version 2.0]/forest_/Box/forest_ [fencesAndWalls]_6.asset using Guid(46c643911bd4cb1499f821744bbbc514) Importer(2089858483,b0f066a214c2f5e87bad3c948f4d605d) (ScriptedImporter) -> (artifact id: '04dd46a19a9cd5dc946473d057fdb7b8') in 0.0109415 seconds
Number of updated asset objects reloaded before import = 0Number of asset objects unloaded after import = 2

========================================================================
Received Import Request.
  Time since last request: 0.000011 seconds.
  path: Assets/Asset/Tilemap/fantasy_ [version 2.0]/forest_/Floor/forest__32.asset
  artifactKey: Guid(8ff230e6dc360144892f3f19e2e6be39) Importer(2089858483,b0f066a214c2f5e87bad3c948f4d605d)
Start importing Assets/Asset/Tilemap/fantasy_ [version 2.0]/forest_/Floor/forest__32.asset using Guid(8ff230e6dc360144892f3f19e2e6be39) Importer(2089858483,b0f066a214c2f5e87bad3c948f4d605d) (ScriptedImporter) -> (artifact id: 'd0a3884b803264a839f3b2d9a8450299') in 0.0115836 seconds
Number of updated asset objects reloaded before import = 0Number of asset objects unloaded after import = 2

========================================================================
Received Import Request.
  Time since last request: 0.000011 seconds.
  path: Assets/Asset/Tilemap/fantasy_ [version 2.0]/forest_/Floor/forest__22.asset
  artifactKey: Guid(026e2476105867a49926d8dda2bd1339) Importer(2089858483,b0f066a214c2f5e87bad3c948f4d605d)
Start importing Assets/Asset/Tilemap/fantasy_ [version 2.0]/forest_/Floor/forest__22.asset using Guid(026e2476105867a49926d8dda2bd1339) Importer(2089858483,b0f066a214c2f5e87bad3c948f4d605d) (ScriptedImporter) -> (artifact id: 'c447064ef7c459cffb5f394021019906') in 0.0110118 seconds
Number of updated asset objects reloaded before import = 0Number of asset objects unloaded after import = 2

========================================================================
Received Import Request.
  Time since last request: 0.000029 seconds.
  path: Assets/Asset/Tilemap/fantasy_ [version 2.0]/forest_/Box/BoxPallette1.prefab
  artifactKey: Guid(6a7aacb0d0abb5240b86b6a5afabfe05) Importer(2089858483,b0f066a214c2f5e87bad3c948f4d605d)
Start importing Assets/Asset/Tilemap/fantasy_ [version 2.0]/forest_/Box/BoxPallette1.prefab using Guid(6a7aacb0d0abb5240b86b6a5afabfe05) Importer(2089858483,b0f066a214c2f5e87bad3c948f4d605d) (ScriptedImporter) -> (artifact id: '345ac24fbbb5d18f1a9db21224972744') in 0.0138633 seconds
Number of updated asset objects reloaded before import = 0Number of asset objects unloaded after import = 10

========================================================================
Received Import Request.
  Time since last request: 0.000013 seconds.
  path: Assets/Asset/Tilemap/fantasy_ [version 2.0]/forest_/Floor/forest__43.asset
  artifactKey: Guid(7159f7e97709d5c4ba6025d6e5fa8b5e) Importer(2089858483,b0f066a214c2f5e87bad3c948f4d605d)
Start importing Assets/Asset/Tilemap/fantasy_ [version 2.0]/forest_/Floor/forest__43.asset using Guid(7159f7e97709d5c4ba6025d6e5fa8b5e) Importer(2089858483,b0f066a214c2f5e87bad3c948f4d605d) (ScriptedImporter) -> (artifact id: 'c7b4cbf0e74ddc3a5ae6dfd8ac80e0bd') in 0.0120197 seconds
Number of updated asset objects reloaded before import = 0Number of asset objects unloaded after import = 2

========================================================================
Received Import Request.
  Time since last request: 0.000023 seconds.
  path: Assets/Asset/Tilemap/fantasy_ [version 2.0]/forest_/Box/forest_ [fencesAndWalls]_62.asset
  artifactKey: Guid(56829999544322943a747f95c9637f4f) Importer(2089858483,b0f066a214c2f5e87bad3c948f4d605d)
Start importing Assets/Asset/Tilemap/fantasy_ [version 2.0]/forest_/Box/forest_ [fencesAndWalls]_62.asset using Guid(56829999544322943a747f95c9637f4f) Importer(2089858483,b0f066a214c2f5e87bad3c948f4d605d) (ScriptedImporter) -> (artifact id: '7951649c9107df8bccf46be95433478d') in 0.0123763 seconds
Number of updated asset objects reloaded before import = 0Number of asset objects unloaded after import = 2

========================================================================
Received Import Request.
  Time since last request: 0.000014 seconds.
  path: Assets/Asset/Tilemap/fantasy_ [version 2.0]/tundra_/tundra_ [resources].png
  artifactKey: Guid(1f2eacb9e68e2a14698560dce3fef922) Importer(2089858483,b0f066a214c2f5e87bad3c948f4d605d)
Start importing Assets/Asset/Tilemap/fantasy_ [version 2.0]/tundra_/tundra_ [resources].png using Guid(1f2eacb9e68e2a14698560dce3fef922) Importer(2089858483,b0f066a214c2f5e87bad3c948f4d605d) (ScriptedImporter) -> (artifact id: '9949bf10ae4ea787ce805a0359401c5a') in 0.038424 seconds
Number of updated asset objects reloaded before import = 0Number of asset objects unloaded after import = 35

========================================================================
Received Import Request.
  Time since last request: 0.000035 seconds.
  path: Assets/Asset/Tilemap/fantasy_ [version 2.0]/forest_/forest_ [bridgeHorizontal].png
  artifactKey: Guid(46e915d92ff710a43a0a2bdd1c15cd57) Importer(2089858483,b0f066a214c2f5e87bad3c948f4d605d)
Start importing Assets/Asset/Tilemap/fantasy_ [version 2.0]/forest_/forest_ [bridgeHorizontal].png using Guid(46e915d92ff710a43a0a2bdd1c15cd57) Importer(2089858483,b0f066a214c2f5e87bad3c948f4d605d) (ScriptedImporter) -> (artifact id: '38c1d03123a43849c8dd996a08138e3f') in 0.0149201 seconds
Number of updated asset objects reloaded before import = 0Number of asset objects unloaded after import = 3

========================================================================
Received Import Request.
  Time since last request: 0.000016 seconds.
  path: Assets/Asset/Tilemap/fantasy_ [version 2.0]/desert_/Floor/desert__0.asset
  artifactKey: Guid(2a5fbaa8f0920a54c8d866d94b68662f) Importer(2089858483,b0f066a214c2f5e87bad3c948f4d605d)
Start importing Assets/Asset/Tilemap/fantasy_ [version 2.0]/desert_/Floor/desert__0.asset using Guid(2a5fbaa8f0920a54c8d866d94b68662f) Importer(2089858483,b0f066a214c2f5e87bad3c948f4d605d) (ScriptedImporter) -> (artifact id: '156b44db1a4c6b9de2f142bd2a6e7956') in 0.0097749 seconds
Number of updated asset objects reloaded before import = 0Number of asset objects unloaded after import = 2

========================================================================
Received Import Request.
  Time since last request: 0.000019 seconds.
  path: Assets/Asset/Tilemap/fantasy_ [version 2.0]/forest_/Box/forest_ [fencesAndWalls]_36.asset
  artifactKey: Guid(9c9a33283effd3143a20d7edaaa5e764) Importer(2089858483,b0f066a214c2f5e87bad3c948f4d605d)
Start importing Assets/Asset/Tilemap/fantasy_ [version 2.0]/forest_/Box/forest_ [fencesAndWalls]_36.asset using Guid(9c9a33283effd3143a20d7edaaa5e764) Importer(2089858483,b0f066a214c2f5e87bad3c948f4d605d) (ScriptedImporter) -> (artifact id: '3c25d258a9ee1566321e7168fedb2f28') in 0.0125569 seconds
Number of updated asset objects reloaded before import = 0Number of asset objects unloaded after import = 2

========================================================================
Received Import Request.
  Time since last request: 0.000017 seconds.
  path: Assets/Asset/Tilemap/fantasy_ [version 2.0]/forest_/Floor/forest__108.asset
  artifactKey: Guid(b069d0980700ca44e84612e8f36c78cd) Importer(2089858483,b0f066a214c2f5e87bad3c948f4d605d)
Start importing Assets/Asset/Tilemap/fantasy_ [version 2.0]/forest_/Floor/forest__108.asset using Guid(b069d0980700ca44e84612e8f36c78cd) Importer(2089858483,b0f066a214c2f5e87bad3c948f4d605d) (ScriptedImporter) -> (artifact id: '64efa6a494b4cec9a288c92ebcc1401a') in 0.0126895 seconds
Number of updated asset objects reloaded before import = 0Number of asset objects unloaded after import = 2

========================================================================
Received Import Request.
  Time since last request: 0.000022 seconds.
  path: Assets/Asset/Tilemap/fantasy_ [version 2.0]/forest_/forest_ [fountain].png
  artifactKey: Guid(9e284c79c8f933b4f92b8876e622ee35) Importer(2089858483,b0f066a214c2f5e87bad3c948f4d605d)
Start importing Assets/Asset/Tilemap/fantasy_ [version 2.0]/forest_/forest_ [fountain].png using Guid(9e284c79c8f933b4f92b8876e622ee35) Importer(2089858483,b0f066a214c2f5e87bad3c948f4d605d) (ScriptedImporter) -> (artifact id: 'fd817fa8db00e15fab20f4f7ca0e945f') in 0.0156022 seconds
Number of updated asset objects reloaded before import = 0Number of asset objects unloaded after import = 3

========================================================================
Received Import Request.
  Time since last request: 0.000012 seconds.
  path: Assets/Asset/Tilemap/fantasy_ [version 2.0]/forest_/Box/forest_ [fencesAndWalls]_30.asset
  artifactKey: Guid(94419507e5951a74dbccee55412e8448) Importer(2089858483,b0f066a214c2f5e87bad3c948f4d605d)
Start importing Assets/Asset/Tilemap/fantasy_ [version 2.0]/forest_/Box/forest_ [fencesAndWalls]_30.asset using Guid(94419507e5951a74dbccee55412e8448) Importer(2089858483,b0f066a214c2f5e87bad3c948f4d605d) (ScriptedImporter) -> (artifact id: 'c665d5fe2a6949ef75b8f3596bee0fde') in 0.0114013 seconds
Number of updated asset objects reloaded before import = 0Number of asset objects unloaded after import = 2

========================================================================
Received Import Request.
  Time since last request: 0.000019 seconds.
  path: Assets/Asset/Tilemap/fantasy_ [version 2.0]/forest_/Box/forest_ [fencesAndWalls]_66.asset
  artifactKey: Guid(a3c79ec5a8085384f8b8b3c08c16f211) Importer(2089858483,b0f066a214c2f5e87bad3c948f4d605d)
Start importing Assets/Asset/Tilemap/fantasy_ [version 2.0]/forest_/Box/forest_ [fencesAndWalls]_66.asset using Guid(a3c79ec5a8085384f8b8b3c08c16f211) Importer(2089858483,b0f066a214c2f5e87bad3c948f4d605d) (ScriptedImporter) -> (artifact id: '26b72fca04e957cd1e798e15450a9f5c') in 0.0113334 seconds
Number of updated asset objects reloaded before import = 0Number of asset objects unloaded after import = 2

========================================================================
Received Import Request.
  Time since last request: 0.000012 seconds.
  path: Assets/Asset/Tilemap/fantasy_ [version 2.0]/forest_/Box/forest_ [fencesAndWalls]_80.asset
  artifactKey: Guid(eb60737aee772cf49a7bd63fc8174fcf) Importer(2089858483,b0f066a214c2f5e87bad3c948f4d605d)
Start importing Assets/Asset/Tilemap/fantasy_ [version 2.0]/forest_/Box/forest_ [fencesAndWalls]_80.asset using Guid(eb60737aee772cf49a7bd63fc8174fcf) Importer(2089858483,b0f066a214c2f5e87bad3c948f4d605d) (ScriptedImporter) -> (artifact id: 'ee844bdc3b625578f9bbd6a6b52cc9f2') in 0.011967 seconds
Number of updated asset objects reloaded before import = 0Number of asset objects unloaded after import = 2

========================================================================
Received Import Request.
  Time since last request: 0.000013 seconds.
  path: Assets/Asset/Tilemap/fantasy_ [version 2.0]/forest_/Box/forest_ [fencesAndWalls]_82.asset
  artifactKey: Guid(fbb005ca0c30a6a48929ba2cb8c3cbda) Importer(2089858483,b0f066a214c2f5e87bad3c948f4d605d)
Start importing Assets/Asset/Tilemap/fantasy_ [version 2.0]/forest_/Box/forest_ [fencesAndWalls]_82.asset using Guid(fbb005ca0c30a6a48929ba2cb8c3cbda) Importer(2089858483,b0f066a214c2f5e87bad3c948f4d605d) (ScriptedImporter) -> (artifact id: 'ce1d87cfd7f6f4f6b917d5aedda1681d') in 0.013448 seconds
Number of updated asset objects reloaded before import = 0Number of asset objects unloaded after import = 2

========================================================================
Received Import Request.
  Time since last request: 0.000023 seconds.
  path: Assets/Asset/Tilemap/fantasy_ [version 2.0]/forest_/Floor/forest__8.asset
  artifactKey: Guid(687cd00c44e57574eb518df4edad952f) Importer(2089858483,b0f066a214c2f5e87bad3c948f4d605d)
Start importing Assets/Asset/Tilemap/fantasy_ [version 2.0]/forest_/Floor/forest__8.asset using Guid(687cd00c44e57574eb518df4edad952f) Importer(2089858483,b0f066a214c2f5e87bad3c948f4d605d) (ScriptedImporter) -> (artifact id: '5fcd76b83375689fdefe361186b79377') in 0.0126231 seconds
Number of updated asset objects reloaded before import = 0Number of asset objects unloaded after import = 2

========================================================================
Received Import Request.
  Time since last request: 0.000024 seconds.
  path: Assets/Asset/Tilemap/fantasy_ [version 2.0]/forest_/Floor/forest__104.asset
  artifactKey: Guid(0b60a32cfa8b2014e943070d54592e6d) Importer(2089858483,b0f066a214c2f5e87bad3c948f4d605d)
Start importing Assets/Asset/Tilemap/fantasy_ [version 2.0]/forest_/Floor/forest__104.asset using Guid(0b60a32cfa8b2014e943070d54592e6d) Importer(2089858483,b0f066a214c2f5e87bad3c948f4d605d) (ScriptedImporter) -> (artifact id: '7f2a98a7598b390a43aab39dcae749e1') in 0.012987 seconds
Number of updated asset objects reloaded before import = 0Number of asset objects unloaded after import = 2

========================================================================
Received Import Request.
  Time since last request: 0.000015 seconds.
  path: Assets/Asset/Tilemap/fantasy_ [version 2.0]/forest_/Box/forest_ [fencesAndWalls]_113.asset
  artifactKey: Guid(42a560dbd285dcb46a0514b42d0c13e6) Importer(2089858483,b0f066a214c2f5e87bad3c948f4d605d)
Start importing Assets/Asset/Tilemap/fantasy_ [version 2.0]/forest_/Box/forest_ [fencesAndWalls]_113.asset using Guid(42a560dbd285dcb46a0514b42d0c13e6) Importer(2089858483,b0f066a214c2f5e87bad3c948f4d605d) (ScriptedImporter) -> (artifact id: '102fa586f5c387f8cc31afbc35d26082') in 0.0137128 seconds
Number of updated asset objects reloaded before import = 0Number of asset objects unloaded after import = 2

========================================================================
Received Import Request.
  Time since last request: 0.000015 seconds.
  path: Assets/Asset/Tilemap/fantasy_ [version 2.0]/forest_/Box/forest_ [fencesAndWalls]_100.asset
  artifactKey: Guid(2001299b71566be45befc2820b8cb136) Importer(2089858483,b0f066a214c2f5e87bad3c948f4d605d)
Start importing Assets/Asset/Tilemap/fantasy_ [version 2.0]/forest_/Box/forest_ [fencesAndWalls]_100.asset using Guid(2001299b71566be45befc2820b8cb136) Importer(2089858483,b0f066a214c2f5e87bad3c948f4d605d) (ScriptedImporter) -> (artifact id: 'f9bffdcf5a8542185aa69a9ed35cead3') in 0.0137312 seconds
Number of updated asset objects reloaded before import = 0Number of asset objects unloaded after import = 2

========================================================================
Received Import Request.
  Time since last request: 0.000015 seconds.
  path: Assets/Asset/Tilemap/fantasy_ [version 2.0]/forest_/Floor/forest__1.asset
  artifactKey: Guid(7fde1a1b895c17f40a1a3f645caa580a) Importer(2089858483,b0f066a214c2f5e87bad3c948f4d605d)
Start importing Assets/Asset/Tilemap/fantasy_ [version 2.0]/forest_/Floor/forest__1.asset using Guid(7fde1a1b895c17f40a1a3f645caa580a) Importer(2089858483,b0f066a214c2f5e87bad3c948f4d605d) (ScriptedImporter) -> (artifact id: 'baa1508cdf0c48c067bd2ca43b654f1d') in 0.0142001 seconds
Number of updated asset objects reloaded before import = 0Number of asset objects unloaded after import = 2

========================================================================
Received Import Request.
  Time since last request: 0.000015 seconds.
  path: Assets/Asset/Tilemap/fantasy_ [version 2.0]/forest_/Box/forest_ [fencesAndWalls]_75.asset
  artifactKey: Guid(6270960bcdeecbc46a969c42e0b0c716) Importer(2089858483,b0f066a214c2f5e87bad3c948f4d605d)
Start importing Assets/Asset/Tilemap/fantasy_ [version 2.0]/forest_/Box/forest_ [fencesAndWalls]_75.asset using Guid(6270960bcdeecbc46a969c42e0b0c716) Importer(2089858483,b0f066a214c2f5e87bad3c948f4d605d) (ScriptedImporter) -> (artifact id: 'aca8f08dac39db5e1c05dfcafe8ec926') in 0.0121796 seconds
Number of updated asset objects reloaded before import = 0Number of asset objects unloaded after import = 2

========================================================================
Received Import Request.
  Time since last request: 0.000018 seconds.
  path: Assets/Asset/Tilemap/fantasy_ [version 2.0]/forest_/Box/forest_ [fencesAndWalls]_111.asset
  artifactKey: Guid(dda3d9e07d25b9949a2644ba46e82e0e) Importer(2089858483,b0f066a214c2f5e87bad3c948f4d605d)
Start importing Assets/Asset/Tilemap/fantasy_ [version 2.0]/forest_/Box/forest_ [fencesAndWalls]_111.asset using Guid(dda3d9e07d25b9949a2644ba46e82e0e) Importer(2089858483,b0f066a214c2f5e87bad3c948f4d605d) (ScriptedImporter) -> (artifact id: 'df2b4a778b1b9c6b123eadeef8f56086') in 0.0142499 seconds
Number of updated asset objects reloaded before import = 0Number of asset objects unloaded after import = 2

========================================================================
Received Import Request.
  Time since last request: 0.000021 seconds.
  path: Assets/Asset/Tilemap/fantasy_ [version 2.0]/forest_/Floor/forest__80.asset
  artifactKey: Guid(87d97db0cb31d634f8788806af6ad514) Importer(2089858483,b0f066a214c2f5e87bad3c948f4d605d)
Start importing Assets/Asset/Tilemap/fantasy_ [version 2.0]/forest_/Floor/forest__80.asset using Guid(87d97db0cb31d634f8788806af6ad514) Importer(2089858483,b0f066a214c2f5e87bad3c948f4d605d) (ScriptedImporter) -> (artifact id: 'f228299a87929f7989b755acc4b1add9') in 0.0139869 seconds
Number of updated asset objects reloaded before import = 0Number of asset objects unloaded after import = 2

========================================================================
Received Import Request.
  Time since last request: 0.000014 seconds.
  path: Assets/Asset/Tilemap/fantasy_ [version 2.0]/forest_/Box/forest_ [fencesAndWalls]_65.asset
  artifactKey: Guid(cbc0fb980025d2e4a85a37982071da69) Importer(2089858483,b0f066a214c2f5e87bad3c948f4d605d)
Start importing Assets/Asset/Tilemap/fantasy_ [version 2.0]/forest_/Box/forest_ [fencesAndWalls]_65.asset using Guid(cbc0fb980025d2e4a85a37982071da69) Importer(2089858483,b0f066a214c2f5e87bad3c948f4d605d) (ScriptedImporter) -> (artifact id: '50bc7d04370d5844faceabf260c1f3fb') in 0.0129739 seconds
Number of updated asset objects reloaded before import = 0Number of asset objects unloaded after import = 2

========================================================================
Received Import Request.
  Time since last request: 0.000013 seconds.
  path: Assets/Asset/Tilemap/fantasy_ [version 2.0]/desert_/Floor/desert__33.asset
  artifactKey: Guid(ab08fe3df357ebb4c8a7c7da2c6a969f) Importer(2089858483,b0f066a214c2f5e87bad3c948f4d605d)
Start importing Assets/Asset/Tilemap/fantasy_ [version 2.0]/desert_/Floor/desert__33.asset using Guid(ab08fe3df357ebb4c8a7c7da2c6a969f) Importer(2089858483,b0f066a214c2f5e87bad3c948f4d605d) (ScriptedImporter) -> (artifact id: '743e4e268adb196d2874f7aa7a77aed7') in 0.0133377 seconds
Number of updated asset objects reloaded before import = 0Number of asset objects unloaded after import = 2

========================================================================
Received Import Request.
  Time since last request: 0.000015 seconds.
  path: Assets/Asset/Tilemap/fantasy_ [version 2.0]/forest_/Box/forest_ [fencesAndWalls]_58.asset
  artifactKey: Guid(77561b5d36b471b43aab27c79cd373eb) Importer(2089858483,b0f066a214c2f5e87bad3c948f4d605d)
Start importing Assets/Asset/Tilemap/fantasy_ [version 2.0]/forest_/Box/forest_ [fencesAndWalls]_58.asset using Guid(77561b5d36b471b43aab27c79cd373eb) Importer(2089858483,b0f066a214c2f5e87bad3c948f4d605d) (ScriptedImporter) -> (artifact id: '77ab4c782b1e0fa47737bf4aa90f9f34') in 0.0212435 seconds
Number of updated asset objects reloaded before import = 0Number of asset objects unloaded after import = 2

========================================================================
Received Import Request.
  Time since last request: 0.000017 seconds.
  path: Assets/Asset/Tilemap/fantasy_ [version 2.0]/cave_/cave_ [resources].png
  artifactKey: Guid(8fbd9c0da6b4f994ebabaa072ef6c78b) Importer(2089858483,b0f066a214c2f5e87bad3c948f4d605d)
Start importing Assets/Asset/Tilemap/fantasy_ [version 2.0]/cave_/cave_ [resources].png using Guid(8fbd9c0da6b4f994ebabaa072ef6c78b) Importer(2089858483,b0f066a214c2f5e87bad3c948f4d605d) (ScriptedImporter) -> (artifact id: 'c046ff99572ed66e1cdfff15d2a24e90') in 0.0338118 seconds
Number of updated asset objects reloaded before import = 0Number of asset objects unloaded after import = 36

========================================================================
Received Import Request.
  Time since last request: 0.000015 seconds.
  path: Assets/Asset/Tilemap/fantasy_ [version 2.0]/forest_/Box/forest_ [fencesAndWalls]_29.asset
  artifactKey: Guid(70a83e4df77a3aa4196bf768889ebbe1) Importer(2089858483,b0f066a214c2f5e87bad3c948f4d605d)
Start importing Assets/Asset/Tilemap/fantasy_ [version 2.0]/forest_/Box/forest_ [fencesAndWalls]_29.asset using Guid(70a83e4df77a3aa4196bf768889ebbe1) Importer(2089858483,b0f066a214c2f5e87bad3c948f4d605d) (ScriptedImporter) -> (artifact id: '8f1c55ee929a1305d703726495642823') in 0.0118326 seconds
Number of updated asset objects reloaded before import = 0Number of asset objects unloaded after import = 2

========================================================================
Received Import Request.
  Time since last request: 0.000034 seconds.
  path: Assets/Asset/Tilemap/fantasy_ [version 2.0]/forest_/Box/forest_ [fencesAndWalls]_14.asset
  artifactKey: Guid(3753525d8d2844c4eb968322c4841f75) Importer(2089858483,b0f066a214c2f5e87bad3c948f4d605d)
Start importing Assets/Asset/Tilemap/fantasy_ [version 2.0]/forest_/Box/forest_ [fencesAndWalls]_14.asset using Guid(3753525d8d2844c4eb968322c4841f75) Importer(2089858483,b0f066a214c2f5e87bad3c948f4d605d) (ScriptedImporter) -> (artifact id: 'ed72bfd39e23db79f91ebbd354db914e') in 0.012601 seconds
Number of updated asset objects reloaded before import = 0Number of asset objects unloaded after import = 2

========================================================================
Received Import Request.
  Time since last request: 0.000016 seconds.
  path: Assets/Asset/Tilemap/fantasy_ [version 2.0]/forest_/Floor/forest__35.asset
  artifactKey: Guid(9ec6b85cab443e24cba81386f50e5fe7) Importer(2089858483,b0f066a214c2f5e87bad3c948f4d605d)
Start importing Assets/Asset/Tilemap/fantasy_ [version 2.0]/forest_/Floor/forest__35.asset using Guid(9ec6b85cab443e24cba81386f50e5fe7) Importer(2089858483,b0f066a214c2f5e87bad3c948f4d605d) (ScriptedImporter) -> (artifact id: '28ff9305fa4f897848dc1416d95d7c68') in 0.0129012 seconds
Number of updated asset objects reloaded before import = 0Number of asset objects unloaded after import = 2

========================================================================
Received Import Request.
  Time since last request: 0.000016 seconds.
  path: Assets/Asset/Tilemap/fantasy_ [version 2.0]/desert_/Floor/desert__18.asset
  artifactKey: Guid(3b6034bcca0d3824c95f838620729ba1) Importer(2089858483,b0f066a214c2f5e87bad3c948f4d605d)
Start importing Assets/Asset/Tilemap/fantasy_ [version 2.0]/desert_/Floor/desert__18.asset using Guid(3b6034bcca0d3824c95f838620729ba1) Importer(2089858483,b0f066a214c2f5e87bad3c948f4d605d) (ScriptedImporter) -> (artifact id: '2fd3901010022d568529c16549db0360') in 0.0140884 seconds
Number of updated asset objects reloaded before import = 0Number of asset objects unloaded after import = 2

========================================================================
Received Import Request.
  Time since last request: 0.000060 seconds.
  path: Assets/Asset/Tilemap/fantasy_ [version 2.0]/forest_/Box/forest_ [fencesAndWalls]_93.asset
  artifactKey: Guid(67e4211daf1d9ca4d8fab8b9e127e441) Importer(2089858483,b0f066a214c2f5e87bad3c948f4d605d)
Start importing Assets/Asset/Tilemap/fantasy_ [version 2.0]/forest_/Box/forest_ [fencesAndWalls]_93.asset using Guid(67e4211daf1d9ca4d8fab8b9e127e441) Importer(2089858483,b0f066a214c2f5e87bad3c948f4d605d) (ScriptedImporter) -> (artifact id: 'a49edc822e2c651d5dbdf38a9bcfaf8b') in 0.0131205 seconds
Number of updated asset objects reloaded before import = 0Number of asset objects unloaded after import = 2

========================================================================
Received Import Request.
  Time since last request: 0.000014 seconds.
  path: Assets/Asset/Tilemap/fantasy_ [version 2.0]/forest_/Floor/forest__29.asset
  artifactKey: Guid(1dbb647c999ca47449bfffc390f3b9a9) Importer(2089858483,b0f066a214c2f5e87bad3c948f4d605d)
Start importing Assets/Asset/Tilemap/fantasy_ [version 2.0]/forest_/Floor/forest__29.asset using Guid(1dbb647c999ca47449bfffc390f3b9a9) Importer(2089858483,b0f066a214c2f5e87bad3c948f4d605d) (ScriptedImporter) -> (artifact id: '8a655a492d488a7f27a0056b1d049d2e') in 0.0125607 seconds
Number of updated asset objects reloaded before import = 0Number of asset objects unloaded after import = 2

========================================================================
Received Import Request.
  Time since last request: 0.000017 seconds.
  path: Assets/Asset/Tilemap/fantasy_ [version 2.0]/desert_/Floor/desert__48.asset
  artifactKey: Guid(764766acce25d1843b6170ec2a3100b7) Importer(2089858483,b0f066a214c2f5e87bad3c948f4d605d)
Start importing Assets/Asset/Tilemap/fantasy_ [version 2.0]/desert_/Floor/desert__48.asset using Guid(764766acce25d1843b6170ec2a3100b7) Importer(2089858483,b0f066a214c2f5e87bad3c948f4d605d) (ScriptedImporter) -> (artifact id: '1368016335ba71fe3410474fbf74ad09') in 0.0132371 seconds
Number of updated asset objects reloaded before import = 0Number of asset objects unloaded after import = 2

========================================================================
Received Import Request.
  Time since last request: 0.000023 seconds.
  path: Assets/Asset/Tilemap/fantasy_ [version 2.0]/desert_/Floor/desert__2.asset
  artifactKey: Guid(dd5a34507f42926468fe4f6d075c06c0) Importer(2089858483,b0f066a214c2f5e87bad3c948f4d605d)
Start importing Assets/Asset/Tilemap/fantasy_ [version 2.0]/desert_/Floor/desert__2.asset using Guid(dd5a34507f42926468fe4f6d075c06c0) Importer(2089858483,b0f066a214c2f5e87bad3c948f4d605d) (ScriptedImporter) -> (artifact id: 'fb62bbabd514129c780d039ccffd490c') in 0.0140623 seconds
Number of updated asset objects reloaded before import = 0Number of asset objects unloaded after import = 2

========================================================================
Received Import Request.
  Time since last request: 0.000014 seconds.
  path: Assets/Asset/Tilemap/fantasy_ [version 2.0]/forest_/Box/forest_ [fencesAndWalls]_70.asset
  artifactKey: Guid(76ae2b6e372d2ca4693ed77f5cb9034e) Importer(2089858483,b0f066a214c2f5e87bad3c948f4d605d)
Start importing Assets/Asset/Tilemap/fantasy_ [version 2.0]/forest_/Box/forest_ [fencesAndWalls]_70.asset using Guid(76ae2b6e372d2ca4693ed77f5cb9034e) Importer(2089858483,b0f066a214c2f5e87bad3c948f4d605d) (ScriptedImporter) -> (artifact id: 'a9438b28486be52b6af3b28065ad2a91') in 0.0107942 seconds
Number of updated asset objects reloaded before import = 0Number of asset objects unloaded after import = 2

========================================================================
Received Import Request.
  Time since last request: 0.000013 seconds.
  path: Assets/Asset/Tilemap/fantasy_ [version 2.0]/forest_/Box/forest_ [fencesAndWalls]_76.asset
  artifactKey: Guid(6c6ba4ed6ffa224479c9c6938ec5f46c) Importer(2089858483,b0f066a214c2f5e87bad3c948f4d605d)
Start importing Assets/Asset/Tilemap/fantasy_ [version 2.0]/forest_/Box/forest_ [fencesAndWalls]_76.asset using Guid(6c6ba4ed6ffa224479c9c6938ec5f46c) Importer(2089858483,b0f066a214c2f5e87bad3c948f4d605d) (ScriptedImporter) -> (artifact id: '76915c8308e4b060a85aa35b5e5181a4') in 0.0121555 seconds
Number of updated asset objects reloaded before import = 0Number of asset objects unloaded after import = 2

========================================================================
Received Import Request.
  Time since last request: 0.000014 seconds.
  path: Assets/Asset/Tilemap/fantasy_ [version 2.0]/forest_/Box/forest_ [fencesAndWalls]_17.asset
  artifactKey: Guid(be0707cefd88b0f4e8f30c2309508eea) Importer(2089858483,b0f066a214c2f5e87bad3c948f4d605d)
Start importing Assets/Asset/Tilemap/fantasy_ [version 2.0]/forest_/Box/forest_ [fencesAndWalls]_17.asset using Guid(be0707cefd88b0f4e8f30c2309508eea) Importer(2089858483,b0f066a214c2f5e87bad3c948f4d605d) (ScriptedImporter) -> (artifact id: '42330f7ae39c339cd84db04ad1a1d732') in 0.0152388 seconds
Number of updated asset objects reloaded before import = 0Number of asset objects unloaded after import = 2

========================================================================
Received Import Request.
  Time since last request: 0.000015 seconds.
  path: Assets/Asset/Tilemap/fantasy_ [version 2.0]/forest_/Box/forest_ [fencesAndWalls]_89.asset
  artifactKey: Guid(1eb8acbe82d8d9441a6f402c7bc38b9d) Importer(2089858483,b0f066a214c2f5e87bad3c948f4d605d)
Start importing Assets/Asset/Tilemap/fantasy_ [version 2.0]/forest_/Box/forest_ [fencesAndWalls]_89.asset using Guid(1eb8acbe82d8d9441a6f402c7bc38b9d) Importer(2089858483,b0f066a214c2f5e87bad3c948f4d605d) (ScriptedImporter) -> (artifact id: 'e34bd60e9b8bfed2d36f01803aa4abb1') in 0.0140067 seconds
Number of updated asset objects reloaded before import = 0Number of asset objects unloaded after import = 2

========================================================================
Received Import Request.
  Time since last request: 0.000015 seconds.
  path: Assets/Asset/Tilemap/fantasy_ [version 2.0]/forest_/Box/forest_ [fencesAndWalls]_67.asset
  artifactKey: Guid(1e2aa13e6de9e4f418c732d14ddd250b) Importer(2089858483,b0f066a214c2f5e87bad3c948f4d605d)
Start importing Assets/Asset/Tilemap/fantasy_ [version 2.0]/forest_/Box/forest_ [fencesAndWalls]_67.asset using Guid(1e2aa13e6de9e4f418c732d14ddd250b) Importer(2089858483,b0f066a214c2f5e87bad3c948f4d605d) (ScriptedImporter) -> (artifact id: '659a3fd77dfa3f7b3567718f3a41a997') in 0.0116182 seconds
Number of updated asset objects reloaded before import = 0Number of asset objects unloaded after import = 2

========================================================================
Received Import Request.
  Time since last request: 0.000021 seconds.
  path: Assets/Asset/Tilemap/fantasy_ [version 2.0]/forest_/Box/forest_ [fencesAndWalls]_18.asset
  artifactKey: Guid(7a2e2dfef03d1e1418a727c1cc80581b) Importer(2089858483,b0f066a214c2f5e87bad3c948f4d605d)
Start importing Assets/Asset/Tilemap/fantasy_ [version 2.0]/forest_/Box/forest_ [fencesAndWalls]_18.asset using Guid(7a2e2dfef03d1e1418a727c1cc80581b) Importer(2089858483,b0f066a214c2f5e87bad3c948f4d605d) (ScriptedImporter) -> (artifact id: 'bee07a38394d1b49bcea1f55b1f83e6f') in 0.0101334 seconds
Number of updated asset objects reloaded before import = 0Number of asset objects unloaded after import = 2

========================================================================
Received Import Request.
  Time since last request: 0.000014 seconds.
  path: Assets/Asset/Tilemap/fantasy_ [version 2.0]/forest_/Box/forest_ [fencesAndWalls]_99.asset
  artifactKey: Guid(217532aeac059684eb0631bf1d39205d) Importer(2089858483,b0f066a214c2f5e87bad3c948f4d605d)
Start importing Assets/Asset/Tilemap/fantasy_ [version 2.0]/forest_/Box/forest_ [fencesAndWalls]_99.asset using Guid(217532aeac059684eb0631bf1d39205d) Importer(2089858483,b0f066a214c2f5e87bad3c948f4d605d) (ScriptedImporter) -> (artifact id: 'ff716c21b72d5c6fe6b54cd5122253ee') in 0.0134414 seconds
Number of updated asset objects reloaded before import = 0Number of asset objects unloaded after import = 2

========================================================================
Received Import Request.
  Time since last request: 0.000012 seconds.
  path: Assets/Asset/Tilemap/fantasy_ [version 2.0]/forest_/Floor/forest__66.asset
  artifactKey: Guid(8e28cb29e584b464ba2b2163977e96ea) Importer(2089858483,b0f066a214c2f5e87bad3c948f4d605d)
Start importing Assets/Asset/Tilemap/fantasy_ [version 2.0]/forest_/Floor/forest__66.asset using Guid(8e28cb29e584b464ba2b2163977e96ea) Importer(2089858483,b0f066a214c2f5e87bad3c948f4d605d) (ScriptedImporter) -> (artifact id: '6bebc966c19f527db651d560aa3c17e0') in 0.0117063 seconds
Number of updated asset objects reloaded before import = 0Number of asset objects unloaded after import = 2

========================================================================
Received Import Request.
  Time since last request: 0.000018 seconds.
  path: Assets/Asset/Tilemap/fantasy_ [version 2.0]/forest_/Box/forest_ [fencesAndWalls]_73.asset
  artifactKey: Guid(4b142d8ff7b10e848b3839cb64420f89) Importer(2089858483,b0f066a214c2f5e87bad3c948f4d605d)
Start importing Assets/Asset/Tilemap/fantasy_ [version 2.0]/forest_/Box/forest_ [fencesAndWalls]_73.asset using Guid(4b142d8ff7b10e848b3839cb64420f89) Importer(2089858483,b0f066a214c2f5e87bad3c948f4d605d) (ScriptedImporter) -> (artifact id: '7009513673a1c51bf00c14d8c9de5266') in 0.0116167 seconds
Number of updated asset objects reloaded before import = 0Number of asset objects unloaded after import = 2

========================================================================
Received Import Request.
  Time since last request: 0.000011 seconds.
  path: Assets/Asset/Tilemap/fantasy_ [version 2.0]/forest_/Floor/forest__28.asset
  artifactKey: Guid(105adfd084ae3084f9a86b64c032e4df) Importer(2089858483,b0f066a214c2f5e87bad3c948f4d605d)
Start importing Assets/Asset/Tilemap/fantasy_ [version 2.0]/forest_/Floor/forest__28.asset using Guid(105adfd084ae3084f9a86b64c032e4df) Importer(2089858483,b0f066a214c2f5e87bad3c948f4d605d) (ScriptedImporter) -> (artifact id: '5d810655a995527e5e3d2ca351c468f0') in 0.0119306 seconds
Number of updated asset objects reloaded before import = 0Number of asset objects unloaded after import = 2

========================================================================
Received Import Request.
  Time since last request: 0.000015 seconds.
  path: Assets/Asset/Tilemap/fantasy_ [version 2.0]/forest_/Box/forest_ [fencesAndWalls]_87.asset
  artifactKey: Guid(b8ae728f2f2c77642ae93a1d5322ff47) Importer(2089858483,b0f066a214c2f5e87bad3c948f4d605d)
Start importing Assets/Asset/Tilemap/fantasy_ [version 2.0]/forest_/Box/forest_ [fencesAndWalls]_87.asset using Guid(b8ae728f2f2c77642ae93a1d5322ff47) Importer(2089858483,b0f066a214c2f5e87bad3c948f4d605d) (ScriptedImporter) -> (artifact id: '87d75efa04beee8b5315d4435da70e6a') in 0.0111601 seconds
Number of updated asset objects reloaded before import = 0Number of asset objects unloaded after import = 2

========================================================================
Received Import Request.
  Time since last request: 0.000023 seconds.
  path: Assets/Asset/Tilemap/fantasy_ [version 2.0]/forest_/Box/forest_ [fencesAndWalls]_15.asset
  artifactKey: Guid(f57fdadf389ab4b4eb921c8b55640239) Importer(2089858483,b0f066a214c2f5e87bad3c948f4d605d)
Start importing Assets/Asset/Tilemap/fantasy_ [version 2.0]/forest_/Box/forest_ [fencesAndWalls]_15.asset using Guid(f57fdadf389ab4b4eb921c8b55640239) Importer(2089858483,b0f066a214c2f5e87bad3c948f4d605d) (ScriptedImporter) -> (artifact id: 'f49f0e1852fcbd9270198946eec7f122') in 0.0112972 seconds
Number of updated asset objects reloaded before import = 0Number of asset objects unloaded after import = 2

========================================================================
Received Import Request.
  Time since last request: 0.000012 seconds.
  path: Assets/Asset/Tilemap/fantasy_ [version 2.0]/forest_/Floor/forest__77.asset
  artifactKey: Guid(af5cbeafb44d5394287113a8d7418a7c) Importer(2089858483,b0f066a214c2f5e87bad3c948f4d605d)
Start importing Assets/Asset/Tilemap/fantasy_ [version 2.0]/forest_/Floor/forest__77.asset using Guid(af5cbeafb44d5394287113a8d7418a7c) Importer(2089858483,b0f066a214c2f5e87bad3c948f4d605d) (ScriptedImporter) -> (artifact id: '99d3286f9dbbe7bd6ceb18ecfd267265') in 0.0121625 seconds
Number of updated asset objects reloaded before import = 0Number of asset objects unloaded after import = 2

========================================================================
Received Import Request.
  Time since last request: 0.000018 seconds.
  path: Assets/Asset/Tilemap/fantasy_ [version 2.0]/cave_/railway_.png
  artifactKey: Guid(7989035b46fed5141aef5f96bd32e00a) Importer(2089858483,b0f066a214c2f5e87bad3c948f4d605d)
Start importing Assets/Asset/Tilemap/fantasy_ [version 2.0]/cave_/railway_.png using Guid(7989035b46fed5141aef5f96bd32e00a) Importer(2089858483,b0f066a214c2f5e87bad3c948f4d605d) (ScriptedImporter) -> (artifact id: 'd3928ea11bb43e7897af2e9fa915c3fc') in 0.0190971 seconds
Number of updated asset objects reloaded before import = 0Number of asset objects unloaded after import = 7

========================================================================
Received Import Request.
  Time since last request: 0.000017 seconds.
  path: Assets/Asset/Tilemap/fantasy_ [version 2.0]/forest_/Floor/forest__112.asset
  artifactKey: Guid(257b7760208bdac4a841d55143bb5138) Importer(2089858483,b0f066a214c2f5e87bad3c948f4d605d)
Start importing Assets/Asset/Tilemap/fantasy_ [version 2.0]/forest_/Floor/forest__112.asset using Guid(257b7760208bdac4a841d55143bb5138) Importer(2089858483,b0f066a214c2f5e87bad3c948f4d605d) (ScriptedImporter) -> (artifact id: '8720826f346f090eacbedcb893d44921') in 0.0132448 seconds
Number of updated asset objects reloaded before import = 0Number of asset objects unloaded after import = 2

========================================================================
Received Import Request.
  Time since last request: 0.000013 seconds.
  path: Assets/Asset/Tilemap/fantasy_ [version 2.0]/forest_/Floor/forest__21.asset
  artifactKey: Guid(808c44cf2fb741e47a7ea324cbcbef5c) Importer(2089858483,b0f066a214c2f5e87bad3c948f4d605d)
Start importing Assets/Asset/Tilemap/fantasy_ [version 2.0]/forest_/Floor/forest__21.asset using Guid(808c44cf2fb741e47a7ea324cbcbef5c) Importer(2089858483,b0f066a214c2f5e87bad3c948f4d605d) (ScriptedImporter) -> (artifact id: '951e1e8f22213dbcf9a43539b0103787') in 0.0116518 seconds
Number of updated asset objects reloaded before import = 0Number of asset objects unloaded after import = 2

========================================================================
Received Import Request.
  Time since last request: 0.000013 seconds.
  path: Assets/Asset/Tilemap/fantasy_ [version 2.0]/tundra_
  artifactKey: Guid(6bf6e738864e080458cb21887960db3b) Importer(2089858483,b0f066a214c2f5e87bad3c948f4d605d)
Start importing Assets/Asset/Tilemap/fantasy_ [version 2.0]/tundra_ using Guid(6bf6e738864e080458cb21887960db3b) Importer(2089858483,b0f066a214c2f5e87bad3c948f4d605d) (ScriptedImporter) -> (artifact id: 'a0c3319114ccbc5506ad2f3869dcb872') in 0.0103702 seconds
Number of updated asset objects reloaded before import = 0Number of asset objects unloaded after import = 1

========================================================================
Received Import Request.
  Time since last request: 0.000021 seconds.
  path: Assets/Asset/Tilemap/fantasy_ [version 2.0]/forest_/Box/forest_ [fencesAndWalls]_27.asset
  artifactKey: Guid(9228641b2e850e5459bdb43a9a91da19) Importer(2089858483,b0f066a214c2f5e87bad3c948f4d605d)
Start importing Assets/Asset/Tilemap/fantasy_ [version 2.0]/forest_/Box/forest_ [fencesAndWalls]_27.asset using Guid(9228641b2e850e5459bdb43a9a91da19) Importer(2089858483,b0f066a214c2f5e87bad3c948f4d605d) (ScriptedImporter) -> (artifact id: '402f7aed50ca5da84cf70f56b3932711') in 0.0131656 seconds
Number of updated asset objects reloaded before import = 0Number of asset objects unloaded after import = 2

========================================================================
Received Import Request.
  Time since last request: 0.000013 seconds.
  path: Assets/Asset/Tilemap/fantasy_ [version 2.0]/forest_/Floor/forest__113.asset
  artifactKey: Guid(5df451ea92f3873408613d1f224f9ed1) Importer(2089858483,b0f066a214c2f5e87bad3c948f4d605d)
Start importing Assets/Asset/Tilemap/fantasy_ [version 2.0]/forest_/Floor/forest__113.asset using Guid(5df451ea92f3873408613d1f224f9ed1) Importer(2089858483,b0f066a214c2f5e87bad3c948f4d605d) (ScriptedImporter) -> (artifact id: 'a538d9e0bc7763f27b5c1efb6f5ac210') in 0.0139062 seconds
Number of updated asset objects reloaded before import = 0Number of asset objects unloaded after import = 2

========================================================================
Received Import Request.
  Time since last request: 0.000017 seconds.
  path: Assets/Asset/Tilemap/fantasy_ [version 2.0]/desert_/Floor/desert__61.asset
  artifactKey: Guid(a1b02a03e73089c44aa0b0e8e8953e56) Importer(2089858483,b0f066a214c2f5e87bad3c948f4d605d)
Start importing Assets/Asset/Tilemap/fantasy_ [version 2.0]/desert_/Floor/desert__61.asset using Guid(a1b02a03e73089c44aa0b0e8e8953e56) Importer(2089858483,b0f066a214c2f5e87bad3c948f4d605d) (ScriptedImporter) -> (artifact id: '0bb0fe0c05ce14c01949cd21baa93c78') in 0.012727 seconds
Number of updated asset objects reloaded before import = 0Number of asset objects unloaded after import = 2

========================================================================
Received Import Request.
  Time since last request: 0.000012 seconds.
  path: Assets/Asset/Tilemap/fantasy_ [version 2.0]/forest_/Box/forest_ [fencesAndWalls]_49.asset
  artifactKey: Guid(5396767530b266249a9a8ae719d3c257) Importer(2089858483,b0f066a214c2f5e87bad3c948f4d605d)
Start importing Assets/Asset/Tilemap/fantasy_ [version 2.0]/forest_/Box/forest_ [fencesAndWalls]_49.asset using Guid(5396767530b266249a9a8ae719d3c257) Importer(2089858483,b0f066a214c2f5e87bad3c948f4d605d) (ScriptedImporter) -> (artifact id: '6d9085406389b7627151da7d016774ee') in 0.0129389 seconds
Number of updated asset objects reloaded before import = 0Number of asset objects unloaded after import = 2

========================================================================
Received Import Request.
  Time since last request: 0.000012 seconds.
  path: Assets/Asset/Tilemap/fantasy_ [version 2.0]/forest_/Box/forest_ [fencesAndWalls]_22.asset
  artifactKey: Guid(5b2ae01757268cc4c9bd84568d0cf10c) Importer(2089858483,b0f066a214c2f5e87bad3c948f4d605d)
Start importing Assets/Asset/Tilemap/fantasy_ [version 2.0]/forest_/Box/forest_ [fencesAndWalls]_22.asset using Guid(5b2ae01757268cc4c9bd84568d0cf10c) Importer(2089858483,b0f066a214c2f5e87bad3c948f4d605d) (ScriptedImporter) -> (artifact id: '9bd3c0ee69ec4250a09bb0d319058abb') in 0.0133689 seconds
Number of updated asset objects reloaded before import = 0Number of asset objects unloaded after import = 2

========================================================================
Received Import Request.
  Time since last request: 0.000016 seconds.
  path: Assets/Asset/Tilemap/fantasy_ [version 2.0]/forest_/Box/forest_ [fencesAndWalls]_84.asset
  artifactKey: Guid(e3ce94c9e67fb1342b822f9878913f39) Importer(2089858483,b0f066a214c2f5e87bad3c948f4d605d)
Start importing Assets/Asset/Tilemap/fantasy_ [version 2.0]/forest_/Box/forest_ [fencesAndWalls]_84.asset using Guid(e3ce94c9e67fb1342b822f9878913f39) Importer(2089858483,b0f066a214c2f5e87bad3c948f4d605d) (ScriptedImporter) -> (artifact id: '5c775ad7b67873e3978e7d7dbc9c873b') in 0.0122954 seconds
Number of updated asset objects reloaded before import = 0Number of asset objects unloaded after import = 2

========================================================================
Received Import Request.
  Time since last request: 0.000019 seconds.
  path: Assets/Asset/Tilemap/fantasy_ [version 2.0]/desert_/Floor/desert__89.asset
  artifactKey: Guid(4f85f69f3bdac164691d86faf73fef84) Importer(2089858483,b0f066a214c2f5e87bad3c948f4d605d)
Start importing Assets/Asset/Tilemap/fantasy_ [version 2.0]/desert_/Floor/desert__89.asset using Guid(4f85f69f3bdac164691d86faf73fef84) Importer(2089858483,b0f066a214c2f5e87bad3c948f4d605d) (ScriptedImporter) -> (artifact id: 'e6969af5f572f01f5c7084e5c7961e30') in 0.0125979 seconds
Number of updated asset objects reloaded before import = 0Number of asset objects unloaded after import = 2

========================================================================
Received Import Request.
  Time since last request: 0.000011 seconds.
  path: Assets/Asset/Tilemap/fantasy_ [version 2.0]/desert_/Floor/desert__64.asset
  artifactKey: Guid(213bf50f91096264490e35037ada289d) Importer(2089858483,b0f066a214c2f5e87bad3c948f4d605d)
Start importing Assets/Asset/Tilemap/fantasy_ [version 2.0]/desert_/Floor/desert__64.asset using Guid(213bf50f91096264490e35037ada289d) Importer(2089858483,b0f066a214c2f5e87bad3c948f4d605d) (ScriptedImporter) -> (artifact id: 'bf4a855a4178c687caa0f1095bd262a7') in 0.0124679 seconds
Number of updated asset objects reloaded before import = 0Number of asset objects unloaded after import = 2

========================================================================
Received Import Request.
  Time since last request: 0.000012 seconds.
  path: Assets/Asset/Tilemap/fantasy_ [version 2.0]/forest_/Floor/forest__36.asset
  artifactKey: Guid(74649356db1197a48801ea20b9bb3ae5) Importer(2089858483,b0f066a214c2f5e87bad3c948f4d605d)
Start importing Assets/Asset/Tilemap/fantasy_ [version 2.0]/forest_/Floor/forest__36.asset using Guid(74649356db1197a48801ea20b9bb3ae5) Importer(2089858483,b0f066a214c2f5e87bad3c948f4d605d) (ScriptedImporter) -> (artifact id: '840d820f8ed824b4e0e25c1a7caf7cbb') in 0.0120432 seconds
Number of updated asset objects reloaded before import = 0Number of asset objects unloaded after import = 2

Editor requested this worker to shutdown with reason: Scaling down because of idle timeout
AssetImportWorker is now disconnected from the server
Process exiting
Exiting without the bug reporter. Application will terminate with return code 0