[Licensing::Module] Trying to connect to existing licensing client channel...
Built from '6000.3/respin/6000.3.1f1-f56f53296c2c' branch; Version is '6000.3.1f1 (37142da19a94) revision 3609645'; Using compiler version '194234433'; Build Type 'Release'
OS: 'Windows 11  (10.0.26200) 64bit CoreSingleLanguage' Language: 'en' Physical Memory: 16155 MB
[Licensing::IpcConnector] Successfully connected to: "LicenseClient-user" at "2026-04-09T02:44:44.448116Z"
BatchMode: 1, IsHumanControllingUs: 0, StartBugReporterOnCrash: 0, Is64bit: 1
Date: 2026-04-09T02:44:44Z

COMMAND LINE ARGUMENTS:
C:\Program Files\Unity\Hub\Editor\6000.3.1f1\Editor\Unity.exe
-adb2
-batchMode
-noUpm
-name
AssetImportWorker2
-projectPath
C:/UWU/fight/SolarParadox
-logFile
Logs/AssetImportWorker2.log
-srvPort
64170
-licensingIpc
LicenseClient-user
-job-worker-count
7
-background-job-worker-count
8
-gc-helper-count
1
-name
AssetImport
Successfully changed project path to: C:/UWU/fight/SolarParadox
C:/UWU/fight/SolarParadox
[UnityMemory] Configuration Parameters - Can be set up in boot.config
    "memorysetup-temp-allocator-size-nav-mesh-worker=65536"
    "memorysetup-temp-allocator-size-audio-worker=65536"
    "memorysetup-temp-allocator-size-gfx=262144"
    "memorysetup-allocator-temp-initial-block-size-main=262144"
    "memorysetup-allocator-temp-initial-block-size-worker=262144"
    "memorysetup-temp-allocator-size-background-worker=32768"
    "memorysetup-temp-allocator-size-job-worker=262144"
    "memorysetup-temp-allocator-size-preload-manager=33554432"
    "memorysetup-temp-allocator-size-gi-baking-worker=262144"
    "memorysetup-temp-allocator-size-gi-baking-worker=262144"
    "memorysetup-temp-allocator-size-gi-baking-worker=262144"
    "memorysetup-temp-allocator-size-gi-baking-worker=262144"
    "memorysetup-temp-allocator-size-gi-baking-worker=262144"
    "memorysetup-bucket-allocator-granularity=16"
    "memorysetup-bucket-allocator-bucket-count=8"
    "memorysetup-bucket-allocator-block-size=33554432"
    "memorysetup-bucket-allocator-block-count=8"
    "memorysetup-main-allocator-block-size=16777216"
    "memorysetup-thread-allocator-block-size=16777216"
    "memorysetup-gfx-main-allocator-block-size=16777216"
    "memorysetup-gfx-thread-allocator-block-size=16777216"
    "memorysetup-cache-allocator-block-size=4194304"
    "memorysetup-typetree-allocator-block-size=2097152"
    "memorysetup-profiler-bucket-allocator-granularity=16"
    "memorysetup-profiler-bucket-allocator-bucket-count=8"
    "memorysetup-profiler-bucket-allocator-block-size=33554432"
    "memorysetup-profiler-bucket-allocator-block-count=8"
    "memorysetup-profiler-allocator-block-size=16777216"
    "memorysetup-profiler-editor-allocator-block-size=1048576"
    "memorysetup-temp-allocator-size-main=16777216"
    "memorysetup-job-temp-allocator-block-size=2097152"
    "memorysetup-job-temp-allocator-block-size-background=1048576"
    "memorysetup-job-temp-allocator-reduction-small-platforms=262144"
    "memorysetup-temp-allocator-size-cloud-worker=32768"
Player connection [17624]  Target information:

Player connection [17624]  * "[IP] 25.30.185.231 [Port] 0 [Flags] 2 [Guid] 2351967563 [EditorId] 2351967563 [Version] 1048832 [Id] WindowsEditor(7,MSI) [Debug] 1 [PackageName] WindowsEditor [ProjectName] Editor" 

Player connection [17624]  * "[IP] 192.168.1.109 [Port] 0 [Flags] 2 [Guid] 2351967563 [EditorId] 2351967563 [Version] 1048832 [Id] WindowsEditor(7,MSI) [Debug] 1 [PackageName] WindowsEditor [ProjectName] Editor" 

Player connection [17624]  * "[IP] 26.214.68.58 [Port] 0 [Flags] 2 [Guid] 2351967563 [EditorId] 2351967563 [Version] 1048832 [Id] WindowsEditor(7,MSI) [Debug] 1 [PackageName] WindowsEditor [ProjectName] Editor" 

Player connection [17624]  * "[IP] 192.168.56.1 [Port] 0 [Flags] 2 [Guid] 2351967563 [EditorId] 2351967563 [Version] 1048832 [Id] WindowsEditor(7,MSI) [Debug] 1 [PackageName] WindowsEditor [ProjectName] Editor" 

Player connection [17624] Host joined multi-casting on [225.0.0.222:54997]...
Player connection [17624] Host joined alternative multi-casting on [225.0.0.222:34997]...
JobSystem: Creating JobQueue using job-worker-count value 7
Input System module state changed to: Initialized.
[Physics::Module] Initialized fallback backend.
[Physics::Module] Id: 0xdecafbad
Library Redirect Path: Library/
[Physics::Module] Selected backend.
[Physics::Module] Name: PhysX
[Physics::Module] Id: 0xf2b8ea05
[Physics::Module] SDK Version: 4.1.2
[Physics::Module] Integration Version: 1.0.0
[Physics::Module] Threading Mode: Multi-Threaded
Refreshing native plugins compatible for Editor in 4.40 ms, found 4 plugins.
Preloading 0 native plugins for Editor in 0.00 ms.
Initialize engine version: 6000.3.1f1 (37142da19a94)
[Subsystems] Discovering subsystems at path C:/Program Files/Unity/Hub/Editor/6000.3.1f1/Editor/Data/Resources/UnitySubsystems
[Subsystems] Discovering subsystems at path C:/UWU/fight/SolarParadox/Assets
GfxDevice: creating device client; kGfxThreadingModeNonThreaded
Direct3D:
    Version:  Direct3D 11.0 [level 11.1]
    Renderer: NVIDIA GeForce RTX 4070 Laptop GPU (ID=0x2820)
    Vendor:   NVIDIA
    VRAM:     7948 MB
    Driver:   32.0.15.6614
Initialize mono
Mono path[0] = 'C:/Program Files/Unity/Hub/Editor/6000.3.1f1/Editor/Data/Managed'
Mono path[1] = 'C:/Program Files/Unity/Hub/Editor/6000.3.1f1/Editor/Data/MonoBleedingEdge/lib/mono/unityjit-win32'
Mono config path = 'C:/Program Files/Unity/Hub/Editor/6000.3.1f1/Editor/Data/MonoBleedingEdge/etc'
Using monoOptions --debugger-agent=transport=dt_socket,embedding=1,server=y,suspend=n,address=127.0.0.1:56416
Begin MonoManager ReloadAssembly
Registering precompiled unity dll's ...
Register platform support module: C:/Program Files/Unity/Hub/Editor/6000.3.1f1/Editor/Data/PlaybackEngines/WebGLSupport/UnityEditor.WebGL.Extensions.dll
Register platform support module: C:/Program Files/Unity/Hub/Editor/6000.3.1f1/Editor/Data/PlaybackEngines/WindowsStandaloneSupport/UnityEditor.WindowsStandalone.Extensions.dll
Registered in 0.003135 seconds.
- Loaded All Assemblies, in  0.536 seconds
Native extension for WindowsStandalone target not found
Native extension for WebGL target not found
Mono: successfully reloaded assembly
- Finished resetting the current domain, in  0.538 seconds
Domain Reload Profiling: 1071ms
	BeginReloadAssembly (194ms)
		ExecutionOrderSort (0ms)
		DisableScriptedObjects (0ms)
		BackupInstance (0ms)
		ReleaseScriptingObjects (0ms)
		CreateAndSetChildDomain (1ms)
	RebuildCommonClasses (58ms)
	RebuildNativeTypeToScriptingClass (19ms)
	initialDomainReloadingComplete (65ms)
	LoadAllAssembliesAndSetupDomain (198ms)
		LoadAssemblies (190ms)
		RebuildTransferFunctionScriptingTraits (0ms)
		AnalyzeDomain (194ms)
			TypeCache.Refresh (191ms)
				TypeCache.ScanAssembly (175ms)
			BuildScriptInfoCaches (0ms)
			ResolveRequiredComponents (1ms)
	FinalizeReload (538ms)
		ReleaseScriptCaches (0ms)
		RebuildScriptCaches (0ms)
		SetupLoadedEditorAssemblies (490ms)
			LogAssemblyErrors (0ms)
			InitializePlatformSupportModulesInManaged (65ms)
			SetLoadedEditorAssemblies (5ms)
			BeforeProcessingInitializeOnLoad (159ms)
			ProcessInitializeOnLoadAttributes (182ms)
			ProcessInitializeOnLoadMethodAttributes (78ms)
			AfterProcessingInitializeOnLoad (0ms)
			EditorAssembliesLoaded (0ms)
		ExecutionOrderSort2 (0ms)
		AwakeInstancesAfterBackupRestoration (0ms)
========================================================================
Worker process is ready to serve import requests
Import Worker Mode flag is 0x00
Begin MonoManager ReloadAssembly
[Licensing::Module] Licensing is not yet initialized.
[Licensing::Client] Handshaking with LicensingClient:
  Version:                 1.17.4+4293ba1
  Session Id:              b677b1835a07458aa8057ac4501518f0
  Correlation Id:          01ffa4e27a6eb73f5df42a35b97ea187
  External correlation Id: 3835208275172624028
  Machine Id:              VYIVznokh63VNt0B3YA2QorE2k8=
[Licensing::Module] Successfully connected to LicensingClient on channel: "LicenseClient-user" (connect: 0.00s, validation: 0.00s, handshake: 2.53s)
[Licensing::IpcConnector] Successfully connected to: "LicenseClient-user-notifications" at "2026-04-09T02:44:46.9801522Z"
[Licensing::Module] Licensing Background thread has ended after 2.53s
[Licensing::Module] Licensing is initialized (took 0.34s).
[Licensing::Client] Successfully resolved entitlement details
[Licensing::Module] License group:
  Id: 18968359269172-UnityPersXXXX
  Product: Unity Personal
  Type: Assigned
  Expiration: Unlimited
- Loaded All Assemblies, in  1.084 seconds
Refreshing native plugins compatible for Editor in 1.35 ms, found 4 plugins.
Native extension for WindowsStandalone target not found
Native extension for WebGL target not found
Package Manager log level set to [2]
[Package Manager] Failed to launch server process. Reason: Unity was launched with the -noUpm command-line argument
[Package Manager] Unable to send message (not connected to server process).
[Package Manager] Cannot connect to Unity Package Manager local server
Mono: successfully reloaded assembly
- Finished resetting the current domain, in  0.741 seconds
Domain Reload Profiling: 1820ms
	BeginReloadAssembly (498ms)
		ExecutionOrderSort (0ms)
		DisableScriptedObjects (7ms)
		BackupInstance (0ms)
		ReleaseScriptingObjects (0ms)
		CreateAndSetChildDomain (26ms)
	RebuildCommonClasses (32ms)
	RebuildNativeTypeToScriptingClass (11ms)
	initialDomainReloadingComplete (36ms)
	LoadAllAssembliesAndSetupDomain (501ms)
		LoadAssemblies (364ms)
		RebuildTransferFunctionScriptingTraits (0ms)
		AnalyzeDomain (220ms)
			TypeCache.Refresh (161ms)
				TypeCache.ScanAssembly (148ms)
			BuildScriptInfoCaches (47ms)
			ResolveRequiredComponents (8ms)
	FinalizeReload (741ms)
		ReleaseScriptCaches (0ms)
		RebuildScriptCaches (0ms)
		SetupLoadedEditorAssemblies (613ms)
			LogAssemblyErrors (0ms)
			InitializePlatformSupportModulesInManaged (2ms)
			SetLoadedEditorAssemblies (5ms)
			BeforeProcessingInitializeOnLoad (132ms)
			ProcessInitializeOnLoadAttributes (360ms)
			ProcessInitializeOnLoadMethodAttributes (109ms)
			AfterProcessingInitializeOnLoad (5ms)
			EditorAssembliesLoaded (0ms)
		ExecutionOrderSort2 (0ms)
		AwakeInstancesAfterBackupRestoration (7ms)
Launched and connected shader compiler UnityShaderCompiler.exe after 0.02 seconds
Refreshing native plugins compatible for Editor in 1.49 ms, found 4 plugins.
Preloading 0 native plugins for Editor in 0.00 ms.
Unloading 16 Unused Serialized files (Serialized files now loaded: 0)
Unloading 6881 unused Assets / (4.0 MB). Loaded Objects now: 7715.
Memory consumption went from 159.8 MB to 155.8 MB.
Total: 7.199200 ms (FindLiveObjects: 0.484100 ms CreateObjectMapping: 0.346400 ms MarkObjects: 4.739700 ms  DeleteObjects: 1.627800 ms)

========================================================================
Received Import Request.
  Time since last request: 71702.581530 seconds.
  path: Assets/Asset/fantasy_ [version 2.0]/forest_/Floor/forest__16.asset
  artifactKey: Guid(bfed2c9767250404495c030fd8b93e73) Importer(2089858483,b0f066a214c2f5e87bad3c948f4d605d)
Start importing Assets/Asset/fantasy_ [version 2.0]/forest_/Floor/forest__16.asset using Guid(bfed2c9767250404495c030fd8b93e73) Importer(2089858483,b0f066a214c2f5e87bad3c948f4d605d) (ScriptedImporter) -> (artifact id: '8ba80cae91fc961bec0718286b67bfe8') in 0.1083476 seconds
Number of updated asset objects reloaded before import = 0Number of asset objects unloaded after import = 2

========================================================================
Received Import Request.
  Time since last request: 0.355899 seconds.
  path: Assets/Asset/fantasy_ [version 2.0]/forest_/Box/forest_ [fencesAndWalls]_101.asset
  artifactKey: Guid(2af4292805cf9f24fb35d4c1ccb85607) Importer(2089858483,b0f066a214c2f5e87bad3c948f4d605d)
Start importing Assets/Asset/fantasy_ [version 2.0]/forest_/Box/forest_ [fencesAndWalls]_101.asset using Guid(2af4292805cf9f24fb35d4c1ccb85607) Importer(2089858483,b0f066a214c2f5e87bad3c948f4d605d) (ScriptedImporter) -> (artifact id: 'b62c5cb78290f199df6e3822cb1a117d') in 0.0132219 seconds
Number of updated asset objects reloaded before import = 0Number of asset objects unloaded after import = 2

========================================================================
Received Import Request.
  Time since last request: 0.000014 seconds.
  path: Assets/Asset/fantasy_ [version 2.0]/forest_/Floor/forest__99.asset
  artifactKey: Guid(5086bd487f28f4a47a520a4b305e7a51) Importer(2089858483,b0f066a214c2f5e87bad3c948f4d605d)
Start importing Assets/Asset/fantasy_ [version 2.0]/forest_/Floor/forest__99.asset using Guid(5086bd487f28f4a47a520a4b305e7a51) Importer(2089858483,b0f066a214c2f5e87bad3c948f4d605d) (ScriptedImporter) -> (artifact id: '5636eb080e35516c4f23e9eb0267affc') in 0.0135126 seconds
Number of updated asset objects reloaded before import = 0Number of asset objects unloaded after import = 2

========================================================================
Received Import Request.
  Time since last request: 0.407400 seconds.
  path: Assets/Asset/fantasy_ [version 2.0]/forest_/Box/forest_ [fencesAndWalls]_2.asset
  artifactKey: Guid(e7f3dc58cd6d0b14fa18c0f6b52c8513) Importer(2089858483,b0f066a214c2f5e87bad3c948f4d605d)
Start importing Assets/Asset/fantasy_ [version 2.0]/forest_/Box/forest_ [fencesAndWalls]_2.asset using Guid(e7f3dc58cd6d0b14fa18c0f6b52c8513) Importer(2089858483,b0f066a214c2f5e87bad3c948f4d605d) (ScriptedImporter) -> (artifact id: '5a9956ddeae5cdaba0db4f779e00c603') in 0.0120535 seconds
Number of updated asset objects reloaded before import = 0Number of asset objects unloaded after import = 2

========================================================================
Received Import Request.
  Time since last request: 0.000014 seconds.
  path: Assets/Asset/fantasy_ [version 2.0]/forest_/Floor/forest__71.asset
  artifactKey: Guid(37c7e69809ebf2842b802c6d4a0d4f8e) Importer(2089858483,b0f066a214c2f5e87bad3c948f4d605d)
Start importing Assets/Asset/fantasy_ [version 2.0]/forest_/Floor/forest__71.asset using Guid(37c7e69809ebf2842b802c6d4a0d4f8e) Importer(2089858483,b0f066a214c2f5e87bad3c948f4d605d) (ScriptedImporter) -> (artifact id: 'e9f50979cdec3a8cdeec5894f31c6000') in 0.0132891 seconds
Number of updated asset objects reloaded before import = 0Number of asset objects unloaded after import = 2

========================================================================
Received Import Request.
  Time since last request: 0.406961 seconds.
  path: Assets/Asset/fantasy_ [version 2.0]/desert_/Floor/desert__0.asset
  artifactKey: Guid(2a5fbaa8f0920a54c8d866d94b68662f) Importer(2089858483,b0f066a214c2f5e87bad3c948f4d605d)
Start importing Assets/Asset/fantasy_ [version 2.0]/desert_/Floor/desert__0.asset using Guid(2a5fbaa8f0920a54c8d866d94b68662f) Importer(2089858483,b0f066a214c2f5e87bad3c948f4d605d) (ScriptedImporter) -> (artifact id: 'c174ac378af56a210f54c7297d6f6354') in 0.0122215 seconds
Number of updated asset objects reloaded before import = 0Number of asset objects unloaded after import = 2

========================================================================
Received Import Request.
  Time since last request: 0.000014 seconds.
  path: Assets/Asset/fantasy_ [version 2.0]/forest_/Box/forest_ [fencesAndWalls]_104.asset
  artifactKey: Guid(80d900597fdaeca498a5ff9c350fd3ed) Importer(2089858483,b0f066a214c2f5e87bad3c948f4d605d)
Start importing Assets/Asset/fantasy_ [version 2.0]/forest_/Box/forest_ [fencesAndWalls]_104.asset using Guid(80d900597fdaeca498a5ff9c350fd3ed) Importer(2089858483,b0f066a214c2f5e87bad3c948f4d605d) (ScriptedImporter) -> (artifact id: 'dd5ee42b4aca36a15e0b015c712480c1') in 0.0130084 seconds
Number of updated asset objects reloaded before import = 0Number of asset objects unloaded after import = 2

========================================================================
Received Import Request.
  Time since last request: 0.409325 seconds.
  path: Assets/Asset/fantasy_ [version 2.0]/forest_/Floor/forest__7.asset
  artifactKey: Guid(50f71b79cf608a244abdaa9a1e4478fd) Importer(2089858483,b0f066a214c2f5e87bad3c948f4d605d)
Start importing Assets/Asset/fantasy_ [version 2.0]/forest_/Floor/forest__7.asset using Guid(50f71b79cf608a244abdaa9a1e4478fd) Importer(2089858483,b0f066a214c2f5e87bad3c948f4d605d) (ScriptedImporter) -> (artifact id: 'eddeafa0b49f09e894f80cf22f47063c') in 0.0143722 seconds
Number of updated asset objects reloaded before import = 0Number of asset objects unloaded after import = 2

========================================================================
Received Import Request.
  Time since last request: 0.000016 seconds.
  path: Assets/Asset/fantasy_ [version 2.0]/forest_/Box/forest_ [fencesAndWalls]_69.asset
  artifactKey: Guid(df526d99f8af14243991c39c96f78174) Importer(2089858483,b0f066a214c2f5e87bad3c948f4d605d)
Start importing Assets/Asset/fantasy_ [version 2.0]/forest_/Box/forest_ [fencesAndWalls]_69.asset using Guid(df526d99f8af14243991c39c96f78174) Importer(2089858483,b0f066a214c2f5e87bad3c948f4d605d) (ScriptedImporter) -> (artifact id: 'fc112f0cd497c5d5793290c34ab08c91') in 0.0140113 seconds
Number of updated asset objects reloaded before import = 0Number of asset objects unloaded after import = 2

========================================================================
Received Import Request.
  Time since last request: 0.405548 seconds.
  path: Assets/Asset/fantasy_ [version 2.0]/forest_/Floor/forest__100.asset
  artifactKey: Guid(aa6188c9e4a9a974dbb83eb86acab09c) Importer(2089858483,b0f066a214c2f5e87bad3c948f4d605d)
Start importing Assets/Asset/fantasy_ [version 2.0]/forest_/Floor/forest__100.asset using Guid(aa6188c9e4a9a974dbb83eb86acab09c) Importer(2089858483,b0f066a214c2f5e87bad3c948f4d605d) (ScriptedImporter) -> (artifact id: '148e5b4a8fe6e2c639467b6d1a94f833') in 0.0139608 seconds
Number of updated asset objects reloaded before import = 0Number of asset objects unloaded after import = 2

========================================================================
Received Import Request.
  Time since last request: 0.000014 seconds.
  path: Assets/Asset/fantasy_ [version 2.0]/forest_/Floor/forest__5.asset
  artifactKey: Guid(6b95723ab5143074ebdee49bec34aab0) Importer(2089858483,b0f066a214c2f5e87bad3c948f4d605d)
Start importing Assets/Asset/fantasy_ [version 2.0]/forest_/Floor/forest__5.asset using Guid(6b95723ab5143074ebdee49bec34aab0) Importer(2089858483,b0f066a214c2f5e87bad3c948f4d605d) (ScriptedImporter) -> (artifact id: 'bff6b40e66643bf490bd1f1d2df8a2f6') in 0.0124793 seconds
Number of updated asset objects reloaded before import = 0Number of asset objects unloaded after import = 2

========================================================================
Received Import Request.
  Time since last request: 0.409987 seconds.
  path: Assets/Asset/fantasy_ [version 2.0]/desert_/Floor/desert__85.asset
  artifactKey: Guid(c7f8684a7858a8c49811914d974a8e94) Importer(2089858483,b0f066a214c2f5e87bad3c948f4d605d)
Start importing Assets/Asset/fantasy_ [version 2.0]/desert_/Floor/desert__85.asset using Guid(c7f8684a7858a8c49811914d974a8e94) Importer(2089858483,b0f066a214c2f5e87bad3c948f4d605d) (ScriptedImporter) -> (artifact id: 'f402bd42f1d6c28bdf7b16c1c69ae753') in 0.011946 seconds
Number of updated asset objects reloaded before import = 0Number of asset objects unloaded after import = 2

========================================================================
Received Import Request.
  Time since last request: 0.000014 seconds.
  path: Assets/Asset/fantasy_ [version 2.0]/forest_/Box/forest_ [fencesAndWalls]_80.asset
  artifactKey: Guid(eb60737aee772cf49a7bd63fc8174fcf) Importer(2089858483,b0f066a214c2f5e87bad3c948f4d605d)
Start importing Assets/Asset/fantasy_ [version 2.0]/forest_/Box/forest_ [fencesAndWalls]_80.asset using Guid(eb60737aee772cf49a7bd63fc8174fcf) Importer(2089858483,b0f066a214c2f5e87bad3c948f4d605d) (ScriptedImporter) -> (artifact id: 'ce3cfdcf336ca952d0ed6f90002edb41') in 0.0133898 seconds
Number of updated asset objects reloaded before import = 0Number of asset objects unloaded after import = 2

========================================================================
Received Import Request.
  Time since last request: 0.001390 seconds.
  path: Assets/TextMesh Pro
  artifactKey: Guid(f54d1bd14bd3ca042bd867b519fee8cc) Importer(815301076,1909f56bfc062723c751e8b465ee728b)
Start importing Assets/TextMesh Pro using Guid(f54d1bd14bd3ca042bd867b519fee8cc) Importer(815301076,1909f56bfc062723c751e8b465ee728b) (PreviewImporter) -> (artifact id: '441aa3e92cda27c68af8a1706ee847ab') in 0.0006418 seconds
Number of updated asset objects reloaded before import = 0Number of asset objects unloaded after import = 0

========================================================================
Received Import Request.
  Time since last request: 0.377621 seconds.
  path: Assets/Asset/fantasy_ [version 2.0]/forest_/Floor/forest__72.asset
  artifactKey: Guid(f82aea7ab02a9f74ca4f75878390b347) Importer(2089858483,b0f066a214c2f5e87bad3c948f4d605d)
Start importing Assets/Asset/fantasy_ [version 2.0]/forest_/Floor/forest__72.asset using Guid(f82aea7ab02a9f74ca4f75878390b347) Importer(2089858483,b0f066a214c2f5e87bad3c948f4d605d) (ScriptedImporter) -> (artifact id: 'fb563197da4f6cd8f99462d01dd6a71d') in 0.0135814 seconds
Number of updated asset objects reloaded before import = 0Number of asset objects unloaded after import = 2

========================================================================
Received Import Request.
  Time since last request: 0.000016 seconds.
  path: Assets/Asset/fantasy_ [version 2.0]/forest_/Box/forest_ [fencesAndWalls]_110.asset
  artifactKey: Guid(a0cf48fafe1b9bb4f8b1f18ca9164314) Importer(2089858483,b0f066a214c2f5e87bad3c948f4d605d)
Start importing Assets/Asset/fantasy_ [version 2.0]/forest_/Box/forest_ [fencesAndWalls]_110.asset using Guid(a0cf48fafe1b9bb4f8b1f18ca9164314) Importer(2089858483,b0f066a214c2f5e87bad3c948f4d605d) (ScriptedImporter) -> (artifact id: 'e236a14fab05543c95c0c8bc9766264b') in 0.0161397 seconds
Number of updated asset objects reloaded before import = 0Number of asset objects unloaded after import = 2

========================================================================
Received Import Request.
  Time since last request: 0.401487 seconds.
  path: Assets/Asset/fantasy_ [version 2.0]/forest_/Box/forest_ [fencesAndWalls]_27.asset
  artifactKey: Guid(9228641b2e850e5459bdb43a9a91da19) Importer(2089858483,b0f066a214c2f5e87bad3c948f4d605d)
Start importing Assets/Asset/fantasy_ [version 2.0]/forest_/Box/forest_ [fencesAndWalls]_27.asset using Guid(9228641b2e850e5459bdb43a9a91da19) Importer(2089858483,b0f066a214c2f5e87bad3c948f4d605d) (ScriptedImporter) -> (artifact id: '221a11d088aa017444f88fba81e27bbb') in 0.0122173 seconds
Number of updated asset objects reloaded before import = 0Number of asset objects unloaded after import = 2

========================================================================
Received Import Request.
  Time since last request: 0.000015 seconds.
  path: Assets/Asset/fantasy_ [version 2.0]/forest_/Box/forest_ [fencesAndWalls]_5.asset
  artifactKey: Guid(712c0d3b21fa9d54aaaad51e5d8076aa) Importer(2089858483,b0f066a214c2f5e87bad3c948f4d605d)
Start importing Assets/Asset/fantasy_ [version 2.0]/forest_/Box/forest_ [fencesAndWalls]_5.asset using Guid(712c0d3b21fa9d54aaaad51e5d8076aa) Importer(2089858483,b0f066a214c2f5e87bad3c948f4d605d) (ScriptedImporter) -> (artifact id: 'fb8acaabadfe86313616a449838eeb58') in 0.014573 seconds
Number of updated asset objects reloaded before import = 0Number of asset objects unloaded after import = 2

========================================================================
Received Import Request.
  Time since last request: 0.090545 seconds.
  path: Assets/TextMesh Pro/Resources
  artifactKey: Guid(243e06394e614e5d99fab26083b707fa) Importer(815301076,1909f56bfc062723c751e8b465ee728b)
Start importing Assets/TextMesh Pro/Resources using Guid(243e06394e614e5d99fab26083b707fa) Importer(815301076,1909f56bfc062723c751e8b465ee728b) (PreviewImporter) -> (artifact id: 'd53e6cba944eba85e689770a8d90f733') in 0.0007865 seconds
Number of updated asset objects reloaded before import = 0Number of asset objects unloaded after import = 0

========================================================================
Received Import Request.
  Time since last request: 0.102630 seconds.
  path: Assets/TextMesh Pro/Resources/TMP Settings.asset
  artifactKey: Guid(3f5b5dff67a942289a9defa416b206f3) Importer(815301076,1909f56bfc062723c751e8b465ee728b)
Start importing Assets/TextMesh Pro/Resources/TMP Settings.asset using Guid(3f5b5dff67a942289a9defa416b206f3) Importer(815301076,1909f56bfc062723c751e8b465ee728b) (PreviewImporter) -> (artifact id: 'd00e8c7c00f55fa246472f2f8b793855') in 0.0483374 seconds
Number of updated asset objects reloaded before import = 0Number of asset objects unloaded after import = 15

========================================================================
Received Import Request.
  Time since last request: 0.111318 seconds.
  path: Assets/Asset/fantasy_ [version 2.0]/forest_/Floor/forest__33.asset
  artifactKey: Guid(6312e05be3a2fa44c8c1b76123578e66) Importer(2089858483,b0f066a214c2f5e87bad3c948f4d605d)
Start importing Assets/Asset/fantasy_ [version 2.0]/forest_/Floor/forest__33.asset using Guid(6312e05be3a2fa44c8c1b76123578e66) Importer(2089858483,b0f066a214c2f5e87bad3c948f4d605d) (ScriptedImporter) -> (artifact id: '8bb9c837b2c70537c8c6c0dc17b35ef6') in 0.0114567 seconds
Number of updated asset objects reloaded before import = 0Number of asset objects unloaded after import = 2

========================================================================
Received Import Request.
  Time since last request: 0.000015 seconds.
  path: Assets/Asset/fantasy_ [version 2.0]/forest_/Floor/forest__94.asset
  artifactKey: Guid(f0ee128b8bb077646af3d08b3098d4c2) Importer(2089858483,b0f066a214c2f5e87bad3c948f4d605d)
Start importing Assets/Asset/fantasy_ [version 2.0]/forest_/Floor/forest__94.asset using Guid(f0ee128b8bb077646af3d08b3098d4c2) Importer(2089858483,b0f066a214c2f5e87bad3c948f4d605d) (ScriptedImporter) -> (artifact id: '87fbffd72e1687e700a3e233110221a8') in 0.0137855 seconds
Number of updated asset objects reloaded before import = 0Number of asset objects unloaded after import = 2

========================================================================
Received Import Request.
  Time since last request: 0.411767 seconds.
  path: Assets/Asset/fantasy_ [version 2.0]/forest_/Floor/forest__15.asset
  artifactKey: Guid(dfec90002dc250d429850d6f76b5f544) Importer(2089858483,b0f066a214c2f5e87bad3c948f4d605d)
Start importing Assets/Asset/fantasy_ [version 2.0]/forest_/Floor/forest__15.asset using Guid(dfec90002dc250d429850d6f76b5f544) Importer(2089858483,b0f066a214c2f5e87bad3c948f4d605d) (ScriptedImporter) -> (artifact id: '5f4ea23e580b005861aa856328f83aed') in 0.0116055 seconds
Number of updated asset objects reloaded before import = 0Number of asset objects unloaded after import = 2

========================================================================
Received Import Request.
  Time since last request: 0.000014 seconds.
  path: Assets/Asset/fantasy_ [version 2.0]/forest_/Floor/forest__62.asset
  artifactKey: Guid(d5e3abab778340447b2ff0f6031b2a40) Importer(2089858483,b0f066a214c2f5e87bad3c948f4d605d)
Start importing Assets/Asset/fantasy_ [version 2.0]/forest_/Floor/forest__62.asset using Guid(d5e3abab778340447b2ff0f6031b2a40) Importer(2089858483,b0f066a214c2f5e87bad3c948f4d605d) (ScriptedImporter) -> (artifact id: 'f02d4f1f4c32ee64fbdc34df75bbc38a') in 0.0139236 seconds
Number of updated asset objects reloaded before import = 0Number of asset objects unloaded after import = 2

========================================================================
Received Import Request.
  Time since last request: 0.000015 seconds.
  path: Assets/Asset/fantasy_ [version 2.0]/forest_/Box/forest_ [fencesAndWalls]_102.asset
  artifactKey: Guid(7cbc4202c310b9c41a5253619e6b1d82) Importer(2089858483,b0f066a214c2f5e87bad3c948f4d605d)
Start importing Assets/Asset/fantasy_ [version 2.0]/forest_/Box/forest_ [fencesAndWalls]_102.asset using Guid(7cbc4202c310b9c41a5253619e6b1d82) Importer(2089858483,b0f066a214c2f5e87bad3c948f4d605d) (ScriptedImporter) -> (artifact id: '96f292f5d6dd50f83c3839d8e610a30d') in 0.0138819 seconds
Number of updated asset objects reloaded before import = 0Number of asset objects unloaded after import = 2

========================================================================
Received Import Request.
  Time since last request: 0.000029 seconds.
  path: Assets/Asset/fantasy_ [version 2.0]/forest_/Box/BoxPallette1.prefab
  artifactKey: Guid(6a7aacb0d0abb5240b86b6a5afabfe05) Importer(2089858483,b0f066a214c2f5e87bad3c948f4d605d)
Start importing Assets/Asset/fantasy_ [version 2.0]/forest_/Box/BoxPallette1.prefab using Guid(6a7aacb0d0abb5240b86b6a5afabfe05) Importer(2089858483,b0f066a214c2f5e87bad3c948f4d605d) (ScriptedImporter) -> (artifact id: 'aa986c3091fc08203ffcc706fadab8f6') in 0.031694 seconds
Number of updated asset objects reloaded before import = 0Number of asset objects unloaded after import = 10

========================================================================
Received Import Request.
  Time since last request: 0.000014 seconds.
  path: Assets/Asset/fantasy_ [version 2.0]/forest_/Floor/forest__110.asset
  artifactKey: Guid(88bc658079ef03d43be88016c6ccd2cd) Importer(2089858483,b0f066a214c2f5e87bad3c948f4d605d)
Start importing Assets/Asset/fantasy_ [version 2.0]/forest_/Floor/forest__110.asset using Guid(88bc658079ef03d43be88016c6ccd2cd) Importer(2089858483,b0f066a214c2f5e87bad3c948f4d605d) (ScriptedImporter) -> (artifact id: '95eccdbf95d597138ef3dd8cdd4d9e30') in 0.0147159 seconds
Number of updated asset objects reloaded before import = 0Number of asset objects unloaded after import = 2

========================================================================
Received Import Request.
  Time since last request: 0.000014 seconds.
  path: Assets/Asset/fantasy_ [version 2.0]/forest_/Floor/forest__80.asset
  artifactKey: Guid(87d97db0cb31d634f8788806af6ad514) Importer(2089858483,b0f066a214c2f5e87bad3c948f4d605d)
Start importing Assets/Asset/fantasy_ [version 2.0]/forest_/Floor/forest__80.asset using Guid(87d97db0cb31d634f8788806af6ad514) Importer(2089858483,b0f066a214c2f5e87bad3c948f4d605d) (ScriptedImporter) -> (artifact id: '3aa5cd002551b1de35eba5f9525e3689') in 0.0146278 seconds
Number of updated asset objects reloaded before import = 0Number of asset objects unloaded after import = 2

========================================================================
Received Import Request.
  Time since last request: 0.000015 seconds.
  path: Assets/Asset/fantasy_ [version 2.0]/forest_/Floor/forest__38.asset
  artifactKey: Guid(213002313495e28428086b68b0410096) Importer(2089858483,b0f066a214c2f5e87bad3c948f4d605d)
Start importing Assets/Asset/fantasy_ [version 2.0]/forest_/Floor/forest__38.asset using Guid(213002313495e28428086b68b0410096) Importer(2089858483,b0f066a214c2f5e87bad3c948f4d605d) (ScriptedImporter) -> (artifact id: '6c4cb65a009a0a730ecb6531a5b43ded') in 0.0324949 seconds
Number of updated asset objects reloaded before import = 0Number of asset objects unloaded after import = 2

========================================================================
Received Import Request.
  Time since last request: 0.000018 seconds.
  path: Assets/Asset/fantasy_ [version 2.0]/forest_/Floor/forest__106.asset
  artifactKey: Guid(fe3906d2819074a469ba44705cc63e52) Importer(2089858483,b0f066a214c2f5e87bad3c948f4d605d)
Start importing Assets/Asset/fantasy_ [version 2.0]/forest_/Floor/forest__106.asset using Guid(fe3906d2819074a469ba44705cc63e52) Importer(2089858483,b0f066a214c2f5e87bad3c948f4d605d) (ScriptedImporter) -> (artifact id: 'c66f0a91c34a5b6d70c53e0fe5e4b35e') in 0.0136925 seconds
Number of updated asset objects reloaded before import = 0Number of asset objects unloaded after import = 2

========================================================================
Received Import Request.
  Time since last request: 0.000024 seconds.
  path: Assets/Asset/fantasy_ [version 2.0]/forest_/Box/forest_ [fencesAndWalls]_83.asset
  artifactKey: Guid(e96ec221e60d3a34fa433715b0ab6192) Importer(2089858483,b0f066a214c2f5e87bad3c948f4d605d)
Start importing Assets/Asset/fantasy_ [version 2.0]/forest_/Box/forest_ [fencesAndWalls]_83.asset using Guid(e96ec221e60d3a34fa433715b0ab6192) Importer(2089858483,b0f066a214c2f5e87bad3c948f4d605d) (ScriptedImporter) -> (artifact id: 'aad21a2d960dc19332843c695fdccfdd') in 0.0128548 seconds
Number of updated asset objects reloaded before import = 0Number of asset objects unloaded after import = 2

========================================================================
Received Import Request.
  Time since last request: 0.000015 seconds.
  path: Assets/Asset/fantasy_ [version 2.0]/forest_/Floor/forest__93.asset
  artifactKey: Guid(59583840072015a45915ac0d55267013) Importer(2089858483,b0f066a214c2f5e87bad3c948f4d605d)
Start importing Assets/Asset/fantasy_ [version 2.0]/forest_/Floor/forest__93.asset using Guid(59583840072015a45915ac0d55267013) Importer(2089858483,b0f066a214c2f5e87bad3c948f4d605d) (ScriptedImporter) -> (artifact id: '3a184bfe9811fc314dafc7208176a774') in 0.0160904 seconds
Number of updated asset objects reloaded before import = 0Number of asset objects unloaded after import = 2

========================================================================
Received Import Request.
  Time since last request: 0.000015 seconds.
  path: Assets/Asset/fantasy_ [version 2.0]/forest_/Box/forest_ [fencesAndWalls]_57.asset
  artifactKey: Guid(afe41a135fe2e524c9a4eaabe09d041e) Importer(2089858483,b0f066a214c2f5e87bad3c948f4d605d)
Start importing Assets/Asset/fantasy_ [version 2.0]/forest_/Box/forest_ [fencesAndWalls]_57.asset using Guid(afe41a135fe2e524c9a4eaabe09d041e) Importer(2089858483,b0f066a214c2f5e87bad3c948f4d605d) (ScriptedImporter) -> (artifact id: '23a7ceac2eba4a0261a5201a2bdc593a') in 0.0132339 seconds
Number of updated asset objects reloaded before import = 0Number of asset objects unloaded after import = 2

========================================================================
Received Import Request.
  Time since last request: 0.000014 seconds.
  path: Assets/Asset/fantasy_ [version 2.0]/forest_/Floor/forest__92.asset
  artifactKey: Guid(698d096c745711b468f19519ed5a0faa) Importer(2089858483,b0f066a214c2f5e87bad3c948f4d605d)
Start importing Assets/Asset/fantasy_ [version 2.0]/forest_/Floor/forest__92.asset using Guid(698d096c745711b468f19519ed5a0faa) Importer(2089858483,b0f066a214c2f5e87bad3c948f4d605d) (ScriptedImporter) -> (artifact id: '2b58137196c451ab3d7d3c5f891efa47') in 0.014056 seconds
Number of updated asset objects reloaded before import = 0Number of asset objects unloaded after import = 2

========================================================================
Received Import Request.
  Time since last request: 0.000021 seconds.
  path: Assets/Asset/fantasy_ [version 2.0]/desert_/Floor/desert__37.asset
  artifactKey: Guid(c1aff44c88e300e4f8ea0d2ce8fc1758) Importer(2089858483,b0f066a214c2f5e87bad3c948f4d605d)
Start importing Assets/Asset/fantasy_ [version 2.0]/desert_/Floor/desert__37.asset using Guid(c1aff44c88e300e4f8ea0d2ce8fc1758) Importer(2089858483,b0f066a214c2f5e87bad3c948f4d605d) (ScriptedImporter) -> (artifact id: '9cf6b40280cbb63d698ad1631f0b2774') in 0.0134076 seconds
Number of updated asset objects reloaded before import = 0Number of asset objects unloaded after import = 2

========================================================================
Received Import Request.
  Time since last request: 0.000016 seconds.
  path: Assets/Asset/fantasy_ [version 2.0]/forest_/Box/forest_ [fencesAndWalls]_46.asset
  artifactKey: Guid(ed87980c11bc0e141a44d0b49ef8c702) Importer(2089858483,b0f066a214c2f5e87bad3c948f4d605d)
Start importing Assets/Asset/fantasy_ [version 2.0]/forest_/Box/forest_ [fencesAndWalls]_46.asset using Guid(ed87980c11bc0e141a44d0b49ef8c702) Importer(2089858483,b0f066a214c2f5e87bad3c948f4d605d) (ScriptedImporter) -> (artifact id: '165f47a5b1f4119bb76c4da323267d0d') in 0.0121044 seconds
Number of updated asset objects reloaded before import = 0Number of asset objects unloaded after import = 2

========================================================================
Received Import Request.
  Time since last request: 0.000026 seconds.
  path: Assets/Asset/fantasy_ [version 2.0]/forest_/Floor/forest__11.asset
  artifactKey: Guid(31f15ebca7da0454e808371d3ea00fc3) Importer(2089858483,b0f066a214c2f5e87bad3c948f4d605d)
Start importing Assets/Asset/fantasy_ [version 2.0]/forest_/Floor/forest__11.asset using Guid(31f15ebca7da0454e808371d3ea00fc3) Importer(2089858483,b0f066a214c2f5e87bad3c948f4d605d) (ScriptedImporter) -> (artifact id: '192c772eb45a7b7e79132e5628812bc5') in 0.0145175 seconds
Number of updated asset objects reloaded before import = 0Number of asset objects unloaded after import = 2

========================================================================
Received Import Request.
  Time since last request: 0.000014 seconds.
  path: Assets/TextMesh Pro/Resources/Fonts & Materials/LiberationSans SDF - Fallback.asset
  artifactKey: Guid(2e498d1c8094910479dc3e1b768306a4) Importer(815301076,1909f56bfc062723c751e8b465ee728b)
Start importing Assets/TextMesh Pro/Resources/Fonts & Materials/LiberationSans SDF - Fallback.asset using Guid(2e498d1c8094910479dc3e1b768306a4) Importer(815301076,1909f56bfc062723c751e8b465ee728b) (PreviewImporter) -> (artifact id: '10b894501bb40740cf78113ef77c1f61') in 0.4173079 seconds
Number of updated asset objects reloaded before import = 0Number of asset objects unloaded after import = 6

========================================================================
Received Import Request.
  Time since last request: 0.000035 seconds.
  path: Assets/Asset/fantasy_ [version 2.0]/desert_/Floor/desert__10.asset
  artifactKey: Guid(dda6ae7d332d8644daa9dd6431472e22) Importer(2089858483,b0f066a214c2f5e87bad3c948f4d605d)
Start importing Assets/Asset/fantasy_ [version 2.0]/desert_/Floor/desert__10.asset using Guid(dda6ae7d332d8644daa9dd6431472e22) Importer(2089858483,b0f066a214c2f5e87bad3c948f4d605d) (ScriptedImporter) -> (artifact id: '4f5ce6c1b0e8bdf879382181a874d59d') in 0.0132788 seconds
Number of updated asset objects reloaded before import = 0Number of asset objects unloaded after import = 2

========================================================================
Received Import Request.
  Time since last request: 0.000031 seconds.
  path: Assets/Asset/fantasy_ [version 2.0]/forest_/Box/forest_ [fencesAndWalls]_76.asset
  artifactKey: Guid(6c6ba4ed6ffa224479c9c6938ec5f46c) Importer(2089858483,b0f066a214c2f5e87bad3c948f4d605d)
Start importing Assets/Asset/fantasy_ [version 2.0]/forest_/Box/forest_ [fencesAndWalls]_76.asset using Guid(6c6ba4ed6ffa224479c9c6938ec5f46c) Importer(2089858483,b0f066a214c2f5e87bad3c948f4d605d) (ScriptedImporter) -> (artifact id: 'b7f25dd12e980b9b206ac0709bef3233') in 0.0147948 seconds
Number of updated asset objects reloaded before import = 0Number of asset objects unloaded after import = 2

========================================================================
Received Import Request.
  Time since last request: 0.000019 seconds.
  path: Assets/Asset/fantasy_ [version 2.0]/forest_/Floor/forest__78.asset
  artifactKey: Guid(105bf03d98e457d4995041a19e26092f) Importer(2089858483,b0f066a214c2f5e87bad3c948f4d605d)
Start importing Assets/Asset/fantasy_ [version 2.0]/forest_/Floor/forest__78.asset using Guid(105bf03d98e457d4995041a19e26092f) Importer(2089858483,b0f066a214c2f5e87bad3c948f4d605d) (ScriptedImporter) -> (artifact id: '4616ddaa3adfc24ccd11ca80448c2bb8') in 0.012624 seconds
Number of updated asset objects reloaded before import = 0Number of asset objects unloaded after import = 2

========================================================================
Received Import Request.
  Time since last request: 0.000019 seconds.
  path: Assets/Asset/fantasy_ [version 2.0]/tundra_/tundra_ [fountain].png
  artifactKey: Guid(f3ffde8d977e1df49bda9d5b2445f910) Importer(2089858483,b0f066a214c2f5e87bad3c948f4d605d)
Start importing Assets/Asset/fantasy_ [version 2.0]/tundra_/tundra_ [fountain].png using Guid(f3ffde8d977e1df49bda9d5b2445f910) Importer(2089858483,b0f066a214c2f5e87bad3c948f4d605d) (ScriptedImporter) -> (artifact id: '78f623548fb060d231bb80892692b92e') in 0.0579633 seconds
Number of updated asset objects reloaded before import = 0Number of asset objects unloaded after import = 3

========================================================================
Received Import Request.
  Time since last request: 0.000022 seconds.
  path: Assets/Asset/fantasy_ [version 2.0]/forest_/Box/forest_ [fencesAndWalls]_109.asset
  artifactKey: Guid(e1ca81557188f6e4eac72ea87be1664a) Importer(2089858483,b0f066a214c2f5e87bad3c948f4d605d)
Start importing Assets/Asset/fantasy_ [version 2.0]/forest_/Box/forest_ [fencesAndWalls]_109.asset using Guid(e1ca81557188f6e4eac72ea87be1664a) Importer(2089858483,b0f066a214c2f5e87bad3c948f4d605d) (ScriptedImporter) -> (artifact id: '65287e9e8f88edcf9969a8d39f9452f3') in 0.0122901 seconds
Number of updated asset objects reloaded before import = 0Number of asset objects unloaded after import = 2

========================================================================
Received Import Request.
  Time since last request: 0.000024 seconds.
  path: Assets/Asset/fantasy_ [version 2.0]/forest_/Floor/forest__23.asset
  artifactKey: Guid(1fc2703505161d649bae2d01578f674a) Importer(2089858483,b0f066a214c2f5e87bad3c948f4d605d)
Start importing Assets/Asset/fantasy_ [version 2.0]/forest_/Floor/forest__23.asset using Guid(1fc2703505161d649bae2d01578f674a) Importer(2089858483,b0f066a214c2f5e87bad3c948f4d605d) (ScriptedImporter) -> (artifact id: '34c2511a90703ee1aad7e6014d6c068c') in 0.0139166 seconds
Number of updated asset objects reloaded before import = 0Number of asset objects unloaded after import = 2

========================================================================
Received Import Request.
  Time since last request: 0.000033 seconds.
  path: Assets/Asset/fantasy_ [version 2.0]/forest_/Box/forest_ [fencesAndWalls]_20.asset
  artifactKey: Guid(ecfb34bd961e96b4d8d365450f518351) Importer(2089858483,b0f066a214c2f5e87bad3c948f4d605d)
Start importing Assets/Asset/fantasy_ [version 2.0]/forest_/Box/forest_ [fencesAndWalls]_20.asset using Guid(ecfb34bd961e96b4d8d365450f518351) Importer(2089858483,b0f066a214c2f5e87bad3c948f4d605d) (ScriptedImporter) -> (artifact id: '1d777ff5666a9f8f301b02f57f6cf370') in 0.0151416 seconds
Number of updated asset objects reloaded before import = 0Number of asset objects unloaded after import = 2

========================================================================
Received Import Request.
  Time since last request: 0.000026 seconds.
  path: Assets/Asset/fantasy_ [version 2.0]/taiga_/taiga_ [fountain].png
  artifactKey: Guid(67fa3abeb1712b0449f1641f95106513) Importer(2089858483,b0f066a214c2f5e87bad3c948f4d605d)
Start importing Assets/Asset/fantasy_ [version 2.0]/taiga_/taiga_ [fountain].png using Guid(67fa3abeb1712b0449f1641f95106513) Importer(2089858483,b0f066a214c2f5e87bad3c948f4d605d) (ScriptedImporter) -> (artifact id: '5ed7922195991229b33cfab514746914') in 0.0231814 seconds
Number of updated asset objects reloaded before import = 0Number of asset objects unloaded after import = 3

========================================================================
Received Import Request.
  Time since last request: 0.000021 seconds.
  path: Assets/Asset/fantasy_ [version 2.0]/desert_/Floor/desert__1.asset
  artifactKey: Guid(6400705f3e196d541ac0d0f4ca6c932b) Importer(2089858483,b0f066a214c2f5e87bad3c948f4d605d)
Start importing Assets/Asset/fantasy_ [version 2.0]/desert_/Floor/desert__1.asset using Guid(6400705f3e196d541ac0d0f4ca6c932b) Importer(2089858483,b0f066a214c2f5e87bad3c948f4d605d) (ScriptedImporter) -> (artifact id: 'cb112feb7ed252efa84182cd6b3d8e5c') in 0.016139 seconds
Number of updated asset objects reloaded before import = 0Number of asset objects unloaded after import = 2

========================================================================
Received Import Request.
  Time since last request: 0.000020 seconds.
  path: Assets/Asset/fantasy_ [version 2.0]/forest_/Box/forest_ [fencesAndWalls]_15.asset
  artifactKey: Guid(f57fdadf389ab4b4eb921c8b55640239) Importer(2089858483,b0f066a214c2f5e87bad3c948f4d605d)
Start importing Assets/Asset/fantasy_ [version 2.0]/forest_/Box/forest_ [fencesAndWalls]_15.asset using Guid(f57fdadf389ab4b4eb921c8b55640239) Importer(2089858483,b0f066a214c2f5e87bad3c948f4d605d) (ScriptedImporter) -> (artifact id: '2b0e4075e127f06db620e92b21e85871') in 0.014707 seconds
Number of updated asset objects reloaded before import = 0Number of asset objects unloaded after import = 2

========================================================================
Received Import Request.
  Time since last request: 0.000020 seconds.
  path: Assets/Asset/fantasy_ [version 2.0]/fantasy_/swampDesert_.png
  artifactKey: Guid(5c210fc5bbd7e2049b1f5a556947d240) Importer(2089858483,b0f066a214c2f5e87bad3c948f4d605d)
Start importing Assets/Asset/fantasy_ [version 2.0]/fantasy_/swampDesert_.png using Guid(5c210fc5bbd7e2049b1f5a556947d240) Importer(2089858483,b0f066a214c2f5e87bad3c948f4d605d) (ScriptedImporter) -> (artifact id: 'a6e78a6071b91b60954f5449497c7900') in 0.0253418 seconds
Number of updated asset objects reloaded before import = 0Number of asset objects unloaded after import = 3

========================================================================
Received Import Request.
  Time since last request: 0.000025 seconds.
  path: Assets/Asset/fantasy_ [version 2.0]/forest_/Box/forest_ [fencesAndWalls]_98.asset
  artifactKey: Guid(28f3c1a51b698e24b8d9bb4c71c7255d) Importer(2089858483,b0f066a214c2f5e87bad3c948f4d605d)
Start importing Assets/Asset/fantasy_ [version 2.0]/forest_/Box/forest_ [fencesAndWalls]_98.asset using Guid(28f3c1a51b698e24b8d9bb4c71c7255d) Importer(2089858483,b0f066a214c2f5e87bad3c948f4d605d) (ScriptedImporter) -> (artifact id: '774f679cbfaa7ae7da8633fb64a023d6') in 0.0133145 seconds
Number of updated asset objects reloaded before import = 0Number of asset objects unloaded after import = 2

========================================================================
Received Import Request.
  Time since last request: 0.000025 seconds.
  path: Assets/Asset/fantasy_ [version 2.0]/desert_/Floor/desert__9.asset
  artifactKey: Guid(11feda0f5cec3c3419a91e6110a85d3b) Importer(2089858483,b0f066a214c2f5e87bad3c948f4d605d)
Start importing Assets/Asset/fantasy_ [version 2.0]/desert_/Floor/desert__9.asset using Guid(11feda0f5cec3c3419a91e6110a85d3b) Importer(2089858483,b0f066a214c2f5e87bad3c948f4d605d) (ScriptedImporter) -> (artifact id: '142608125c9ad9c17cd161a9ca95555c') in 0.0146485 seconds
Number of updated asset objects reloaded before import = 0Number of asset objects unloaded after import = 2

========================================================================
Received Import Request.
  Time since last request: 0.000024 seconds.
  path: Assets/Asset/fantasy_ [version 2.0]/forest_/Box/forest_ [fencesAndWalls]_66.asset
  artifactKey: Guid(a3c79ec5a8085384f8b8b3c08c16f211) Importer(2089858483,b0f066a214c2f5e87bad3c948f4d605d)
Start importing Assets/Asset/fantasy_ [version 2.0]/forest_/Box/forest_ [fencesAndWalls]_66.asset using Guid(a3c79ec5a8085384f8b8b3c08c16f211) Importer(2089858483,b0f066a214c2f5e87bad3c948f4d605d) (ScriptedImporter) -> (artifact id: '57f4b5a99368d66315098b6506c5b41c') in 0.0162154 seconds
Number of updated asset objects reloaded before import = 0Number of asset objects unloaded after import = 2

========================================================================
Received Import Request.
  Time since last request: 0.000019 seconds.
  path: Assets/Asset/fantasy_ [version 2.0]/forest_/Box/forest_ [fencesAndWalls]_54.asset
  artifactKey: Guid(e418f8f568917c24aa51225f5cc498a1) Importer(2089858483,b0f066a214c2f5e87bad3c948f4d605d)
Start importing Assets/Asset/fantasy_ [version 2.0]/forest_/Box/forest_ [fencesAndWalls]_54.asset using Guid(e418f8f568917c24aa51225f5cc498a1) Importer(2089858483,b0f066a214c2f5e87bad3c948f4d605d) (ScriptedImporter) -> (artifact id: '72357fc5fe6caeab47548e0952b9f6da') in 0.013952 seconds
Number of updated asset objects reloaded before import = 0Number of asset objects unloaded after import = 2

========================================================================
Received Import Request.
  Time since last request: 0.000021 seconds.
  path: Assets/Asset/fantasy_ [version 2.0]/forest_/Box/forest_ [fencesAndWalls]_87.asset
  artifactKey: Guid(b8ae728f2f2c77642ae93a1d5322ff47) Importer(2089858483,b0f066a214c2f5e87bad3c948f4d605d)
Start importing Assets/Asset/fantasy_ [version 2.0]/forest_/Box/forest_ [fencesAndWalls]_87.asset using Guid(b8ae728f2f2c77642ae93a1d5322ff47) Importer(2089858483,b0f066a214c2f5e87bad3c948f4d605d) (ScriptedImporter) -> (artifact id: '0370bea95b8e4c649baa5cf109de22bb') in 0.0146168 seconds
Number of updated asset objects reloaded before import = 0Number of asset objects unloaded after import = 2

========================================================================
Received Import Request.
  Time since last request: 0.000025 seconds.
  path: Assets/Asset/fantasy_ [version 2.0]/desert_/desert_ [bridgeHorizontal].png
  artifactKey: Guid(4e729b4e4c1e1a749845a7793dcf69c5) Importer(2089858483,b0f066a214c2f5e87bad3c948f4d605d)
Start importing Assets/Asset/fantasy_ [version 2.0]/desert_/desert_ [bridgeHorizontal].png using Guid(4e729b4e4c1e1a749845a7793dcf69c5) Importer(2089858483,b0f066a214c2f5e87bad3c948f4d605d) (ScriptedImporter) -> (artifact id: '83536f5fdb95094da956c6ba239fcaed') in 0.0248804 seconds
Number of updated asset objects reloaded before import = 0Number of asset objects unloaded after import = 3

========================================================================
Received Import Request.
  Time since last request: 0.000023 seconds.
  path: Assets/Asset/fantasy_ [version 2.0]/forest_/Box/forest_ [fencesAndWalls]_13.asset
  artifactKey: Guid(0f2609abe99b8d14ca79d7fe3e0c0ac0) Importer(2089858483,b0f066a214c2f5e87bad3c948f4d605d)
Start importing Assets/Asset/fantasy_ [version 2.0]/forest_/Box/forest_ [fencesAndWalls]_13.asset using Guid(0f2609abe99b8d14ca79d7fe3e0c0ac0) Importer(2089858483,b0f066a214c2f5e87bad3c948f4d605d) (ScriptedImporter) -> (artifact id: '3362f2a55acd5d404ffcb2b351f9817c') in 0.0135058 seconds
Number of updated asset objects reloaded before import = 0Number of asset objects unloaded after import = 2

========================================================================
Received Import Request.
  Time since last request: 0.000030 seconds.
  path: Assets/Asset/fantasy_ [version 2.0]/forest_/Box/forest_ [fencesAndWalls]_92.asset
  artifactKey: Guid(ba0dc4a103cba634cb9e4a884f8a2553) Importer(2089858483,b0f066a214c2f5e87bad3c948f4d605d)
Start importing Assets/Asset/fantasy_ [version 2.0]/forest_/Box/forest_ [fencesAndWalls]_92.asset using Guid(ba0dc4a103cba634cb9e4a884f8a2553) Importer(2089858483,b0f066a214c2f5e87bad3c948f4d605d) (ScriptedImporter) -> (artifact id: '511ccaa7e5f0bce91c2ef68f4ee957c4') in 0.0133088 seconds
Number of updated asset objects reloaded before import = 0Number of asset objects unloaded after import = 2

========================================================================
Received Import Request.
  Time since last request: 0.000018 seconds.
  path: Assets/Asset/fantasy_ [version 2.0]/desert_/Floor/desert__6.asset
  artifactKey: Guid(dbc342702f2916b4ea52eb6d7ceb90c3) Importer(2089858483,b0f066a214c2f5e87bad3c948f4d605d)
Start importing Assets/Asset/fantasy_ [version 2.0]/desert_/Floor/desert__6.asset using Guid(dbc342702f2916b4ea52eb6d7ceb90c3) Importer(2089858483,b0f066a214c2f5e87bad3c948f4d605d) (ScriptedImporter) -> (artifact id: 'f7b0f65250640a1faf0b49c1e71f6fe2') in 0.0136692 seconds
Number of updated asset objects reloaded before import = 0Number of asset objects unloaded after import = 2

========================================================================
Received Import Request.
  Time since last request: 0.000023 seconds.
  path: Assets/Asset/fantasy_ [version 2.0]/desert_/desert_ [fencesAndWalls].png
  artifactKey: Guid(a9786a8d4e1b1ff4cb3a7f309a9a3319) Importer(2089858483,b0f066a214c2f5e87bad3c948f4d605d)
Start importing Assets/Asset/fantasy_ [version 2.0]/desert_/desert_ [fencesAndWalls].png using Guid(a9786a8d4e1b1ff4cb3a7f309a9a3319) Importer(2089858483,b0f066a214c2f5e87bad3c948f4d605d) (ScriptedImporter) -> (artifact id: '2ec9c1bc63c730c020023d3d7ffcbdd4') in 0.0477648 seconds
Number of updated asset objects reloaded before import = 0Number of asset objects unloaded after import = 25

========================================================================
Received Import Request.
  Time since last request: 0.000024 seconds.
  path: Assets/Asset/fantasy_ [version 2.0]/forest_/Box/forest_ [fencesAndWalls]_8.asset
  artifactKey: Guid(0285fbff26c1cbd4e9dbab9255e70570) Importer(2089858483,b0f066a214c2f5e87bad3c948f4d605d)
Start importing Assets/Asset/fantasy_ [version 2.0]/forest_/Box/forest_ [fencesAndWalls]_8.asset using Guid(0285fbff26c1cbd4e9dbab9255e70570) Importer(2089858483,b0f066a214c2f5e87bad3c948f4d605d) (ScriptedImporter) -> (artifact id: '71282f7635c5e26dc01a80b255940168') in 0.012713 seconds
Number of updated asset objects reloaded before import = 0Number of asset objects unloaded after import = 2

========================================================================
Received Import Request.
  Time since last request: 0.000022 seconds.
  path: Assets/Asset/fantasy_ [version 2.0]/forest_/Floor/forest__3.asset
  artifactKey: Guid(8c9cdf747ad6cf34fa75ca4d268bb5b1) Importer(2089858483,b0f066a214c2f5e87bad3c948f4d605d)
Start importing Assets/Asset/fantasy_ [version 2.0]/forest_/Floor/forest__3.asset using Guid(8c9cdf747ad6cf34fa75ca4d268bb5b1) Importer(2089858483,b0f066a214c2f5e87bad3c948f4d605d) (ScriptedImporter) -> (artifact id: '55625df4ae889e95a4ff783290d2feca') in 0.0151898 seconds
Number of updated asset objects reloaded before import = 0Number of asset objects unloaded after import = 2

========================================================================
Received Import Request.
  Time since last request: 0.000038 seconds.
  path: Assets/Asset/fantasy_ [version 2.0]/forest_/Floor/forest__67.asset
  artifactKey: Guid(5c9d4ffb48d746545a211a2514a0e3ed) Importer(2089858483,b0f066a214c2f5e87bad3c948f4d605d)
Start importing Assets/Asset/fantasy_ [version 2.0]/forest_/Floor/forest__67.asset using Guid(5c9d4ffb48d746545a211a2514a0e3ed) Importer(2089858483,b0f066a214c2f5e87bad3c948f4d605d) (ScriptedImporter) -> (artifact id: 'db628c06e5014cf2b4dc2fb0f3fa06e8') in 0.0138682 seconds
Number of updated asset objects reloaded before import = 0Number of asset objects unloaded after import = 2

========================================================================
Received Import Request.
  Time since last request: 0.000022 seconds.
  path: Assets/Asset/fantasy_ [version 2.0]/forest_/Box/forest_ [fencesAndWalls]_33.asset
  artifactKey: Guid(295660c147795e34c8f40cd292b5292c) Importer(2089858483,b0f066a214c2f5e87bad3c948f4d605d)
Start importing Assets/Asset/fantasy_ [version 2.0]/forest_/Box/forest_ [fencesAndWalls]_33.asset using Guid(295660c147795e34c8f40cd292b5292c) Importer(2089858483,b0f066a214c2f5e87bad3c948f4d605d) (ScriptedImporter) -> (artifact id: '16b113d0d9f497b8e7979160dbc60051') in 0.0132105 seconds
Number of updated asset objects reloaded before import = 0Number of asset objects unloaded after import = 2

========================================================================
Received Import Request.
  Time since last request: 0.000019 seconds.
  path: Assets/Asset/fantasy_ [version 2.0]/desert_/Floor/desert__34.asset
  artifactKey: Guid(da44a95f500230a46901ec448a560fc0) Importer(2089858483,b0f066a214c2f5e87bad3c948f4d605d)
Start importing Assets/Asset/fantasy_ [version 2.0]/desert_/Floor/desert__34.asset using Guid(da44a95f500230a46901ec448a560fc0) Importer(2089858483,b0f066a214c2f5e87bad3c948f4d605d) (ScriptedImporter) -> (artifact id: '7dddc38a2209254d42c32f4898421016') in 0.0118558 seconds
Number of updated asset objects reloaded before import = 0Number of asset objects unloaded after import = 2

========================================================================
Received Import Request.
  Time since last request: 0.000021 seconds.
  path: Assets/Asset/fantasy_ [version 2.0]/forest_/Box/forest_ [fencesAndWalls]_42.asset
  artifactKey: Guid(9a6a3194053b2e647b88e018ae36f784) Importer(2089858483,b0f066a214c2f5e87bad3c948f4d605d)
Start importing Assets/Asset/fantasy_ [version 2.0]/forest_/Box/forest_ [fencesAndWalls]_42.asset using Guid(9a6a3194053b2e647b88e018ae36f784) Importer(2089858483,b0f066a214c2f5e87bad3c948f4d605d) (ScriptedImporter) -> (artifact id: '2de681ad0f9caafd77f725586166a5ce') in 0.0132769 seconds
Number of updated asset objects reloaded before import = 0Number of asset objects unloaded after import = 2

========================================================================
Received Import Request.
  Time since last request: 0.000019 seconds.
  path: Assets/Asset/fantasy_ [version 2.0]/fantasy_/tundraSwampTaigaForestDesert_1.png
  artifactKey: Guid(71fe6bce4cfd9564b883b41270901ba9) Importer(2089858483,b0f066a214c2f5e87bad3c948f4d605d)
Start importing Assets/Asset/fantasy_ [version 2.0]/fantasy_/tundraSwampTaigaForestDesert_1.png using Guid(71fe6bce4cfd9564b883b41270901ba9) Importer(2089858483,b0f066a214c2f5e87bad3c948f4d605d) (ScriptedImporter) -> (artifact id: '8ea9702594151a84f861e684d427ecd1') in 0.0223281 seconds
Number of updated asset objects reloaded before import = 0Number of asset objects unloaded after import = 3

========================================================================
Received Import Request.
  Time since last request: 0.000025 seconds.
  path: Assets/Asset/fantasy_ [version 2.0]/forest_/Floor/forest__98.asset
  artifactKey: Guid(67571a74f849a0148b9f9d63d3b9bdbb) Importer(2089858483,b0f066a214c2f5e87bad3c948f4d605d)
Start importing Assets/Asset/fantasy_ [version 2.0]/forest_/Floor/forest__98.asset using Guid(67571a74f849a0148b9f9d63d3b9bdbb) Importer(2089858483,b0f066a214c2f5e87bad3c948f4d605d) (ScriptedImporter) -> (artifact id: '71a8c172316e5045398dd82dffebeafc') in 0.012924 seconds
Number of updated asset objects reloaded before import = 0Number of asset objects unloaded after import = 2

========================================================================
Received Import Request.
  Time since last request: 0.000025 seconds.
  path: Assets/Asset/fantasy_ [version 2.0]/forest_/Floor/forest__10.asset
  artifactKey: Guid(b0f0b9325f6734c4a93324efa9114a42) Importer(2089858483,b0f066a214c2f5e87bad3c948f4d605d)
Start importing Assets/Asset/fantasy_ [version 2.0]/forest_/Floor/forest__10.asset using Guid(b0f0b9325f6734c4a93324efa9114a42) Importer(2089858483,b0f066a214c2f5e87bad3c948f4d605d) (ScriptedImporter) -> (artifact id: 'f7f1cdaebd9b5c03ab040125d8c92f64') in 0.0139691 seconds
Number of updated asset objects reloaded before import = 0Number of asset objects unloaded after import = 2

========================================================================
Received Import Request.
  Time since last request: 0.000020 seconds.
  path: Assets/Asset/fantasy_ [version 2.0]/forest_/Floor/forest__89.asset
  artifactKey: Guid(0f076c0ee62f5124a8349f796b3952eb) Importer(2089858483,b0f066a214c2f5e87bad3c948f4d605d)
Start importing Assets/Asset/fantasy_ [version 2.0]/forest_/Floor/forest__89.asset using Guid(0f076c0ee62f5124a8349f796b3952eb) Importer(2089858483,b0f066a214c2f5e87bad3c948f4d605d) (ScriptedImporter) -> (artifact id: '010417ff306e28cee68ca4a5fc492354') in 0.0240891 seconds
Number of updated asset objects reloaded before import = 0Number of asset objects unloaded after import = 2

========================================================================
Received Import Request.
  Time since last request: 0.000021 seconds.
  path: Assets/Asset/fantasy_ [version 2.0]/cave_/cave_ [bridgeHorizontal].png
  artifactKey: Guid(e02cbe8f64cb90a4993ae51a483cfb48) Importer(2089858483,b0f066a214c2f5e87bad3c948f4d605d)
Start importing Assets/Asset/fantasy_ [version 2.0]/cave_/cave_ [bridgeHorizontal].png using Guid(e02cbe8f64cb90a4993ae51a483cfb48) Importer(2089858483,b0f066a214c2f5e87bad3c948f4d605d) (ScriptedImporter) -> (artifact id: '72697e707c000aa2dbc4eabb2a541550') in 0.022243 seconds
Number of updated asset objects reloaded before import = 0Number of asset objects unloaded after import = 3

========================================================================
Received Import Request.
  Time since last request: 0.000020 seconds.
  path: Assets/Asset/fantasy_ [version 2.0]/desert_/Floor/desert__18.asset
  artifactKey: Guid(3b6034bcca0d3824c95f838620729ba1) Importer(2089858483,b0f066a214c2f5e87bad3c948f4d605d)
Start importing Assets/Asset/fantasy_ [version 2.0]/desert_/Floor/desert__18.asset using Guid(3b6034bcca0d3824c95f838620729ba1) Importer(2089858483,b0f066a214c2f5e87bad3c948f4d605d) (ScriptedImporter) -> (artifact id: '395504dfb345f92c298379ac7f766152') in 0.0123817 seconds
Number of updated asset objects reloaded before import = 0Number of asset objects unloaded after import = 2

========================================================================
Received Import Request.
  Time since last request: 0.518910 seconds.
  path: Assets/Asset/Prop
  artifactKey: Guid(9c80824df8ec89f43a8ca3d02745f1b1) Importer(2089858483,b0f066a214c2f5e87bad3c948f4d605d)
Start importing Assets/Asset/Prop using Guid(9c80824df8ec89f43a8ca3d02745f1b1) Importer(2089858483,b0f066a214c2f5e87bad3c948f4d605d) (ScriptedImporter) -> (artifact id: '67541982f2afc9a6d44a1fe7375b19fb') in 0.0116938 seconds
Number of updated asset objects reloaded before import = 0Number of asset objects unloaded after import = 1

========================================================================
Received Import Request.
  Time since last request: 0.000022 seconds.
  path: Assets/Asset/Prop/TX Tileset Grass_61.asset
  artifactKey: Guid(1b739ad611729494db71b92286405d18) Importer(2089858483,b0f066a214c2f5e87bad3c948f4d605d)
Start importing Assets/Asset/Prop/TX Tileset Grass_61.asset using Guid(1b739ad611729494db71b92286405d18) Importer(2089858483,b0f066a214c2f5e87bad3c948f4d605d) (ScriptedImporter) -> (artifact id: 'a2eea8de930a8c4c0d2541cf7fef1c95') in 0.0139057 seconds
Number of updated asset objects reloaded before import = 0Number of asset objects unloaded after import = 2

========================================================================
Received Import Request.
  Time since last request: 0.000020 seconds.
  path: Assets/Asset/Prop/TX Tileset Grass_37.asset
  artifactKey: Guid(399914aa379a38b41b4944da10fd2fa0) Importer(2089858483,b0f066a214c2f5e87bad3c948f4d605d)
Start importing Assets/Asset/Prop/TX Tileset Grass_37.asset using Guid(399914aa379a38b41b4944da10fd2fa0) Importer(2089858483,b0f066a214c2f5e87bad3c948f4d605d) (ScriptedImporter) -> (artifact id: 'fd88a3c7da61bb19907279c94053ee83') in 0.0142063 seconds
Number of updated asset objects reloaded before import = 0Number of asset objects unloaded after import = 2

========================================================================
Received Import Request.
  Time since last request: 0.000021 seconds.
  path: Assets/Asset/Prop/TX Tileset Grass_6.asset
  artifactKey: Guid(702f6e678eedc864a944568e34682261) Importer(2089858483,b0f066a214c2f5e87bad3c948f4d605d)
Start importing Assets/Asset/Prop/TX Tileset Grass_6.asset using Guid(702f6e678eedc864a944568e34682261) Importer(2089858483,b0f066a214c2f5e87bad3c948f4d605d) (ScriptedImporter) -> (artifact id: 'b8e20ccff88b338adaa94eee926e743a') in 0.0158033 seconds
Number of updated asset objects reloaded before import = 0Number of asset objects unloaded after import = 2

========================================================================
Received Import Request.
  Time since last request: 0.000027 seconds.
  path: Assets/Asset/Prop/TX Tileset Grass_21.asset
  artifactKey: Guid(8924d3dbada0e664581688a8163b1e5e) Importer(2089858483,b0f066a214c2f5e87bad3c948f4d605d)
Start importing Assets/Asset/Prop/TX Tileset Grass_21.asset using Guid(8924d3dbada0e664581688a8163b1e5e) Importer(2089858483,b0f066a214c2f5e87bad3c948f4d605d) (ScriptedImporter) -> (artifact id: '71f934fe1ffb758cb54460ebed309259') in 0.0137086 seconds
Number of updated asset objects reloaded before import = 0Number of asset objects unloaded after import = 2

========================================================================
Received Import Request.
  Time since last request: 0.000019 seconds.
  path: Assets/Asset/Prop/TX Tileset Grass_5.asset
  artifactKey: Guid(1980372e9dabe8c4f93d358b4426e664) Importer(2089858483,b0f066a214c2f5e87bad3c948f4d605d)
Start importing Assets/Asset/Prop/TX Tileset Grass_5.asset using Guid(1980372e9dabe8c4f93d358b4426e664) Importer(2089858483,b0f066a214c2f5e87bad3c948f4d605d) (ScriptedImporter) -> (artifact id: 'cbcfa8d50c9e42162570fa42667deaa4') in 0.0132 seconds
Number of updated asset objects reloaded before import = 0Number of asset objects unloaded after import = 2

========================================================================
Received Import Request.
  Time since last request: 0.000021 seconds.
  path: Assets/Asset/Prop/TX Tileset Grass_16.asset
  artifactKey: Guid(9fb9280179c71bf48ad834e71569d9b6) Importer(2089858483,b0f066a214c2f5e87bad3c948f4d605d)
Start importing Assets/Asset/Prop/TX Tileset Grass_16.asset using Guid(9fb9280179c71bf48ad834e71569d9b6) Importer(2089858483,b0f066a214c2f5e87bad3c948f4d605d) (ScriptedImporter) -> (artifact id: 'c3181775142aeafe62c0d2e4eb8d91a6') in 0.0131744 seconds
Number of updated asset objects reloaded before import = 0Number of asset objects unloaded after import = 2

========================================================================
Received Import Request.
  Time since last request: 0.000019 seconds.
  path: Assets/Asset/Prop/TX Tileset Grass_2.asset
  artifactKey: Guid(078379299ec09334f8b152b3426d950f) Importer(2089858483,b0f066a214c2f5e87bad3c948f4d605d)
Start importing Assets/Asset/Prop/TX Tileset Grass_2.asset using Guid(078379299ec09334f8b152b3426d950f) Importer(2089858483,b0f066a214c2f5e87bad3c948f4d605d) (ScriptedImporter) -> (artifact id: 'a9e6d79ced161cf9eaafce327fd3b47d') in 0.0133259 seconds
Number of updated asset objects reloaded before import = 0Number of asset objects unloaded after import = 2

========================================================================
Received Import Request.
  Time since last request: 0.000023 seconds.
  path: Assets/Asset/Prop/TX Tileset Grass_49.asset
  artifactKey: Guid(244a560f17ef515418c123723dddfd99) Importer(2089858483,b0f066a214c2f5e87bad3c948f4d605d)
Start importing Assets/Asset/Prop/TX Tileset Grass_49.asset using Guid(244a560f17ef515418c123723dddfd99) Importer(2089858483,b0f066a214c2f5e87bad3c948f4d605d) (ScriptedImporter) -> (artifact id: '69302994cb7e30c551b68996aec639e7') in 0.0137039 seconds
Number of updated asset objects reloaded before import = 0Number of asset objects unloaded after import = 2

========================================================================
Received Import Request.
  Time since last request: 0.000021 seconds.
  path: Assets/Asset/Prop/TX Tileset Grass_11.asset
  artifactKey: Guid(7a419375abbefbf4490f944a61ada746) Importer(2089858483,b0f066a214c2f5e87bad3c948f4d605d)
Start importing Assets/Asset/Prop/TX Tileset Grass_11.asset using Guid(7a419375abbefbf4490f944a61ada746) Importer(2089858483,b0f066a214c2f5e87bad3c948f4d605d) (ScriptedImporter) -> (artifact id: '46feb53bb5e41f1f01b3b225266752e7') in 0.01527 seconds
Number of updated asset objects reloaded before import = 0Number of asset objects unloaded after import = 2

========================================================================
Received Import Request.
  Time since last request: 0.000064 seconds.
  path: Assets/Asset/Prop/TX Tileset Grass_60.asset
  artifactKey: Guid(13654045cdfd1cf4c902f1dbca003cba) Importer(2089858483,b0f066a214c2f5e87bad3c948f4d605d)
Start importing Assets/Asset/Prop/TX Tileset Grass_60.asset using Guid(13654045cdfd1cf4c902f1dbca003cba) Importer(2089858483,b0f066a214c2f5e87bad3c948f4d605d) (ScriptedImporter) -> (artifact id: '7e3aff6d4ebfa0d6e24b1a3cd97de84f') in 0.0132579 seconds
Number of updated asset objects reloaded before import = 0Number of asset objects unloaded after import = 2

========================================================================
Received Import Request.
  Time since last request: 0.000024 seconds.
  path: Assets/Asset/Prop/TX Tileset Grass_27.asset
  artifactKey: Guid(169ea356cec90e3439e6d808bb62da2a) Importer(2089858483,b0f066a214c2f5e87bad3c948f4d605d)
Start importing Assets/Asset/Prop/TX Tileset Grass_27.asset using Guid(169ea356cec90e3439e6d808bb62da2a) Importer(2089858483,b0f066a214c2f5e87bad3c948f4d605d) (ScriptedImporter) -> (artifact id: '6cc89fa0a3176e3e38f966d881a15b14') in 0.0137008 seconds
Number of updated asset objects reloaded before import = 0Number of asset objects unloaded after import = 2

========================================================================
Received Import Request.
  Time since last request: 0.000019 seconds.
  path: Assets/Asset/Prop/TX Tileset Grass_14.asset
  artifactKey: Guid(2144a90156542c747b2f0d173c600f77) Importer(2089858483,b0f066a214c2f5e87bad3c948f4d605d)
Start importing Assets/Asset/Prop/TX Tileset Grass_14.asset using Guid(2144a90156542c747b2f0d173c600f77) Importer(2089858483,b0f066a214c2f5e87bad3c948f4d605d) (ScriptedImporter) -> (artifact id: '7e189d7c3b512b028db20d4a26bbb5f4') in 0.0163103 seconds
Number of updated asset objects reloaded before import = 0Number of asset objects unloaded after import = 2

========================================================================
Received Import Request.
  Time since last request: 0.000021 seconds.
  path: Assets/Asset/Prop/TX Tileset Grass_43.asset
  artifactKey: Guid(be1bb5ba5ca829945830b92d0013bd2d) Importer(2089858483,b0f066a214c2f5e87bad3c948f4d605d)
Start importing Assets/Asset/Prop/TX Tileset Grass_43.asset using Guid(be1bb5ba5ca829945830b92d0013bd2d) Importer(2089858483,b0f066a214c2f5e87bad3c948f4d605d) (ScriptedImporter) -> (artifact id: '36db986a14ec844659214ce0343573d2') in 0.014805 seconds
Number of updated asset objects reloaded before import = 0Number of asset objects unloaded after import = 2

========================================================================
Received Import Request.
  Time since last request: 0.000023 seconds.
  path: Assets/Asset/Prop/TX Tileset Grass_13.asset
  artifactKey: Guid(f49dc8e39ada7c74daed526a1a13dde0) Importer(2089858483,b0f066a214c2f5e87bad3c948f4d605d)
Start importing Assets/Asset/Prop/TX Tileset Grass_13.asset using Guid(f49dc8e39ada7c74daed526a1a13dde0) Importer(2089858483,b0f066a214c2f5e87bad3c948f4d605d) (ScriptedImporter) -> (artifact id: 'd88a48e069b0e408aaee0e688be022f1') in 0.0137398 seconds
Number of updated asset objects reloaded before import = 0Number of asset objects unloaded after import = 2

========================================================================
Received Import Request.
  Time since last request: 0.000052 seconds.
  path: Assets/Asset/Prop/TX Tileset Wall.png
  artifactKey: Guid(8d0cae34ca2e5494b8dbc04bb4018330) Importer(2089858483,b0f066a214c2f5e87bad3c948f4d605d)
Start importing Assets/Asset/Prop/TX Tileset Wall.png using Guid(8d0cae34ca2e5494b8dbc04bb4018330) Importer(2089858483,b0f066a214c2f5e87bad3c948f4d605d) (ScriptedImporter) -> (artifact id: 'f806ccd8b48e8fdeaeedd027c04b9599') in 0.0312428 seconds
Number of updated asset objects reloaded before import = 0Number of asset objects unloaded after import = 12

========================================================================
Received Import Request.
  Time since last request: 0.000036 seconds.
  path: Assets/Asset/Prop/TX Tileset Grass_23.asset
  artifactKey: Guid(0ea8752b9fa866245a9dc3e4f62101c9) Importer(2089858483,b0f066a214c2f5e87bad3c948f4d605d)
Start importing Assets/Asset/Prop/TX Tileset Grass_23.asset using Guid(0ea8752b9fa866245a9dc3e4f62101c9) Importer(2089858483,b0f066a214c2f5e87bad3c948f4d605d) (ScriptedImporter) -> (artifact id: '1c8cc6bdeac32d791cb818c6d705c2c5') in 0.0132951 seconds
Number of updated asset objects reloaded before import = 0Number of asset objects unloaded after import = 2

========================================================================
Received Import Request.
  Time since last request: 0.000022 seconds.
  path: Assets/Asset/Prop/TX Tileset Grass_9.asset
  artifactKey: Guid(91eec9dbdf170d44eabec20aaabc8456) Importer(2089858483,b0f066a214c2f5e87bad3c948f4d605d)
Start importing Assets/Asset/Prop/TX Tileset Grass_9.asset using Guid(91eec9dbdf170d44eabec20aaabc8456) Importer(2089858483,b0f066a214c2f5e87bad3c948f4d605d) (ScriptedImporter) -> (artifact id: '080249ba8446cd774505b8d97e8e41ee') in 0.0156806 seconds
Number of updated asset objects reloaded before import = 0Number of asset objects unloaded after import = 2

========================================================================
Received Import Request.
  Time since last request: 0.000020 seconds.
  path: Assets/Asset/Prop/TX Tileset Grass_30.asset
  artifactKey: Guid(7891e7e372abce64182b366288aaeb37) Importer(2089858483,b0f066a214c2f5e87bad3c948f4d605d)
Start importing Assets/Asset/Prop/TX Tileset Grass_30.asset using Guid(7891e7e372abce64182b366288aaeb37) Importer(2089858483,b0f066a214c2f5e87bad3c948f4d605d) (ScriptedImporter) -> (artifact id: 'ac1725243c491a43e648bc9dafaa1ddf') in 0.0225491 seconds
Number of updated asset objects reloaded before import = 0Number of asset objects unloaded after import = 2

========================================================================
Received Import Request.
  Time since last request: 0.000019 seconds.
  path: Assets/Asset/Prop/TX Tileset Grass_20.asset
  artifactKey: Guid(756763289e1dec64c9def03fe0fe0e60) Importer(2089858483,b0f066a214c2f5e87bad3c948f4d605d)
Start importing Assets/Asset/Prop/TX Tileset Grass_20.asset using Guid(756763289e1dec64c9def03fe0fe0e60) Importer(2089858483,b0f066a214c2f5e87bad3c948f4d605d) (ScriptedImporter) -> (artifact id: 'ba6ba1e39d30beb0c2ce4291c6d91bf0') in 0.0139125 seconds
Number of updated asset objects reloaded before import = 0Number of asset objects unloaded after import = 2

========================================================================
Received Import Request.
  Time since last request: 0.000030 seconds.
  path: Assets/Asset/Prop/TX Tileset Grass_54.asset
  artifactKey: Guid(46278d17fcb9f1647806a5031d1633c2) Importer(2089858483,b0f066a214c2f5e87bad3c948f4d605d)
Start importing Assets/Asset/Prop/TX Tileset Grass_54.asset using Guid(46278d17fcb9f1647806a5031d1633c2) Importer(2089858483,b0f066a214c2f5e87bad3c948f4d605d) (ScriptedImporter) -> (artifact id: '249005cd0e81a31d2e42e7295b9922dc') in 0.0139759 seconds
Number of updated asset objects reloaded before import = 0Number of asset objects unloaded after import = 2

========================================================================
Received Import Request.
  Time since last request: 0.000028 seconds.
  path: Assets/Asset/Prop/TX Tileset Grass_38.asset
  artifactKey: Guid(08dfdbaf0fac93d47a8bf07398736e6d) Importer(2089858483,b0f066a214c2f5e87bad3c948f4d605d)
Start importing Assets/Asset/Prop/TX Tileset Grass_38.asset using Guid(08dfdbaf0fac93d47a8bf07398736e6d) Importer(2089858483,b0f066a214c2f5e87bad3c948f4d605d) (ScriptedImporter) -> (artifact id: '179e3170da569877307a8e21ad558bae') in 0.0130318 seconds
Number of updated asset objects reloaded before import = 0Number of asset objects unloaded after import = 2

========================================================================
Received Import Request.
  Time since last request: 0.575202 seconds.
  path: Assets/Asset/Foozle_2DS0015_Void_EnvironmentPack/Foozle_2DS0015_Void_EnvironmentPack/Asteroids/Aseprite
  artifactKey: Guid(0f11d061adb664e4dae1c2c1ec5049e7) Importer(2089858483,b0f066a214c2f5e87bad3c948f4d605d)
Start importing Assets/Asset/Foozle_2DS0015_Void_EnvironmentPack/Foozle_2DS0015_Void_EnvironmentPack/Asteroids/Aseprite using Guid(0f11d061adb664e4dae1c2c1ec5049e7) Importer(2089858483,b0f066a214c2f5e87bad3c948f4d605d) (ScriptedImporter) -> (artifact id: '9265fae7a13e05d17b9e8064a57b463f') in 0.014378 seconds
Number of updated asset objects reloaded before import = 0Number of asset objects unloaded after import = 1

========================================================================
Received Import Request.
  Time since last request: 0.000017 seconds.
  path: Assets/Asset/Foozle_2DS0015_Void_EnvironmentPack/Foozle_2DS0015_Void_EnvironmentPack/Planets/PNGs
  artifactKey: Guid(02fe723c3f894bc4c82a4df3c14c562d) Importer(2089858483,b0f066a214c2f5e87bad3c948f4d605d)
Start importing Assets/Asset/Foozle_2DS0015_Void_EnvironmentPack/Foozle_2DS0015_Void_EnvironmentPack/Planets/PNGs using Guid(02fe723c3f894bc4c82a4df3c14c562d) Importer(2089858483,b0f066a214c2f5e87bad3c948f4d605d) (ScriptedImporter) -> (artifact id: 'ed8525dccd86c7a723dea92829add086') in 0.0128191 seconds
Number of updated asset objects reloaded before import = 0Number of asset objects unloaded after import = 1

========================================================================
Received Import Request.
  Time since last request: 0.000017 seconds.
  path: Assets/Asset/Foozle_2DS0015_Void_EnvironmentPack/Foozle_2DS0015_Void_EnvironmentPack/Backgrounds/PNGs/Condesed
  artifactKey: Guid(dfbe3bce57d978245a35df3f5917118b) Importer(2089858483,b0f066a214c2f5e87bad3c948f4d605d)
Start importing Assets/Asset/Foozle_2DS0015_Void_EnvironmentPack/Foozle_2DS0015_Void_EnvironmentPack/Backgrounds/PNGs/Condesed using Guid(dfbe3bce57d978245a35df3f5917118b) Importer(2089858483,b0f066a214c2f5e87bad3c948f4d605d) (ScriptedImporter) -> (artifact id: '2b1f7b2c5577139ce263a3b017aad3fc') in 0.0110085 seconds
Number of updated asset objects reloaded before import = 0Number of asset objects unloaded after import = 1

========================================================================
Received Import Request.
  Time since last request: 0.000020 seconds.
  path: Assets/Asset/Foozle_2DS0015_Void_EnvironmentPack/Foozle_2DS0015_Void_EnvironmentPack/Effects/Aseprite/Asteroid - Flame.aseprite
  artifactKey: Guid(1a6d542f4f4917e4da038ab17ef15314) Importer(2089858483,b0f066a214c2f5e87bad3c948f4d605d)
Start importing Assets/Asset/Foozle_2DS0015_Void_EnvironmentPack/Foozle_2DS0015_Void_EnvironmentPack/Effects/Aseprite/Asteroid - Flame.aseprite using Guid(1a6d542f4f4917e4da038ab17ef15314) Importer(2089858483,b0f066a214c2f5e87bad3c948f4d605d) (ScriptedImporter) -> (artifact id: 'bc9f1231448b7c3bf4701258784b49c5') in 0.1013397 seconds
Number of updated asset objects reloaded before import = 0Number of asset objects unloaded after import = 14

========================================================================
Received Import Request.
  Time since last request: 0.000021 seconds.
  path: Assets/Asset/Foozle_2DS0015_Void_EnvironmentPack/Foozle_2DS0015_Void_EnvironmentPack/Backgrounds/PNGs/Split up/Starry background  - Layer 03 - Stars 2.png
  artifactKey: Guid(a038fa765b3c08741bf7a30e92f8b717) Importer(2089858483,b0f066a214c2f5e87bad3c948f4d605d)
Start importing Assets/Asset/Foozle_2DS0015_Void_EnvironmentPack/Foozle_2DS0015_Void_EnvironmentPack/Backgrounds/PNGs/Split up/Starry background  - Layer 03 - Stars 2.png using Guid(a038fa765b3c08741bf7a30e92f8b717) Importer(2089858483,b0f066a214c2f5e87bad3c948f4d605d) (ScriptedImporter) -> (artifact id: 'c8b3ec9c9d8e81d2fe6c5799fbcdfb44') in 0.1358326 seconds
Number of updated asset objects reloaded before import = 0Number of asset objects unloaded after import = 173

========================================================================
Received Import Request.
  Time since last request: 0.000032 seconds.
  path: Assets/Asset/Foozle_2DS0015_Void_EnvironmentPack/Foozle_2DS0015_Void_EnvironmentPack/Backgrounds/Aseprite/Starry background.aseprite
  artifactKey: Guid(eee717fffc070394daa2dba100568c29) Importer(2089858483,b0f066a214c2f5e87bad3c948f4d605d)
Start importing Assets/Asset/Foozle_2DS0015_Void_EnvironmentPack/Foozle_2DS0015_Void_EnvironmentPack/Backgrounds/Aseprite/Starry background.aseprite using Guid(eee717fffc070394daa2dba100568c29) Importer(2089858483,b0f066a214c2f5e87bad3c948f4d605d) (ScriptedImporter) -> (artifact id: '615619c0dd11597fac429f43c8227c64') in 0.0657291 seconds
Number of updated asset objects reloaded before import = 0Number of asset objects unloaded after import = 20

========================================================================
Received Import Request.
  Time since last request: 0.000021 seconds.
  path: Assets/Asset/Foozle_2DS0015_Void_EnvironmentPack/Foozle_2DS0015_Void_EnvironmentPack/Planets
  artifactKey: Guid(c95ce2bfe61857a46b7380f6f8a865fc) Importer(2089858483,b0f066a214c2f5e87bad3c948f4d605d)
Start importing Assets/Asset/Foozle_2DS0015_Void_EnvironmentPack/Foozle_2DS0015_Void_EnvironmentPack/Planets using Guid(c95ce2bfe61857a46b7380f6f8a865fc) Importer(2089858483,b0f066a214c2f5e87bad3c948f4d605d) (ScriptedImporter) -> (artifact id: '459b618352262bb81e92f62bff96440f') in 0.0112229 seconds
Number of updated asset objects reloaded before import = 0Number of asset objects unloaded after import = 1

========================================================================
Received Import Request.
  Time since last request: 0.000019 seconds.
  path: Assets/Asset/Foozle_2DS0015_Void_EnvironmentPack/Foozle_2DS0015_Void_EnvironmentPack/Backgrounds/PNGs/Split up/Starry background  - Layer 01 - Solid colour.png
  artifactKey: Guid(e2ce8e98a6b4e4643bc323372ac2b94f) Importer(2089858483,b0f066a214c2f5e87bad3c948f4d605d)
Start importing Assets/Asset/Foozle_2DS0015_Void_EnvironmentPack/Foozle_2DS0015_Void_EnvironmentPack/Backgrounds/PNGs/Split up/Starry background  - Layer 01 - Solid colour.png using Guid(e2ce8e98a6b4e4643bc323372ac2b94f) Importer(2089858483,b0f066a214c2f5e87bad3c948f4d605d) (ScriptedImporter) -> (artifact id: '413f1b151316191f86ee8d18201f0aed') in 0.025902 seconds
Number of updated asset objects reloaded before import = 0Number of asset objects unloaded after import = 3

========================================================================
Received Import Request.
  Time since last request: 4.738765 seconds.
  path: Assets/Tilesets/Wall
  artifactKey: Guid(f98f89561fcc1264b97944b90ff135b5) Importer(815301076,1909f56bfc062723c751e8b465ee728b)
Start importing Assets/Tilesets/Wall using Guid(f98f89561fcc1264b97944b90ff135b5) Importer(815301076,1909f56bfc062723c751e8b465ee728b) (PreviewImporter) -> (artifact id: '4b4415909489fb64e78c754cdcfcf669') in 0.0005835 seconds
Number of updated asset objects reloaded before import = 0Number of asset objects unloaded after import = 0

========================================================================
Received Import Request.
  Time since last request: 12.747019 seconds.
  path: Assets/Tilesets/Floor
  artifactKey: Guid(13f76dfbe101f954a9e280ed6b9c98ae) Importer(815301076,1909f56bfc062723c751e8b465ee728b)
Start importing Assets/Tilesets/Floor using Guid(13f76dfbe101f954a9e280ed6b9c98ae) Importer(815301076,1909f56bfc062723c751e8b465ee728b) (PreviewImporter) -> (artifact id: '93ed42e38f175997599f8ce4fa3c81ec') in 0.0006024 seconds
Number of updated asset objects reloaded before import = 0Number of asset objects unloaded after import = 0

========================================================================
Received Import Request.
  Time since last request: 6.541351 seconds.
  path: Assets/Asset/fantasy_ [version 2.0]
  artifactKey: Guid(5829249d3437cb640a6c04029153adc7) Importer(815301076,1909f56bfc062723c751e8b465ee728b)
Start importing Assets/Asset/fantasy_ [version 2.0] using Guid(5829249d3437cb640a6c04029153adc7) Importer(815301076,1909f56bfc062723c751e8b465ee728b) (PreviewImporter) -> (artifact id: '16a6a34abc5adbc1350ca39d2dae0c93') in 0.0006978 seconds
Number of updated asset objects reloaded before import = 0Number of asset objects unloaded after import = 0

========================================================================
Received Import Request.
  Time since last request: 0.678238 seconds.
  path: Assets/Asset/fantasy_ [version 2.0]/desert_
  artifactKey: Guid(633c5920245c20047b8b1c3626b4c1a8) Importer(815301076,1909f56bfc062723c751e8b465ee728b)
Start importing Assets/Asset/fantasy_ [version 2.0]/desert_ using Guid(633c5920245c20047b8b1c3626b4c1a8) Importer(815301076,1909f56bfc062723c751e8b465ee728b) (PreviewImporter) -> (artifact id: '8d35d69701fda80d55b3fe71881d6801') in 0.0005835 seconds
Number of updated asset objects reloaded before import = 0Number of asset objects unloaded after import = 0

========================================================================
Received Import Request.
  Time since last request: 0.344789 seconds.
  path: Assets/Asset/fantasy_ [version 2.0]/cave_
  artifactKey: Guid(7fb89d1b4c8c8f041ad8ecfbd2ed8858) Importer(815301076,1909f56bfc062723c751e8b465ee728b)
Start importing Assets/Asset/fantasy_ [version 2.0]/cave_ using Guid(7fb89d1b4c8c8f041ad8ecfbd2ed8858) Importer(815301076,1909f56bfc062723c751e8b465ee728b) (PreviewImporter) -> (artifact id: '75fb1c309b06570e96d62918c4156e82') in 0.0005361 seconds
Number of updated asset objects reloaded before import = 0Number of asset objects unloaded after import = 0

========================================================================
Received Import Request.
  Time since last request: 2.389639 seconds.
  path: Assets/Asset/fantasy_ [version 2.0]/desert_/Floor
  artifactKey: Guid(b4aa7567deda96441a3feef129198bee) Importer(815301076,1909f56bfc062723c751e8b465ee728b)
Start importing Assets/Asset/fantasy_ [version 2.0]/desert_/Floor using Guid(b4aa7567deda96441a3feef129198bee) Importer(815301076,1909f56bfc062723c751e8b465ee728b) (PreviewImporter) -> (artifact id: '218e2a27dd58ce8f07883a259436b81c') in 0.0006215 seconds
Number of updated asset objects reloaded before import = 0Number of asset objects unloaded after import = 0

========================================================================
Received Import Request.
  Time since last request: 14.264451 seconds.
  path: Assets/Tilesets/Interior/Elements.png
  artifactKey: Guid(673981849284f3d478812c3c00bd4639) Importer(815301076,1909f56bfc062723c751e8b465ee728b)
Start importing Assets/Tilesets/Interior/Elements.png using Guid(673981849284f3d478812c3c00bd4639) Importer(815301076,1909f56bfc062723c751e8b465ee728b) (PreviewImporter) -> (artifact id: '3eb834e1aa1598bae0c9f942d8b374d9') in 0.0387918 seconds
Number of updated asset objects reloaded before import = 0Number of asset objects unloaded after import = 8

========================================================================
Received Import Request.
  Time since last request: 0.000027 seconds.
  path: Assets/Tilesets/Interior/TilesetRelief_53.asset
  artifactKey: Guid(494aeaf7eda02bc4ab6fe0fba7940488) Importer(815301076,1909f56bfc062723c751e8b465ee728b)
Start importing Assets/Tilesets/Interior/TilesetRelief_53.asset using Guid(494aeaf7eda02bc4ab6fe0fba7940488) Importer(815301076,1909f56bfc062723c751e8b465ee728b) (PreviewImporter) -> (artifact id: '74df95908ed25df1dfbb564d690e11b1') in 0.0175783 seconds
Number of updated asset objects reloaded before import = 0Number of asset objects unloaded after import = 3

========================================================================
Received Import Request.
  Time since last request: 0.000029 seconds.
  path: Assets/Tilesets/Interior/TilesetRelief_61.asset
  artifactKey: Guid(3e29bca1e8d35ab4986993ced3593f19) Importer(815301076,1909f56bfc062723c751e8b465ee728b)
Start importing Assets/Tilesets/Interior/TilesetRelief_61.asset using Guid(3e29bca1e8d35ab4986993ced3593f19) Importer(815301076,1909f56bfc062723c751e8b465ee728b) (PreviewImporter) -> (artifact id: 'b3ac1f237075802c794f6dbcc05baa3f') in 0.0145401 seconds
Number of updated asset objects reloaded before import = 0Number of asset objects unloaded after import = 3

========================================================================
Received Import Request.
  Time since last request: 0.000029 seconds.
  path: Assets/Tilesets/Interior/TilesetRelief_60.asset
  artifactKey: Guid(8e6cc72580bda5347a3b2ec49f6d748b) Importer(815301076,1909f56bfc062723c751e8b465ee728b)
Start importing Assets/Tilesets/Interior/TilesetRelief_60.asset using Guid(8e6cc72580bda5347a3b2ec49f6d748b) Importer(815301076,1909f56bfc062723c751e8b465ee728b) (PreviewImporter) -> (artifact id: '6a0ccedc28cdd0c765a2f7b840627672') in 0.0126702 seconds
Number of updated asset objects reloaded before import = 0Number of asset objects unloaded after import = 3

========================================================================
Received Import Request.
  Time since last request: 0.000023 seconds.
  path: Assets/Tilesets/Interior/TilesetRelief_79.asset
  artifactKey: Guid(a0c85af974a7ba24fa00150492c54c33) Importer(815301076,1909f56bfc062723c751e8b465ee728b)
Start importing Assets/Tilesets/Interior/TilesetRelief_79.asset using Guid(a0c85af974a7ba24fa00150492c54c33) Importer(815301076,1909f56bfc062723c751e8b465ee728b) (PreviewImporter) -> (artifact id: '5e6cfda844b5ecb2a4349e4669508078') in 0.0129365 seconds
Number of updated asset objects reloaded before import = 0Number of asset objects unloaded after import = 3

========================================================================
Received Import Request.
  Time since last request: 0.000021 seconds.
  path: Assets/Tilesets/Interior/TilesetRelief_69.asset
  artifactKey: Guid(2ce8bac1e2df17346b5089ff24377734) Importer(815301076,1909f56bfc062723c751e8b465ee728b)
Start importing Assets/Tilesets/Interior/TilesetRelief_69.asset using Guid(2ce8bac1e2df17346b5089ff24377734) Importer(815301076,1909f56bfc062723c751e8b465ee728b) (PreviewImporter) -> (artifact id: '8216e102d21eaf60b3396a5647ae831f') in 0.0180277 seconds
Number of updated asset objects reloaded before import = 0Number of asset objects unloaded after import = 3

========================================================================
Received Import Request.
  Time since last request: 0.000020 seconds.
  path: Assets/Tilesets/Interior/TilesetRelief_80.asset
  artifactKey: Guid(a11cab62b3d8ec0479923aad69c75d95) Importer(815301076,1909f56bfc062723c751e8b465ee728b)
Start importing Assets/Tilesets/Interior/TilesetRelief_80.asset using Guid(a11cab62b3d8ec0479923aad69c75d95) Importer(815301076,1909f56bfc062723c751e8b465ee728b) (PreviewImporter) -> (artifact id: '66194865b092901ce578b127ccc97712') in 0.0163867 seconds
Number of updated asset objects reloaded before import = 0Number of asset objects unloaded after import = 3

========================================================================
Received Import Request.
  Time since last request: 0.000021 seconds.
  path: Assets/Tilesets/Interior/TilesetRelief_72.asset
  artifactKey: Guid(cc76ca7389c89514d8bd88c9cd0a2374) Importer(815301076,1909f56bfc062723c751e8b465ee728b)
Start importing Assets/Tilesets/Interior/TilesetRelief_72.asset using Guid(cc76ca7389c89514d8bd88c9cd0a2374) Importer(815301076,1909f56bfc062723c751e8b465ee728b) (PreviewImporter) -> (artifact id: '5f7c41b902d9f538f38e10106604f4f0') in 0.0232501 seconds
Number of updated asset objects reloaded before import = 0Number of asset objects unloaded after import = 3

========================================================================
Received Import Request.
  Time since last request: 0.000023 seconds.
  path: Assets/Tilesets/Interior/TilesetRelief_83.asset
  artifactKey: Guid(654a152d418011f47aa70929c396886d) Importer(815301076,1909f56bfc062723c751e8b465ee728b)
Start importing Assets/Tilesets/Interior/TilesetRelief_83.asset using Guid(654a152d418011f47aa70929c396886d) Importer(815301076,1909f56bfc062723c751e8b465ee728b) (PreviewImporter) -> (artifact id: 'e9967880969122baf1e539711d4b44a4') in 0.0404723 seconds
Number of updated asset objects reloaded before import = 0Number of asset objects unloaded after import = 3

========================================================================
Received Import Request.
  Time since last request: 0.000032 seconds.
  path: Assets/Tilesets/Interior/TilesetRelief_63.asset
  artifactKey: Guid(02c509734c5e8534f8fe0ae1ae537342) Importer(815301076,1909f56bfc062723c751e8b465ee728b)
Start importing Assets/Tilesets/Interior/TilesetRelief_63.asset using Guid(02c509734c5e8534f8fe0ae1ae537342) Importer(815301076,1909f56bfc062723c751e8b465ee728b) (PreviewImporter) -> (artifact id: '1208585230e444a5540bb97d7f16d4bf') in 0.0134049 seconds
Number of updated asset objects reloaded before import = 0Number of asset objects unloaded after import = 3

========================================================================
Received Import Request.
  Time since last request: 0.000023 seconds.
  path: Assets/Tilesets/Interior/TilesetRelief_56.asset
  artifactKey: Guid(eeb482cdf816d4f4292afb67f418c4a4) Importer(815301076,1909f56bfc062723c751e8b465ee728b)
Start importing Assets/Tilesets/Interior/TilesetRelief_56.asset using Guid(eeb482cdf816d4f4292afb67f418c4a4) Importer(815301076,1909f56bfc062723c751e8b465ee728b) (PreviewImporter) -> (artifact id: 'c23bca8c9f5998992f79b662104e0bbc') in 0.0135113 seconds
Number of updated asset objects reloaded before import = 0Number of asset objects unloaded after import = 3

========================================================================
Received Import Request.
  Time since last request: 0.892026 seconds.
  path: Assets/Tilesets/Box/BoxPallette.prefab
  artifactKey: Guid(430d60d314fc5974bbc6c8433dbddc71) Importer(815301076,1909f56bfc062723c751e8b465ee728b)
Start importing Assets/Tilesets/Box/BoxPallette.prefab using Guid(430d60d314fc5974bbc6c8433dbddc71) Importer(815301076,1909f56bfc062723c751e8b465ee728b) (PreviewImporter) -> (artifact id: '4f6f008bf30b9bd29a80750e52910088') in 0.086784 seconds
Number of updated asset objects reloaded before import = 0Number of asset objects unloaded after import = 25

========================================================================
Received Import Request.
  Time since last request: 0.000024 seconds.
  path: Assets/Tilesets/Box/forest__16.asset
  artifactKey: Guid(b1a3ccfaca18fde4eb77f047a08f4ac4) Importer(815301076,1909f56bfc062723c751e8b465ee728b)
Start importing Assets/Tilesets/Box/forest__16.asset using Guid(b1a3ccfaca18fde4eb77f047a08f4ac4) Importer(815301076,1909f56bfc062723c751e8b465ee728b) (PreviewImporter) -> (artifact id: '0d23a8e6770cd63516cfc49457bf4edd') in 0.0146291 seconds
Number of updated asset objects reloaded before import = 0Number of asset objects unloaded after import = 3

========================================================================
Received Import Request.
  Time since last request: 0.000029 seconds.
  path: Assets/Tilesets/Box/forest__24.asset
  artifactKey: Guid(a908f80fad3626b4d818e8b9fb5ddf6a) Importer(815301076,1909f56bfc062723c751e8b465ee728b)
Start importing Assets/Tilesets/Box/forest__24.asset using Guid(a908f80fad3626b4d818e8b9fb5ddf6a) Importer(815301076,1909f56bfc062723c751e8b465ee728b) (PreviewImporter) -> (artifact id: 'ace9a1e9d2d84ce1546b15b9c1ec278a') in 0.013504 seconds
Number of updated asset objects reloaded before import = 0Number of asset objects unloaded after import = 3

========================================================================
Received Import Request.
  Time since last request: 0.000026 seconds.
  path: Assets/Tilesets/Box/forest__20.asset
  artifactKey: Guid(5b2b7df7e1bec4a40b9af1460125b155) Importer(815301076,1909f56bfc062723c751e8b465ee728b)
Start importing Assets/Tilesets/Box/forest__20.asset using Guid(5b2b7df7e1bec4a40b9af1460125b155) Importer(815301076,1909f56bfc062723c751e8b465ee728b) (PreviewImporter) -> (artifact id: '8b897be78d98ad460edef37ef72f8a34') in 0.0123321 seconds
Number of updated asset objects reloaded before import = 0Number of asset objects unloaded after import = 3

========================================================================
Received Import Request.
  Time since last request: 0.000019 seconds.
  path: Assets/Tilesets/Box/forest__38.asset
  artifactKey: Guid(d1117dc8d189a3c4696eeb0bcc9320b8) Importer(815301076,1909f56bfc062723c751e8b465ee728b)
Start importing Assets/Tilesets/Box/forest__38.asset using Guid(d1117dc8d189a3c4696eeb0bcc9320b8) Importer(815301076,1909f56bfc062723c751e8b465ee728b) (PreviewImporter) -> (artifact id: '46a821420b7b52f2e1804b9edfc60623') in 0.0134053 seconds
Number of updated asset objects reloaded before import = 0Number of asset objects unloaded after import = 3

========================================================================
Received Import Request.
  Time since last request: 0.000022 seconds.
  path: Assets/Tilesets/Box/forest__31.asset
  artifactKey: Guid(c4f3d1cc24c2af64d8a33e2cea934e0e) Importer(815301076,1909f56bfc062723c751e8b465ee728b)
Start importing Assets/Tilesets/Box/forest__31.asset using Guid(c4f3d1cc24c2af64d8a33e2cea934e0e) Importer(815301076,1909f56bfc062723c751e8b465ee728b) (PreviewImporter) -> (artifact id: 'eff0c5f270eaa9bedbcf3917cbf3c184') in 0.0146812 seconds
Number of updated asset objects reloaded before import = 0Number of asset objects unloaded after import = 3

========================================================================
Received Import Request.
  Time since last request: 0.000023 seconds.
  path: Assets/Tilesets/Box/forest__15.asset
  artifactKey: Guid(c90d9750b0f68a1408571d6daae7c3a0) Importer(815301076,1909f56bfc062723c751e8b465ee728b)
Start importing Assets/Tilesets/Box/forest__15.asset using Guid(c90d9750b0f68a1408571d6daae7c3a0) Importer(815301076,1909f56bfc062723c751e8b465ee728b) (PreviewImporter) -> (artifact id: '85f1aa3600e6f87d6a3366bfc96ef3c6') in 0.0144262 seconds
Number of updated asset objects reloaded before import = 0Number of asset objects unloaded after import = 3

========================================================================
Received Import Request.
  Time since last request: 0.000026 seconds.
  path: Assets/Tilesets/Box/forest__23.asset
  artifactKey: Guid(d826287424b01b849909ce80a45b814c) Importer(815301076,1909f56bfc062723c751e8b465ee728b)
Start importing Assets/Tilesets/Box/forest__23.asset using Guid(d826287424b01b849909ce80a45b814c) Importer(815301076,1909f56bfc062723c751e8b465ee728b) (PreviewImporter) -> (artifact id: '09ea227dacab245c2e428b6deee9ca57') in 0.019775 seconds
Number of updated asset objects reloaded before import = 0Number of asset objects unloaded after import = 3

========================================================================
Received Import Request.
  Time since last request: 0.000034 seconds.
  path: Assets/Tilesets/Box/forest__41.asset
  artifactKey: Guid(086219dc95045f641895d60472fb7947) Importer(815301076,1909f56bfc062723c751e8b465ee728b)
Start importing Assets/Tilesets/Box/forest__41.asset using Guid(086219dc95045f641895d60472fb7947) Importer(815301076,1909f56bfc062723c751e8b465ee728b) (PreviewImporter) -> (artifact id: 'e76991a8530ef76e069d41f86f972e7e') in 0.0136203 seconds
Number of updated asset objects reloaded before import = 0Number of asset objects unloaded after import = 3

========================================================================
Received Import Request.
  Time since last request: 0.000039 seconds.
  path: Assets/Tilesets/Box/forest__9.asset
  artifactKey: Guid(7ead698757b30db4ea5a404e2e9789ac) Importer(815301076,1909f56bfc062723c751e8b465ee728b)
Start importing Assets/Tilesets/Box/forest__9.asset using Guid(7ead698757b30db4ea5a404e2e9789ac) Importer(815301076,1909f56bfc062723c751e8b465ee728b) (PreviewImporter) -> (artifact id: '9bee2a20417cfc61c562e878a5fc7038') in 0.0129545 seconds
Number of updated asset objects reloaded before import = 0Number of asset objects unloaded after import = 3

========================================================================
Received Import Request.
  Time since last request: 130.935346 seconds.
  path: Assets/BoxViews
  artifactKey: Guid(40f836064d32f7f4184d0543db0bb511) Importer(2089858483,b0f066a214c2f5e87bad3c948f4d605d)
Start importing Assets/BoxViews using Guid(40f836064d32f7f4184d0543db0bb511) Importer(2089858483,b0f066a214c2f5e87bad3c948f4d605d) (ScriptedImporter) -> (artifact id: 'a5eaf055fb84ffaa8c219d81ee4b19f9') in 0.0132127 seconds
Number of updated asset objects reloaded before import = 0Number of asset objects unloaded after import = 1

========================================================================
Received Import Request.
  Time since last request: 0.000027 seconds.
  path: Assets/BoxViews/Mat_Sub3.renderTexture
  artifactKey: Guid(643b4107f4bb58c4d8b963aa9468dd7f) Importer(2089858483,b0f066a214c2f5e87bad3c948f4d605d)
Start importing Assets/BoxViews/Mat_Sub3.renderTexture using Guid(643b4107f4bb58c4d8b963aa9468dd7f) Importer(2089858483,b0f066a214c2f5e87bad3c948f4d605d) (ScriptedImporter) -> (artifact id: 'ab439b1297280d3d79012e64d1f72589') in 0.0170204 seconds
Number of updated asset objects reloaded before import = 0Number of asset objects unloaded after import = 1

========================================================================
Received Import Request.
  Time since last request: 0.000019 seconds.
  path: Assets/BoxViews/Subworld_View_1.renderTexture
  artifactKey: Guid(376da893640eefb468ab4723902fc84e) Importer(2089858483,b0f066a214c2f5e87bad3c948f4d605d)
Start importing Assets/BoxViews/Subworld_View_1.renderTexture using Guid(376da893640eefb468ab4723902fc84e) Importer(2089858483,b0f066a214c2f5e87bad3c948f4d605d) (ScriptedImporter) -> (artifact id: 'ca7704a574e86b4c332d773010e27280') in 0.0147544 seconds
Number of updated asset objects reloaded before import = 0Number of asset objects unloaded after import = 1

========================================================================
Received Import Request.
  Time since last request: 0.000028 seconds.
  path: Assets/BoxViews/SubView3.mat
  artifactKey: Guid(f58203252a2c8e943b714d6e16498223) Importer(2089858483,b0f066a214c2f5e87bad3c948f4d605d)
Start importing Assets/BoxViews/SubView3.mat using Guid(f58203252a2c8e943b714d6e16498223) Importer(2089858483,b0f066a214c2f5e87bad3c948f4d605d) (ScriptedImporter) -> (artifact id: '3c3f74bdf34bfaf88653b364129b9ed9') in 0.0134764 seconds
Number of updated asset objects reloaded before import = 0Number of asset objects unloaded after import = 2

========================================================================
Received Import Request.
  Time since last request: 28.520301 seconds.
  path: Assets/SubworldBox/Mat_Sub4.mat
  artifactKey: Guid(e9967120dd52a0840a8326ab036298e0) Importer(2089858483,b0f066a214c2f5e87bad3c948f4d605d)
Start importing Assets/SubworldBox/Mat_Sub4.mat using Guid(e9967120dd52a0840a8326ab036298e0) Importer(2089858483,b0f066a214c2f5e87bad3c948f4d605d) (ScriptedImporter) -> (artifact id: '1b3e34877137aa48d257b598d5e1901d') in 0.0164301 seconds
Number of updated asset objects reloaded before import = 0Number of asset objects unloaded after import = 2

========================================================================
Received Import Request.
  Time since last request: 0.000032 seconds.
  path: Assets/SubworldBox/Mat_Sub3.renderTexture
  artifactKey: Guid(643b4107f4bb58c4d8b963aa9468dd7f) Importer(2089858483,b0f066a214c2f5e87bad3c948f4d605d)
Start importing Assets/SubworldBox/Mat_Sub3.renderTexture using Guid(643b4107f4bb58c4d8b963aa9468dd7f) Importer(2089858483,b0f066a214c2f5e87bad3c948f4d605d) (ScriptedImporter) -> (artifact id: 'de736be2817db338593cfba6e8e5806f') in 0.012237 seconds
Number of updated asset objects reloaded before import = 0Number of asset objects unloaded after import = 1

========================================================================
Received Import Request.
  Time since last request: 0.000021 seconds.
  path: Assets/SubworldBox/SubView3.mat
  artifactKey: Guid(f58203252a2c8e943b714d6e16498223) Importer(2089858483,b0f066a214c2f5e87bad3c948f4d605d)
Start importing Assets/SubworldBox/SubView3.mat using Guid(f58203252a2c8e943b714d6e16498223) Importer(2089858483,b0f066a214c2f5e87bad3c948f4d605d) (ScriptedImporter) -> (artifact id: 'ad14bb49f9b841c7e5cdbcbc921a354b') in 0.0126458 seconds
Number of updated asset objects reloaded before import = 0Number of asset objects unloaded after import = 2

Editor requested this worker to shutdown with reason: Scaling down because of idle timeout
AssetImportWorkerClient::OnTransportError - code=2 error=End of file
AssetImportWorker is now disconnected from the server
Process exiting
Exiting without the bug reporter. Application will terminate with return code 0