[Licensing::Module] Trying to connect to existing licensing client channel...
Built from '6000.3/respin/6000.3.1f1-f56f53296c2c' branch; Version is '6000.3.1f1 (37142da19a94) revision 3609645'; Using compiler version '194234433'; Build Type 'Release'
[Licensing::IpcConnector] Successfully connected to: "LicenseClient-user" at "2026-04-09T02:47:54.9546338Z"
OS: 'Windows 11  (10.0.26200) 64bit CoreSingleLanguage' Language: 'en' Physical Memory: 16155 MB
BatchMode: 1, IsHumanControllingUs: 0, StartBugReporterOnCrash: 0, Is64bit: 1
Date: 2026-04-09T02:47:54Z

COMMAND LINE ARGUMENTS:
C:\Program Files\Unity\Hub\Editor\6000.3.1f1\Editor\Unity.exe
-adb2
-batchMode
-noUpm
-name
AssetImportWorker4
-projectPath
C:/UWU/fight/SolarParadox
-logFile
Logs/AssetImportWorker4.log
-srvPort
64170
-licensingIpc
LicenseClient-user
-job-worker-count
7
-background-job-worker-count
8
-gc-helper-count
1
-name
AssetImport
Successfully changed project path to: C:/UWU/fight/SolarParadox
C:/UWU/fight/SolarParadox
[UnityMemory] Configuration Parameters - Can be set up in boot.config
    "memorysetup-temp-allocator-size-nav-mesh-worker=65536"
    "memorysetup-temp-allocator-size-audio-worker=65536"
    "memorysetup-temp-allocator-size-gfx=262144"
    "memorysetup-allocator-temp-initial-block-size-main=262144"
    "memorysetup-allocator-temp-initial-block-size-worker=262144"
    "memorysetup-temp-allocator-size-background-worker=32768"
    "memorysetup-temp-allocator-size-job-worker=262144"
    "memorysetup-temp-allocator-size-preload-manager=33554432"
    "memorysetup-temp-allocator-size-gi-baking-worker=262144"
    "memorysetup-temp-allocator-size-gi-baking-worker=262144"
    "memorysetup-temp-allocator-size-gi-baking-worker=262144"
    "memorysetup-temp-allocator-size-gi-baking-worker=262144"
    "memorysetup-temp-allocator-size-gi-baking-worker=262144"
    "memorysetup-bucket-allocator-granularity=16"
    "memorysetup-bucket-allocator-bucket-count=8"
    "memorysetup-bucket-allocator-block-size=33554432"
    "memorysetup-bucket-allocator-block-count=8"
    "memorysetup-main-allocator-block-size=16777216"
    "memorysetup-thread-allocator-block-size=16777216"
    "memorysetup-gfx-main-allocator-block-size=16777216"
    "memorysetup-gfx-thread-allocator-block-size=16777216"
    "memorysetup-cache-allocator-block-size=4194304"
    "memorysetup-typetree-allocator-block-size=2097152"
    "memorysetup-profiler-bucket-allocator-granularity=16"
    "memorysetup-profiler-bucket-allocator-bucket-count=8"
    "memorysetup-profiler-bucket-allocator-block-size=33554432"
    "memorysetup-profiler-bucket-allocator-block-count=8"
    "memorysetup-profiler-allocator-block-size=16777216"
    "memorysetup-profiler-editor-allocator-block-size=1048576"
    "memorysetup-temp-allocator-size-main=16777216"
    "memorysetup-job-temp-allocator-block-size=2097152"
    "memorysetup-job-temp-allocator-block-size-background=1048576"
    "memorysetup-job-temp-allocator-reduction-small-platforms=262144"
    "memorysetup-temp-allocator-size-cloud-worker=32768"
Player connection [23328]  Target information:

Player connection [23328]  * "[IP] 25.30.185.231 [Port] 0 [Flags] 2 [Guid] 1994177554 [EditorId] 1994177554 [Version] 1048832 [Id] WindowsEditor(7,MSI) [Debug] 1 [PackageName] WindowsEditor [ProjectName] Editor" 

Player connection [23328]  * "[IP] 192.168.1.109 [Port] 0 [Flags] 2 [Guid] 1994177554 [EditorId] 1994177554 [Version] 1048832 [Id] WindowsEditor(7,MSI) [Debug] 1 [PackageName] WindowsEditor [ProjectName] Editor" 

Player connection [23328]  * "[IP] 26.214.68.58 [Port] 0 [Flags] 2 [Guid] 1994177554 [EditorId] 1994177554 [Version] 1048832 [Id] WindowsEditor(7,MSI) [Debug] 1 [PackageName] WindowsEditor [ProjectName] Editor" 

Player connection [23328]  * "[IP] 192.168.56.1 [Port] 0 [Flags] 2 [Guid] 1994177554 [EditorId] 1994177554 [Version] 1048832 [Id] WindowsEditor(7,MSI) [Debug] 1 [PackageName] WindowsEditor [ProjectName] Editor" 

Player connection [23328] Host joined multi-casting on [225.0.0.222:54997]...
Player connection [23328] Host joined alternative multi-casting on [225.0.0.222:34997]...
JobSystem: Creating JobQueue using job-worker-count value 7
Input System module state changed to: Initialized.
[Physics::Module] Initialized fallback backend.
[Physics::Module] Id: 0xdecafbad
Library Redirect Path: Library/
[Physics::Module] Selected backend.
[Physics::Module] Name: PhysX
[Physics::Module] Id: 0xf2b8ea05
[Physics::Module] SDK Version: 4.1.2
[Physics::Module] Integration Version: 1.0.0
[Physics::Module] Threading Mode: Multi-Threaded
Refreshing native plugins compatible for Editor in 2.94 ms, found 4 plugins.
Preloading 0 native plugins for Editor in 0.00 ms.
Initialize engine version: 6000.3.1f1 (37142da19a94)
[Subsystems] Discovering subsystems at path C:/Program Files/Unity/Hub/Editor/6000.3.1f1/Editor/Data/Resources/UnitySubsystems
[Subsystems] Discovering subsystems at path C:/UWU/fight/SolarParadox/Assets
GfxDevice: creating device client; kGfxThreadingModeNonThreaded
Direct3D:
    Version:  Direct3D 11.0 [level 11.1]
    Renderer: NVIDIA GeForce RTX 4070 Laptop GPU (ID=0x2820)
    Vendor:   NVIDIA
    VRAM:     7948 MB
    Driver:   32.0.15.6614
Initialize mono
Mono path[0] = 'C:/Program Files/Unity/Hub/Editor/6000.3.1f1/Editor/Data/Managed'
Mono path[1] = 'C:/Program Files/Unity/Hub/Editor/6000.3.1f1/Editor/Data/MonoBleedingEdge/lib/mono/unityjit-win32'
Mono config path = 'C:/Program Files/Unity/Hub/Editor/6000.3.1f1/Editor/Data/MonoBleedingEdge/etc'
Using monoOptions --debugger-agent=transport=dt_socket,embedding=1,server=y,suspend=n,address=127.0.0.1:56300
Begin MonoManager ReloadAssembly
Registering precompiled unity dll's ...
Register platform support module: C:/Program Files/Unity/Hub/Editor/6000.3.1f1/Editor/Data/PlaybackEngines/WebGLSupport/UnityEditor.WebGL.Extensions.dll
Register platform support module: C:/Program Files/Unity/Hub/Editor/6000.3.1f1/Editor/Data/PlaybackEngines/WindowsStandaloneSupport/UnityEditor.WindowsStandalone.Extensions.dll
Registered in 0.001951 seconds.
- Loaded All Assemblies, in  0.384 seconds
Native extension for WindowsStandalone target not found
Native extension for WebGL target not found
Mono: successfully reloaded assembly
- Finished resetting the current domain, in  0.374 seconds
Domain Reload Profiling: 755ms
	BeginReloadAssembly (121ms)
		ExecutionOrderSort (0ms)
		DisableScriptedObjects (0ms)
		BackupInstance (0ms)
		ReleaseScriptingObjects (0ms)
		CreateAndSetChildDomain (1ms)
	RebuildCommonClasses (35ms)
	RebuildNativeTypeToScriptingClass (11ms)
	initialDomainReloadingComplete (47ms)
	LoadAllAssembliesAndSetupDomain (167ms)
		LoadAssemblies (118ms)
		RebuildTransferFunctionScriptingTraits (0ms)
		AnalyzeDomain (163ms)
			TypeCache.Refresh (161ms)
				TypeCache.ScanAssembly (148ms)
			BuildScriptInfoCaches (0ms)
			ResolveRequiredComponents (0ms)
	FinalizeReload (374ms)
		ReleaseScriptCaches (0ms)
		RebuildScriptCaches (0ms)
		SetupLoadedEditorAssemblies (333ms)
			LogAssemblyErrors (0ms)
			InitializePlatformSupportModulesInManaged (50ms)
			SetLoadedEditorAssemblies (3ms)
			BeforeProcessingInitializeOnLoad (75ms)
			ProcessInitializeOnLoadAttributes (137ms)
			ProcessInitializeOnLoadMethodAttributes (68ms)
			AfterProcessingInitializeOnLoad (0ms)
			EditorAssembliesLoaded (0ms)
		ExecutionOrderSort2 (0ms)
		AwakeInstancesAfterBackupRestoration (0ms)
========================================================================
Worker process is ready to serve import requests
Import Worker Mode flag is 0x00
Begin MonoManager ReloadAssembly
[Licensing::Module] Licensing is not yet initialized.
[Licensing::Client] Handshaking with LicensingClient:
  Version:                 1.17.4+4293ba1
  Session Id:              9e9bd5c59d1e499cbc7f36d17c98620d
  Correlation Id:          01ffa4e27a6eb73f5df42a35b97ea187
  External correlation Id: 9044287575576088048
  Machine Id:              VYIVznokh63VNt0B3YA2QorE2k8=
[Licensing::Module] Successfully connected to LicensingClient on channel: "LicenseClient-user" (connect: 0.00s, validation: 0.00s, handshake: 1.83s)
[Licensing::IpcConnector] Successfully connected to: "LicenseClient-user-notifications" at "2026-04-09T02:47:56.783395Z"
[Licensing::Module] Licensing Background thread has ended after 1.83s
[Licensing::Module] Licensing is initialized (took 0.27s).
[Licensing::Client] Successfully resolved entitlement details
[Licensing::Module] License group:
  Id: 18968359269172-UnityPersXXXX
  Product: Unity Personal
  Type: Assigned
  Expiration: Unlimited
- Loaded All Assemblies, in  0.929 seconds
Refreshing native plugins compatible for Editor in 1.26 ms, found 4 plugins.
Native extension for WindowsStandalone target not found
Native extension for WebGL target not found
Package Manager log level set to [2]
[Package Manager] Failed to launch server process. Reason: Unity was launched with the -noUpm command-line argument
[Package Manager] Unable to send message (not connected to server process).
[Package Manager] Cannot connect to Unity Package Manager local server
Mono: successfully reloaded assembly
- Finished resetting the current domain, in  0.618 seconds
Domain Reload Profiling: 1542ms
	BeginReloadAssembly (412ms)
		ExecutionOrderSort (0ms)
		DisableScriptedObjects (5ms)
		BackupInstance (0ms)
		ReleaseScriptingObjects (0ms)
		CreateAndSetChildDomain (23ms)
	RebuildCommonClasses (30ms)
	RebuildNativeTypeToScriptingClass (10ms)
	initialDomainReloadingComplete (33ms)
	LoadAllAssembliesAndSetupDomain (437ms)
		LoadAssemblies (310ms)
		RebuildTransferFunctionScriptingTraits (0ms)
		AnalyzeDomain (205ms)
			TypeCache.Refresh (150ms)
				TypeCache.ScanAssembly (138ms)
			BuildScriptInfoCaches (41ms)
			ResolveRequiredComponents (8ms)
	FinalizeReload (619ms)
		ReleaseScriptCaches (0ms)
		RebuildScriptCaches (0ms)
		SetupLoadedEditorAssemblies (507ms)
			LogAssemblyErrors (0ms)
			InitializePlatformSupportModulesInManaged (2ms)
			SetLoadedEditorAssemblies (5ms)
			BeforeProcessingInitializeOnLoad (116ms)
			ProcessInitializeOnLoadAttributes (278ms)
			ProcessInitializeOnLoadMethodAttributes (100ms)
			AfterProcessingInitializeOnLoad (7ms)
			EditorAssembliesLoaded (0ms)
		ExecutionOrderSort2 (0ms)
		AwakeInstancesAfterBackupRestoration (7ms)
Launched and connected shader compiler UnityShaderCompiler.exe after 0.01 seconds
Refreshing native plugins compatible for Editor in 1.24 ms, found 4 plugins.
Preloading 0 native plugins for Editor in 0.00 ms.
Unloading 16 Unused Serialized files (Serialized files now loaded: 0)
Unloading 6881 unused Assets / (4.1 MB). Loaded Objects now: 7715.
Memory consumption went from 159.8 MB to 155.7 MB.
Total: 7.095000 ms (FindLiveObjects: 1.169700 ms CreateObjectMapping: 0.325900 ms MarkObjects: 4.102400 ms  DeleteObjects: 1.496600 ms)

========================================================================
Received Import Request.
  Time since last request: 71916.765520 seconds.
  path: Assets/SubworldBox
  artifactKey: Guid(40f836064d32f7f4184d0543db0bb511) Importer(2089858483,b0f066a214c2f5e87bad3c948f4d605d)
Start importing Assets/SubworldBox using Guid(40f836064d32f7f4184d0543db0bb511) Importer(2089858483,b0f066a214c2f5e87bad3c948f4d605d) (ScriptedImporter) -> (artifact id: '65b2d38a28232e02642dbd80d494a81d') in 0.0439715 seconds
Number of updated asset objects reloaded before import = 0Number of asset objects unloaded after import = 1

========================================================================
Received Import Request.
  Time since last request: 0.000019 seconds.
  path: Assets/SubworldBox/SubView4.renderTexture
  artifactKey: Guid(698ea20e91a36004eb067814116a1d29) Importer(2089858483,b0f066a214c2f5e87bad3c948f4d605d)
Start importing Assets/SubworldBox/SubView4.renderTexture using Guid(698ea20e91a36004eb067814116a1d29) Importer(2089858483,b0f066a214c2f5e87bad3c948f4d605d) (ScriptedImporter) -> (artifact id: 'd24deca2f4e0c6ca4075d9c16ea5951e') in 0.0523884 seconds
Number of updated asset objects reloaded before import = 0Number of asset objects unloaded after import = 1

========================================================================
Received Import Request.
  Time since last request: 20.982019 seconds.
  path: Assets/Wallpapers/Frame.png
  artifactKey: Guid(d01dd1e9b510fa742a5420278b3b4570) Importer(815301076,1909f56bfc062723c751e8b465ee728b)
Start importing Assets/Wallpapers/Frame.png using Guid(d01dd1e9b510fa742a5420278b3b4570) Importer(815301076,1909f56bfc062723c751e8b465ee728b) (PreviewImporter) -> (artifact id: '01299c74a4413adf72a02c3c1e78f18b') in 0.0743383 seconds
Number of updated asset objects reloaded before import = 0Number of asset objects unloaded after import = 3

========================================================================
Received Import Request.
  Time since last request: 0.866221 seconds.
  path: Assets/Wallpapers/Frame.png
  artifactKey: Guid(d01dd1e9b510fa742a5420278b3b4570) Importer(2089858483,b0f066a214c2f5e87bad3c948f4d605d)
Start importing Assets/Wallpapers/Frame.png using Guid(d01dd1e9b510fa742a5420278b3b4570) Importer(2089858483,b0f066a214c2f5e87bad3c948f4d605d) (ScriptedImporter) -> (artifact id: '79024f62dc39fee05fa418de3b056eb9') in 0.0437238 seconds
Number of updated asset objects reloaded before import = 0Number of asset objects unloaded after import = 3

========================================================================
Received Import Request.
  Time since last request: 19.098180 seconds.
  path: Assets/UI/Undo.png
  artifactKey: Guid(7e0a638d88184b645abc9842ffdc2c63) Importer(2089858483,b0f066a214c2f5e87bad3c948f4d605d)
Start importing Assets/UI/Undo.png using Guid(7e0a638d88184b645abc9842ffdc2c63) Importer(2089858483,b0f066a214c2f5e87bad3c948f4d605d) (ScriptedImporter) -> (artifact id: 'a9876cb826f221d8f849e6fb24898cd1') in 0.0170195 seconds
Number of updated asset objects reloaded before import = 0Number of asset objects unloaded after import = 3

========================================================================
Received Import Request.
  Time since last request: 20.572645 seconds.
  path: Assets/Asset/New Folder
  artifactKey: Guid(4670e6f9e9fa11343911dcc86ff1dcc9) Importer(815301076,1909f56bfc062723c751e8b465ee728b)
Start importing Assets/Asset/New Folder using Guid(4670e6f9e9fa11343911dcc86ff1dcc9) Importer(815301076,1909f56bfc062723c751e8b465ee728b) (PreviewImporter) -> (artifact id: '06318580caadf308e558e9d60ac3f3b5') in 0.0004772 seconds
Number of updated asset objects reloaded before import = 0Number of asset objects unloaded after import = 0

========================================================================
Received Import Request.
  Time since last request: 0.915005 seconds.
  path: Assets/Asset/New Folder
  artifactKey: Guid(4670e6f9e9fa11343911dcc86ff1dcc9) Importer(2089858483,b0f066a214c2f5e87bad3c948f4d605d)
Start importing Assets/Asset/New Folder using Guid(4670e6f9e9fa11343911dcc86ff1dcc9) Importer(2089858483,b0f066a214c2f5e87bad3c948f4d605d) (ScriptedImporter) -> (artifact id: '04909fad624b8e7624a42d50b63ddc42') in 0.0109241 seconds
Number of updated asset objects reloaded before import = 0Number of asset objects unloaded after import = 1

========================================================================
Received Import Request.
  Time since last request: 0.153790 seconds.
  path: Assets/Asset/Foozle_2DS0015_Void_EnvironmentPack/Foozle_2DS0015_Void_EnvironmentPack
  artifactKey: Guid(c374d4f3dfe4fca4bbbe3c5a1e3a1594) Importer(815301076,1909f56bfc062723c751e8b465ee728b)
Start importing Assets/Asset/Foozle_2DS0015_Void_EnvironmentPack/Foozle_2DS0015_Void_EnvironmentPack using Guid(c374d4f3dfe4fca4bbbe3c5a1e3a1594) Importer(815301076,1909f56bfc062723c751e8b465ee728b) (PreviewImporter) -> (artifact id: '89e9ed9ab0563dcf56ff265e3a8ae797') in 0.0004665 seconds
Number of updated asset objects reloaded before import = 0Number of asset objects unloaded after import = 0

========================================================================
Received Import Request.
  Time since last request: 15.700517 seconds.
  path: Assets/Asset/Background
  artifactKey: Guid(4670e6f9e9fa11343911dcc86ff1dcc9) Importer(815301076,1909f56bfc062723c751e8b465ee728b)
Start importing Assets/Asset/Background using Guid(4670e6f9e9fa11343911dcc86ff1dcc9) Importer(815301076,1909f56bfc062723c751e8b465ee728b) (PreviewImporter) -> (artifact id: '7ef515d12b094074c0a13a010fae5edd') in 0.0004932 seconds
Number of updated asset objects reloaded before import = 0Number of asset objects unloaded after import = 0

========================================================================
Received Import Request.
  Time since last request: 0.913938 seconds.
  path: Assets/Asset/Background
  artifactKey: Guid(4670e6f9e9fa11343911dcc86ff1dcc9) Importer(2089858483,b0f066a214c2f5e87bad3c948f4d605d)
Start importing Assets/Asset/Background using Guid(4670e6f9e9fa11343911dcc86ff1dcc9) Importer(2089858483,b0f066a214c2f5e87bad3c948f4d605d) (ScriptedImporter) -> (artifact id: '664ba732d4a32ac94b597f45345c1a19') in 0.0140353 seconds
Number of updated asset objects reloaded before import = 0Number of asset objects unloaded after import = 1

========================================================================
Received Import Request.
  Time since last request: 0.686090 seconds.
  path: Assets/Asset/Prop
  artifactKey: Guid(9c80824df8ec89f43a8ca3d02745f1b1) Importer(815301076,1909f56bfc062723c751e8b465ee728b)
Start importing Assets/Asset/Prop using Guid(9c80824df8ec89f43a8ca3d02745f1b1) Importer(815301076,1909f56bfc062723c751e8b465ee728b) (PreviewImporter) -> (artifact id: '301887233b0d35ba1cbf9472f9c017d5') in 0.00052 seconds
Number of updated asset objects reloaded before import = 0Number of asset objects unloaded after import = 0

========================================================================
Received Import Request.
  Time since last request: 6.155703 seconds.
  path: Assets/Asset/Background/Foozle_2DS0015_Void_EnvironmentPack/Foozle_2DS0015_Void_EnvironmentPack/Asteroids/Aseprite
  artifactKey: Guid(0f11d061adb664e4dae1c2c1ec5049e7) Importer(2089858483,b0f066a214c2f5e87bad3c948f4d605d)
Start importing Assets/Asset/Background/Foozle_2DS0015_Void_EnvironmentPack/Foozle_2DS0015_Void_EnvironmentPack/Asteroids/Aseprite using Guid(0f11d061adb664e4dae1c2c1ec5049e7) Importer(2089858483,b0f066a214c2f5e87bad3c948f4d605d) (ScriptedImporter) -> (artifact id: 'c59bdb4a596816286e85533fdf08680d') in 0.0129982 seconds
Number of updated asset objects reloaded before import = 0Number of asset objects unloaded after import = 1

========================================================================
Received Import Request.
  Time since last request: 0.000013 seconds.
  path: Assets/Asset/Background/Foozle_2DS0015_Void_EnvironmentPack/Foozle_2DS0015_Void_EnvironmentPack/Backgrounds/PNGs/Split up/Starry background - Layer X -Black hole.png
  artifactKey: Guid(77e465fa1b7ab2d40a910443c80c562a) Importer(2089858483,b0f066a214c2f5e87bad3c948f4d605d)
Start importing Assets/Asset/Background/Foozle_2DS0015_Void_EnvironmentPack/Foozle_2DS0015_Void_EnvironmentPack/Backgrounds/PNGs/Split up/Starry background - Layer X -Black hole.png using Guid(77e465fa1b7ab2d40a910443c80c562a) Importer(2089858483,b0f066a214c2f5e87bad3c948f4d605d) (ScriptedImporter) -> (artifact id: '025290882654e5548e61f965fd078e54') in 0.0229347 seconds
Number of updated asset objects reloaded before import = 0Number of asset objects unloaded after import = 11

========================================================================
Received Import Request.
  Time since last request: 0.000019 seconds.
  path: Assets/Asset/Background/Foozle_2DS0015_Void_EnvironmentPack/Foozle_2DS0015_Void_EnvironmentPack/Asteroids/Aseprite/Asteroid 01 - Base.aseprite
  artifactKey: Guid(cd37881c35ea0504f9b75f17b4390904) Importer(2089858483,b0f066a214c2f5e87bad3c948f4d605d)
Start importing Assets/Asset/Background/Foozle_2DS0015_Void_EnvironmentPack/Foozle_2DS0015_Void_EnvironmentPack/Asteroids/Aseprite/Asteroid 01 - Base.aseprite using Guid(cd37881c35ea0504f9b75f17b4390904) Importer(2089858483,b0f066a214c2f5e87bad3c948f4d605d) (ScriptedImporter) -> (artifact id: '41f9a6dd9caa1917ae8fb684fdcaf3dd') in 0.0847825 seconds
Number of updated asset objects reloaded before import = 0Number of asset objects unloaded after import = 7

========================================================================
Received Import Request.
  Time since last request: 0.000023 seconds.
  path: Assets/Asset/Background/Foozle_2DS0015_Void_EnvironmentPack/Foozle_2DS0015_Void_EnvironmentPack
  artifactKey: Guid(c374d4f3dfe4fca4bbbe3c5a1e3a1594) Importer(2089858483,b0f066a214c2f5e87bad3c948f4d605d)
Start importing Assets/Asset/Background/Foozle_2DS0015_Void_EnvironmentPack/Foozle_2DS0015_Void_EnvironmentPack using Guid(c374d4f3dfe4fca4bbbe3c5a1e3a1594) Importer(2089858483,b0f066a214c2f5e87bad3c948f4d605d) (ScriptedImporter) -> (artifact id: '7f790c07719f7107c7502efed0f846df') in 0.0119582 seconds
Number of updated asset objects reloaded before import = 0Number of asset objects unloaded after import = 1

========================================================================
Received Import Request.
  Time since last request: 0.000025 seconds.
  path: Assets/Asset/Background/Foozle_2DS0015_Void_EnvironmentPack/Foozle_2DS0015_Void_EnvironmentPack/Planets/PNGs
  artifactKey: Guid(02fe723c3f894bc4c82a4df3c14c562d) Importer(2089858483,b0f066a214c2f5e87bad3c948f4d605d)
Start importing Assets/Asset/Background/Foozle_2DS0015_Void_EnvironmentPack/Foozle_2DS0015_Void_EnvironmentPack/Planets/PNGs using Guid(02fe723c3f894bc4c82a4df3c14c562d) Importer(2089858483,b0f066a214c2f5e87bad3c948f4d605d) (ScriptedImporter) -> (artifact id: '74108f3e4a7a89149ac11a2c0fe1bb11') in 0.0125308 seconds
Number of updated asset objects reloaded before import = 0Number of asset objects unloaded after import = 1

========================================================================
Received Import Request.
  Time since last request: 0.000019 seconds.
  path: Assets/Asset/Background/Foozle_2DS0015_Void_EnvironmentPack/Foozle_2DS0015_Void_EnvironmentPack/Effects/PNGs/Asteroid - Flame.png
  artifactKey: Guid(0b3ae0eb2e19aaf449383480c5038488) Importer(2089858483,b0f066a214c2f5e87bad3c948f4d605d)
Start importing Assets/Asset/Background/Foozle_2DS0015_Void_EnvironmentPack/Foozle_2DS0015_Void_EnvironmentPack/Effects/PNGs/Asteroid - Flame.png using Guid(0b3ae0eb2e19aaf449383480c5038488) Importer(2089858483,b0f066a214c2f5e87bad3c948f4d605d) (ScriptedImporter) -> (artifact id: 'c955c83f6592c8ddfa8f65c8f498fa4e') in 0.0172701 seconds
Number of updated asset objects reloaded before import = 0Number of asset objects unloaded after import = 5

========================================================================
Received Import Request.
  Time since last request: 0.000021 seconds.
  path: Assets/Asset/Background/Foozle_2DS0015_Void_EnvironmentPack/Foozle_2DS0015_Void_EnvironmentPack/Asteroids/PNGs
  artifactKey: Guid(7bf72a01c28bd904094bd2874adedf4d) Importer(2089858483,b0f066a214c2f5e87bad3c948f4d605d)
Start importing Assets/Asset/Background/Foozle_2DS0015_Void_EnvironmentPack/Foozle_2DS0015_Void_EnvironmentPack/Asteroids/PNGs using Guid(7bf72a01c28bd904094bd2874adedf4d) Importer(2089858483,b0f066a214c2f5e87bad3c948f4d605d) (ScriptedImporter) -> (artifact id: '408367dfbee853bb7d69e824e5de1c5e') in 0.0123444 seconds
Number of updated asset objects reloaded before import = 0Number of asset objects unloaded after import = 1

========================================================================
Received Import Request.
  Time since last request: 0.000018 seconds.
  path: Assets/Asset/Background/Foozle_2DS0015_Void_EnvironmentPack/Foozle_2DS0015_Void_EnvironmentPack/Effects/Aseprite
  artifactKey: Guid(8d61828817968f745a1b2d54b996134e) Importer(2089858483,b0f066a214c2f5e87bad3c948f4d605d)
Start importing Assets/Asset/Background/Foozle_2DS0015_Void_EnvironmentPack/Foozle_2DS0015_Void_EnvironmentPack/Effects/Aseprite using Guid(8d61828817968f745a1b2d54b996134e) Importer(2089858483,b0f066a214c2f5e87bad3c948f4d605d) (ScriptedImporter) -> (artifact id: '6ea8631616a0d622bfacb3b0e97a7b6c') in 0.0122284 seconds
Number of updated asset objects reloaded before import = 0Number of asset objects unloaded after import = 1

========================================================================
Received Import Request.
  Time since last request: 0.000018 seconds.
  path: Assets/Asset/Background/Foozle_2DS0015_Void_EnvironmentPack/Foozle_2DS0015_Void_EnvironmentPack/Backgrounds/PNGs/Split up/Starry background  - Layer 02 - Shadows 2.png
  artifactKey: Guid(4a02ff3b39d964348af85ab4a95f03e1) Importer(2089858483,b0f066a214c2f5e87bad3c948f4d605d)
Start importing Assets/Asset/Background/Foozle_2DS0015_Void_EnvironmentPack/Foozle_2DS0015_Void_EnvironmentPack/Backgrounds/PNGs/Split up/Starry background  - Layer 02 - Shadows 2.png using Guid(4a02ff3b39d964348af85ab4a95f03e1) Importer(2089858483,b0f066a214c2f5e87bad3c948f4d605d) (ScriptedImporter) -> (artifact id: '58da5188c4991e14331b922e24baab2e') in 0.0294951 seconds
Number of updated asset objects reloaded before import = 0Number of asset objects unloaded after import = 15

========================================================================
Received Import Request.
  Time since last request: 0.000022 seconds.
  path: Assets/Asset/Background/Foozle_2DS0015_Void_EnvironmentPack/Foozle_2DS0015_Void_EnvironmentPack/Asteroids/Aseprite/Asteroid 01 - Explode.aseprite
  artifactKey: Guid(6aa8a9d0a917d564ba3dc5db4a59d456) Importer(2089858483,b0f066a214c2f5e87bad3c948f4d605d)
Start importing Assets/Asset/Background/Foozle_2DS0015_Void_EnvironmentPack/Foozle_2DS0015_Void_EnvironmentPack/Asteroids/Aseprite/Asteroid 01 - Explode.aseprite using Guid(6aa8a9d0a917d564ba3dc5db4a59d456) Importer(2089858483,b0f066a214c2f5e87bad3c948f4d605d) (ScriptedImporter) -> (artifact id: 'fb527100e685247b6f13251b1ff43388') in 0.0446706 seconds
Number of updated asset objects reloaded before import = 0Number of asset objects unloaded after import = 18

========================================================================
Received Import Request.
  Time since last request: 0.000023 seconds.
  path: Assets/Asset/Background/Foozle_2DS0015_Void_EnvironmentPack/Foozle_2DS0015_Void_EnvironmentPack/Effects/Aseprite/Asteroid - Flame.aseprite
  artifactKey: Guid(1a6d542f4f4917e4da038ab17ef15314) Importer(2089858483,b0f066a214c2f5e87bad3c948f4d605d)
Start importing Assets/Asset/Background/Foozle_2DS0015_Void_EnvironmentPack/Foozle_2DS0015_Void_EnvironmentPack/Effects/Aseprite/Asteroid - Flame.aseprite using Guid(1a6d542f4f4917e4da038ab17ef15314) Importer(2089858483,b0f066a214c2f5e87bad3c948f4d605d) (ScriptedImporter) -> (artifact id: '8dbcd7001a4360785dad06c2ad814efe') in 0.0233985 seconds
Number of updated asset objects reloaded before import = 0Number of asset objects unloaded after import = 14

========================================================================
Received Import Request.
  Time since last request: 0.000018 seconds.
  path: Assets/Asset/Background/Foozle_2DS0015_Void_EnvironmentPack/Foozle_2DS0015_Void_EnvironmentPack/Asteroids/PNGs/Asteroid 01 - Explode.png
  artifactKey: Guid(044ae46472f95cc4cb70b347480a6d4f) Importer(2089858483,b0f066a214c2f5e87bad3c948f4d605d)
Start importing Assets/Asset/Background/Foozle_2DS0015_Void_EnvironmentPack/Foozle_2DS0015_Void_EnvironmentPack/Asteroids/PNGs/Asteroid 01 - Explode.png using Guid(044ae46472f95cc4cb70b347480a6d4f) Importer(2089858483,b0f066a214c2f5e87bad3c948f4d605d) (ScriptedImporter) -> (artifact id: 'd4d6e6c345b223f76cb3f216d1900499') in 0.0502818 seconds
Number of updated asset objects reloaded before import = 0Number of asset objects unloaded after import = 31

========================================================================
Received Import Request.
  Time since last request: 0.000018 seconds.
  path: Assets/Asset/Background/Foozle_2DS0015_Void_EnvironmentPack/Foozle_2DS0015_Void_EnvironmentPack/Asteroids
  artifactKey: Guid(0c838891f3757434eb683c14291743f8) Importer(2089858483,b0f066a214c2f5e87bad3c948f4d605d)
Start importing Assets/Asset/Background/Foozle_2DS0015_Void_EnvironmentPack/Foozle_2DS0015_Void_EnvironmentPack/Asteroids using Guid(0c838891f3757434eb683c14291743f8) Importer(2089858483,b0f066a214c2f5e87bad3c948f4d605d) (ScriptedImporter) -> (artifact id: 'fa5b0196016bdcd77cf8853873e48819') in 0.0118027 seconds
Number of updated asset objects reloaded before import = 0Number of asset objects unloaded after import = 1

========================================================================
Received Import Request.
  Time since last request: 0.000014 seconds.
  path: Assets/Asset/Background/Foozle_2DS0015_Void_EnvironmentPack/Foozle_2DS0015_Void_EnvironmentPack/Backgrounds/PNGs
  artifactKey: Guid(206c9fdaafe398940a932e2fd9d16a7d) Importer(2089858483,b0f066a214c2f5e87bad3c948f4d605d)
Start importing Assets/Asset/Background/Foozle_2DS0015_Void_EnvironmentPack/Foozle_2DS0015_Void_EnvironmentPack/Backgrounds/PNGs using Guid(206c9fdaafe398940a932e2fd9d16a7d) Importer(2089858483,b0f066a214c2f5e87bad3c948f4d605d) (ScriptedImporter) -> (artifact id: '5d03e25083faa438f561cf6296113786') in 0.0120863 seconds
Number of updated asset objects reloaded before import = 0Number of asset objects unloaded after import = 1

========================================================================
Received Import Request.
  Time since last request: 0.000017 seconds.
  path: Assets/Asset/Background/Foozle_2DS0015_Void_EnvironmentPack/Foozle_2DS0015_Void_EnvironmentPack/Readme.txt
  artifactKey: Guid(08b6354102323c84094c77d4bc9719af) Importer(2089858483,b0f066a214c2f5e87bad3c948f4d605d)
Start importing Assets/Asset/Background/Foozle_2DS0015_Void_EnvironmentPack/Foozle_2DS0015_Void_EnvironmentPack/Readme.txt using Guid(08b6354102323c84094c77d4bc9719af) Importer(2089858483,b0f066a214c2f5e87bad3c948f4d605d) (ScriptedImporter) -> (artifact id: '25bef733ebe059aab12053c2b671ef1a') in 0.0123356 seconds
Number of updated asset objects reloaded before import = 0Number of asset objects unloaded after import = 1

========================================================================
Received Import Request.
  Time since last request: 0.000029 seconds.
  path: Assets/Asset/Background/Foozle_2DS0015_Void_EnvironmentPack/Foozle_2DS0015_Void_EnvironmentPack/Backgrounds/PNGs/Split up/Starry background  - Layer 02 - Shadows.png
  artifactKey: Guid(92043a90d32675a44976c2fcf2c833fd) Importer(2089858483,b0f066a214c2f5e87bad3c948f4d605d)
Start importing Assets/Asset/Background/Foozle_2DS0015_Void_EnvironmentPack/Foozle_2DS0015_Void_EnvironmentPack/Backgrounds/PNGs/Split up/Starry background  - Layer 02 - Shadows.png using Guid(92043a90d32675a44976c2fcf2c833fd) Importer(2089858483,b0f066a214c2f5e87bad3c948f4d605d) (ScriptedImporter) -> (artifact id: '4e3a356bfed305342b122b336047892a') in 0.0152307 seconds
Number of updated asset objects reloaded before import = 0Number of asset objects unloaded after import = 3

========================================================================
Received Import Request.
  Time since last request: 0.000024 seconds.
  path: Assets/Asset/Background/Foozle_2DS0015_Void_EnvironmentPack/Foozle_2DS0015_Void_EnvironmentPack/Backgrounds/PNGs/Split up/Starry background - Layer X - Big Star.png
  artifactKey: Guid(a272e1c3d0951fb43927dfca90ce5c32) Importer(2089858483,b0f066a214c2f5e87bad3c948f4d605d)
Start importing Assets/Asset/Background/Foozle_2DS0015_Void_EnvironmentPack/Foozle_2DS0015_Void_EnvironmentPack/Backgrounds/PNGs/Split up/Starry background - Layer X - Big Star.png using Guid(a272e1c3d0951fb43927dfca90ce5c32) Importer(2089858483,b0f066a214c2f5e87bad3c948f4d605d) (ScriptedImporter) -> (artifact id: '70d90df936d7ce76d275ee9c2e36e821') in 0.0289591 seconds
Number of updated asset objects reloaded before import = 0Number of asset objects unloaded after import = 11

========================================================================
Received Import Request.
  Time since last request: 0.000016 seconds.
  path: Assets/Asset/Background/Foozle_2DS0015_Void_EnvironmentPack/Foozle_2DS0015_Void_EnvironmentPack/Backgrounds/PNGs/Split up/Starry background  - Layer 03 - Stars 2.png
  artifactKey: Guid(a038fa765b3c08741bf7a30e92f8b717) Importer(2089858483,b0f066a214c2f5e87bad3c948f4d605d)
Start importing Assets/Asset/Background/Foozle_2DS0015_Void_EnvironmentPack/Foozle_2DS0015_Void_EnvironmentPack/Backgrounds/PNGs/Split up/Starry background  - Layer 03 - Stars 2.png using Guid(a038fa765b3c08741bf7a30e92f8b717) Importer(2089858483,b0f066a214c2f5e87bad3c948f4d605d) (ScriptedImporter) -> (artifact id: '2d8f6abc656cf53cb8cf81ce3492f30d') in 0.1423887 seconds
Number of updated asset objects reloaded before import = 0Number of asset objects unloaded after import = 173

========================================================================
Received Import Request.
  Time since last request: 0.000018 seconds.
  path: Assets/Asset/Background/Foozle_2DS0015_Void_EnvironmentPack/Foozle_2DS0015_Void_EnvironmentPack/Backgrounds/PNGs/Condesed/Starry background  - Layer 02 - Stars.png
  artifactKey: Guid(c6aa2a9cb842959429a3fb7d1c09f32e) Importer(2089858483,b0f066a214c2f5e87bad3c948f4d605d)
Start importing Assets/Asset/Background/Foozle_2DS0015_Void_EnvironmentPack/Foozle_2DS0015_Void_EnvironmentPack/Backgrounds/PNGs/Condesed/Starry background  - Layer 02 - Stars.png using Guid(c6aa2a9cb842959429a3fb7d1c09f32e) Importer(2089858483,b0f066a214c2f5e87bad3c948f4d605d) (ScriptedImporter) -> (artifact id: '32c759dd130696aa5b472845be3a09cd') in 0.174107 seconds
Number of updated asset objects reloaded before import = 0Number of asset objects unloaded after import = 227

========================================================================
Received Import Request.
  Time since last request: 6.262577 seconds.
  path: Assets/Asset/Tileset
  artifactKey: Guid(83b4eed23c046964db151bd078f87818) Importer(815301076,1909f56bfc062723c751e8b465ee728b)
Start importing Assets/Asset/Tileset using Guid(83b4eed23c046964db151bd078f87818) Importer(815301076,1909f56bfc062723c751e8b465ee728b) (PreviewImporter) -> (artifact id: '28f81f6ac100752282ed0028e650e490') in 0.0005983 seconds
Number of updated asset objects reloaded before import = 0Number of asset objects unloaded after import = 0

========================================================================
Received Import Request.
  Time since last request: 0.922861 seconds.
  path: Assets/Asset/Tileset
  artifactKey: Guid(83b4eed23c046964db151bd078f87818) Importer(2089858483,b0f066a214c2f5e87bad3c948f4d605d)
Start importing Assets/Asset/Tileset using Guid(83b4eed23c046964db151bd078f87818) Importer(2089858483,b0f066a214c2f5e87bad3c948f4d605d) (ScriptedImporter) -> (artifact id: '5be298b4196a70cb8348de1af4685cf1') in 0.0175052 seconds
Number of updated asset objects reloaded before import = 0Number of asset objects unloaded after import = 1

========================================================================
Received Import Request.
  Time since last request: 1.383833 seconds.
  path: Assets/Asset/Tileset/fantasy_ [version 2.0]/fantasy_
  artifactKey: Guid(75978a89f70fe8e42b99d7581a08c7c0) Importer(2089858483,b0f066a214c2f5e87bad3c948f4d605d)
Start importing Assets/Asset/Tileset/fantasy_ [version 2.0]/fantasy_ using Guid(75978a89f70fe8e42b99d7581a08c7c0) Importer(2089858483,b0f066a214c2f5e87bad3c948f4d605d) (ScriptedImporter) -> (artifact id: '440897c5abe96d405c1a05bb983da594') in 0.014852 seconds
Number of updated asset objects reloaded before import = 0Number of asset objects unloaded after import = 1

========================================================================
Received Import Request.
  Time since last request: 0.000016 seconds.
  path: Assets/Asset/Tileset/fantasy_ [version 2.0]/tundra_/tundra_ [bridgeHorizontal].png
  artifactKey: Guid(3a1108927dec8d54cbcfe17872aa3810) Importer(2089858483,b0f066a214c2f5e87bad3c948f4d605d)
Start importing Assets/Asset/Tileset/fantasy_ [version 2.0]/tundra_/tundra_ [bridgeHorizontal].png using Guid(3a1108927dec8d54cbcfe17872aa3810) Importer(2089858483,b0f066a214c2f5e87bad3c948f4d605d) (ScriptedImporter) -> (artifact id: '9f2cd17ff15ac0d6ca64a5afe997cb50') in 0.0167297 seconds
Number of updated asset objects reloaded before import = 0Number of asset objects unloaded after import = 3

========================================================================
Received Import Request.
  Time since last request: 0.000016 seconds.
  path: Assets/Asset/Tileset/fantasy_ [version 2.0]/forest_/Floor/forest__101.asset
  artifactKey: Guid(ccf63382eadff6a45829e8e77bf5e51f) Importer(2089858483,b0f066a214c2f5e87bad3c948f4d605d)
Start importing Assets/Asset/Tileset/fantasy_ [version 2.0]/forest_/Floor/forest__101.asset using Guid(ccf63382eadff6a45829e8e77bf5e51f) Importer(2089858483,b0f066a214c2f5e87bad3c948f4d605d) (ScriptedImporter) -> (artifact id: '8dd2b63c256e097ebe9bcf1d8e91caf2') in 0.013589 seconds
Number of updated asset objects reloaded before import = 0Number of asset objects unloaded after import = 2

========================================================================
Received Import Request.
  Time since last request: 0.000029 seconds.
  path: Assets/Asset/Tileset/fantasy_ [version 2.0]/taiga_/taiga_.png
  artifactKey: Guid(4531306128984444890565a1a4c922db) Importer(2089858483,b0f066a214c2f5e87bad3c948f4d605d)
Start importing Assets/Asset/Tileset/fantasy_ [version 2.0]/taiga_/taiga_.png using Guid(4531306128984444890565a1a4c922db) Importer(2089858483,b0f066a214c2f5e87bad3c948f4d605d) (ScriptedImporter) -> (artifact id: '360c2903c0c59d89a24bf783f7bda965') in 0.0134024 seconds
Number of updated asset objects reloaded before import = 0Number of asset objects unloaded after import = 3

========================================================================
Received Import Request.
  Time since last request: 0.000061 seconds.
  path: Assets/Asset/Tileset/fantasy_ [version 2.0]/forest_/Floor/forest__34.asset
  artifactKey: Guid(576ae3121aa4f0747989d19956125ef1) Importer(2089858483,b0f066a214c2f5e87bad3c948f4d605d)
Start importing Assets/Asset/Tileset/fantasy_ [version 2.0]/forest_/Floor/forest__34.asset using Guid(576ae3121aa4f0747989d19956125ef1) Importer(2089858483,b0f066a214c2f5e87bad3c948f4d605d) (ScriptedImporter) -> (artifact id: '240f189c606a955c28f97051bcbb77a2') in 0.0126937 seconds
Number of updated asset objects reloaded before import = 0Number of asset objects unloaded after import = 2

========================================================================
Received Import Request.
  Time since last request: 0.000012 seconds.
  path: Assets/Asset/Tileset/fantasy_ [version 2.0]/desert_/Floor/desert__23.asset
  artifactKey: Guid(f92e30607b570144eb925072c38ff4b0) Importer(2089858483,b0f066a214c2f5e87bad3c948f4d605d)
Start importing Assets/Asset/Tileset/fantasy_ [version 2.0]/desert_/Floor/desert__23.asset using Guid(f92e30607b570144eb925072c38ff4b0) Importer(2089858483,b0f066a214c2f5e87bad3c948f4d605d) (ScriptedImporter) -> (artifact id: '01018d31ea92a023ec6b871586f88ae8') in 0.012148 seconds
Number of updated asset objects reloaded before import = 0Number of asset objects unloaded after import = 2

========================================================================
Received Import Request.
  Time since last request: 0.000017 seconds.
  path: Assets/Asset/Tileset/fantasy_ [version 2.0]/desert_/Floor/desert__35.asset
  artifactKey: Guid(b76b86200ba86b644b566658dd91e74a) Importer(2089858483,b0f066a214c2f5e87bad3c948f4d605d)
Start importing Assets/Asset/Tileset/fantasy_ [version 2.0]/desert_/Floor/desert__35.asset using Guid(b76b86200ba86b644b566658dd91e74a) Importer(2089858483,b0f066a214c2f5e87bad3c948f4d605d) (ScriptedImporter) -> (artifact id: 'fde86dbd79ce39f2a01a2aa4148d4a8a') in 0.0113071 seconds
Number of updated asset objects reloaded before import = 0Number of asset objects unloaded after import = 2

========================================================================
Received Import Request.
  Time since last request: 0.000014 seconds.
  path: Assets/Asset/Tileset/fantasy_ [version 2.0]/swamp_/puddle_.png
  artifactKey: Guid(bb59dfd271ad20b4b86dc4c861a3979d) Importer(2089858483,b0f066a214c2f5e87bad3c948f4d605d)
Start importing Assets/Asset/Tileset/fantasy_ [version 2.0]/swamp_/puddle_.png using Guid(bb59dfd271ad20b4b86dc4c861a3979d) Importer(2089858483,b0f066a214c2f5e87bad3c948f4d605d) (ScriptedImporter) -> (artifact id: '44bf8e1302730624949fb20b4957a513') in 0.0173936 seconds
Number of updated asset objects reloaded before import = 0Number of asset objects unloaded after import = 3

========================================================================
Received Import Request.
  Time since last request: 0.000023 seconds.
  path: Assets/Asset/Tileset/fantasy_ [version 2.0]/forest_/Floor/forest__20.asset
  artifactKey: Guid(a20726c030e62d643a60584d6654d410) Importer(2089858483,b0f066a214c2f5e87bad3c948f4d605d)
Start importing Assets/Asset/Tileset/fantasy_ [version 2.0]/forest_/Floor/forest__20.asset using Guid(a20726c030e62d643a60584d6654d410) Importer(2089858483,b0f066a214c2f5e87bad3c948f4d605d) (ScriptedImporter) -> (artifact id: '1503a31729af9f89ac426e8c289ceb2d') in 0.0118737 seconds
Number of updated asset objects reloaded before import = 0Number of asset objects unloaded after import = 2

========================================================================
Received Import Request.
  Time since last request: 0.000015 seconds.
  path: Assets/Asset/Tileset/fantasy_ [version 2.0]/forest_/Floor/forest__83.asset
  artifactKey: Guid(594f7a2112d45634e8257136dc196f1c) Importer(2089858483,b0f066a214c2f5e87bad3c948f4d605d)
Start importing Assets/Asset/Tileset/fantasy_ [version 2.0]/forest_/Floor/forest__83.asset using Guid(594f7a2112d45634e8257136dc196f1c) Importer(2089858483,b0f066a214c2f5e87bad3c948f4d605d) (ScriptedImporter) -> (artifact id: 'c5080a13b7712e659367b6ac01f59d5f') in 0.0110991 seconds
Number of updated asset objects reloaded before import = 0Number of asset objects unloaded after import = 2

========================================================================
Received Import Request.
  Time since last request: 0.000024 seconds.
  path: Assets/Asset/Tileset/fantasy_ [version 2.0]/forest_/forest_ [fencesAndWalls].png
  artifactKey: Guid(18349142855b0b242b24ff60a7885351) Importer(2089858483,b0f066a214c2f5e87bad3c948f4d605d)
Start importing Assets/Asset/Tileset/fantasy_ [version 2.0]/forest_/forest_ [fencesAndWalls].png using Guid(18349142855b0b242b24ff60a7885351) Importer(2089858483,b0f066a214c2f5e87bad3c948f4d605d) (ScriptedImporter) -> (artifact id: 'c60f6aa60ef5298133d34f027ffd9884') in 0.0859454 seconds
Number of updated asset objects reloaded before import = 0Number of asset objects unloaded after import = 121

========================================================================
Received Import Request.
  Time since last request: 0.000022 seconds.
  path: Assets/Asset/Tileset/fantasy_ [version 2.0]/forest_/Floor/forest__55.asset
  artifactKey: Guid(cd641f04bcb8fff43a5ad0733786fd8a) Importer(2089858483,b0f066a214c2f5e87bad3c948f4d605d)
Start importing Assets/Asset/Tileset/fantasy_ [version 2.0]/forest_/Floor/forest__55.asset using Guid(cd641f04bcb8fff43a5ad0733786fd8a) Importer(2089858483,b0f066a214c2f5e87bad3c948f4d605d) (ScriptedImporter) -> (artifact id: '59487958efe4b113fa109fc9e0709b10') in 0.0129686 seconds
Number of updated asset objects reloaded before import = 0Number of asset objects unloaded after import = 2

========================================================================
Received Import Request.
  Time since last request: 0.000013 seconds.
  path: Assets/Asset/Tileset/fantasy_ [version 2.0]/forest_/Floor/forest__37.asset
  artifactKey: Guid(5353d9e4af7d18046bd36a58c5faad3b) Importer(2089858483,b0f066a214c2f5e87bad3c948f4d605d)
Start importing Assets/Asset/Tileset/fantasy_ [version 2.0]/forest_/Floor/forest__37.asset using Guid(5353d9e4af7d18046bd36a58c5faad3b) Importer(2089858483,b0f066a214c2f5e87bad3c948f4d605d) (ScriptedImporter) -> (artifact id: '05b3ca4ab3a4b43ccb5ba8d063329fc4') in 0.0142179 seconds
Number of updated asset objects reloaded before import = 0Number of asset objects unloaded after import = 2

========================================================================
Received Import Request.
  Time since last request: 0.000014 seconds.
  path: Assets/Asset/Tileset/fantasy_ [version 2.0]/forest_/Floor/forest__19.asset
  artifactKey: Guid(61edac859b40ce045962484da18b975d) Importer(2089858483,b0f066a214c2f5e87bad3c948f4d605d)
Start importing Assets/Asset/Tileset/fantasy_ [version 2.0]/forest_/Floor/forest__19.asset using Guid(61edac859b40ce045962484da18b975d) Importer(2089858483,b0f066a214c2f5e87bad3c948f4d605d) (ScriptedImporter) -> (artifact id: '1392bb920a844e62d4a7d449417260a1') in 0.0128668 seconds
Number of updated asset objects reloaded before import = 0Number of asset objects unloaded after import = 2

========================================================================
Received Import Request.
  Time since last request: 0.000019 seconds.
  path: Assets/Asset/Tileset/fantasy_ [version 2.0]/fantasy_/tundraDesert_.png
  artifactKey: Guid(73a1d38483bf7f0489acf4b0af7a716c) Importer(2089858483,b0f066a214c2f5e87bad3c948f4d605d)
Start importing Assets/Asset/Tileset/fantasy_ [version 2.0]/fantasy_/tundraDesert_.png using Guid(73a1d38483bf7f0489acf4b0af7a716c) Importer(2089858483,b0f066a214c2f5e87bad3c948f4d605d) (ScriptedImporter) -> (artifact id: '7ed45bc50bd1e71c4ae10bd49b341a6e') in 0.0121847 seconds
Number of updated asset objects reloaded before import = 0Number of asset objects unloaded after import = 3

========================================================================
Received Import Request.
  Time since last request: 0.000018 seconds.
  path: Assets/Asset/Tileset/fantasy_ [version 2.0]/swamp_/swamp_ [bridgeVertical].png
  artifactKey: Guid(223befa54fb859249bd09059ce16978b) Importer(2089858483,b0f066a214c2f5e87bad3c948f4d605d)
Start importing Assets/Asset/Tileset/fantasy_ [version 2.0]/swamp_/swamp_ [bridgeVertical].png using Guid(223befa54fb859249bd09059ce16978b) Importer(2089858483,b0f066a214c2f5e87bad3c948f4d605d) (ScriptedImporter) -> (artifact id: '94d79ecb3cc3c267190c5f96dd5613e0') in 0.0136149 seconds
Number of updated asset objects reloaded before import = 0Number of asset objects unloaded after import = 3

========================================================================
Received Import Request.
  Time since last request: 0.000018 seconds.
  path: Assets/Asset/Tileset/fantasy_ [version 2.0]/forest_/Box/forest_ [fencesAndWalls]_53.asset
  artifactKey: Guid(17464ee3222e1d04ea44413f202501e8) Importer(2089858483,b0f066a214c2f5e87bad3c948f4d605d)
Start importing Assets/Asset/Tileset/fantasy_ [version 2.0]/forest_/Box/forest_ [fencesAndWalls]_53.asset using Guid(17464ee3222e1d04ea44413f202501e8) Importer(2089858483,b0f066a214c2f5e87bad3c948f4d605d) (ScriptedImporter) -> (artifact id: '6e7176b0ee0b6b5e86a438e63fd69030') in 0.0113307 seconds
Number of updated asset objects reloaded before import = 0Number of asset objects unloaded after import = 2

========================================================================
Received Import Request.
  Time since last request: 0.000011 seconds.
  path: Assets/Asset/Tileset/fantasy_ [version 2.0]/forest_/Box/forest_ [fencesAndWalls]_38.asset
  artifactKey: Guid(c310b8a173f84a24d983d4ad03031376) Importer(2089858483,b0f066a214c2f5e87bad3c948f4d605d)
Start importing Assets/Asset/Tileset/fantasy_ [version 2.0]/forest_/Box/forest_ [fencesAndWalls]_38.asset using Guid(c310b8a173f84a24d983d4ad03031376) Importer(2089858483,b0f066a214c2f5e87bad3c948f4d605d) (ScriptedImporter) -> (artifact id: '52b1a92a765910106dac320a03ed9444') in 0.0121172 seconds
Number of updated asset objects reloaded before import = 0Number of asset objects unloaded after import = 2

========================================================================
Received Import Request.
  Time since last request: 0.000011 seconds.
  path: Assets/Asset/Tileset/fantasy_ [version 2.0]/forest_/Box/forest_ [fencesAndWalls]_88.asset
  artifactKey: Guid(d6cfefa1074bf6342b9d8868f940b189) Importer(2089858483,b0f066a214c2f5e87bad3c948f4d605d)
Start importing Assets/Asset/Tileset/fantasy_ [version 2.0]/forest_/Box/forest_ [fencesAndWalls]_88.asset using Guid(d6cfefa1074bf6342b9d8868f940b189) Importer(2089858483,b0f066a214c2f5e87bad3c948f4d605d) (ScriptedImporter) -> (artifact id: '779ae08351b87a8511ce010df2d14e9f') in 0.0112871 seconds
Number of updated asset objects reloaded before import = 0Number of asset objects unloaded after import = 2

========================================================================
Received Import Request.
  Time since last request: 0.000024 seconds.
  path: Assets/Asset/Tileset/fantasy_ [version 2.0]/forest_/Box/forest_ [fencesAndWalls]_111.asset
  artifactKey: Guid(dda3d9e07d25b9949a2644ba46e82e0e) Importer(2089858483,b0f066a214c2f5e87bad3c948f4d605d)
Start importing Assets/Asset/Tileset/fantasy_ [version 2.0]/forest_/Box/forest_ [fencesAndWalls]_111.asset using Guid(dda3d9e07d25b9949a2644ba46e82e0e) Importer(2089858483,b0f066a214c2f5e87bad3c948f4d605d) (ScriptedImporter) -> (artifact id: '5c05bc49d7e2589fc777a2014b7b4e02') in 0.0141388 seconds
Number of updated asset objects reloaded before import = 0Number of asset objects unloaded after import = 2

========================================================================
Received Import Request.
  Time since last request: 0.000025 seconds.
  path: Assets/Asset/Tileset/fantasy_ [version 2.0]/forest_/Floor/forest__13.asset
  artifactKey: Guid(8ee29d53902719c4285b6f78269ccd93) Importer(2089858483,b0f066a214c2f5e87bad3c948f4d605d)
Start importing Assets/Asset/Tileset/fantasy_ [version 2.0]/forest_/Floor/forest__13.asset using Guid(8ee29d53902719c4285b6f78269ccd93) Importer(2089858483,b0f066a214c2f5e87bad3c948f4d605d) (ScriptedImporter) -> (artifact id: 'a5b57cbee5c9bbcf87e3b04718fb5eea') in 0.011157 seconds
Number of updated asset objects reloaded before import = 0Number of asset objects unloaded after import = 2

========================================================================
Received Import Request.
  Time since last request: 0.000011 seconds.
  path: Assets/Asset/Tileset/fantasy_ [version 2.0]/forest_/Floor/forest__38.asset
  artifactKey: Guid(213002313495e28428086b68b0410096) Importer(2089858483,b0f066a214c2f5e87bad3c948f4d605d)
Start importing Assets/Asset/Tileset/fantasy_ [version 2.0]/forest_/Floor/forest__38.asset using Guid(213002313495e28428086b68b0410096) Importer(2089858483,b0f066a214c2f5e87bad3c948f4d605d) (ScriptedImporter) -> (artifact id: 'af4935cbc6602b54e03a34cbb1760bc7') in 0.0124591 seconds
Number of updated asset objects reloaded before import = 0Number of asset objects unloaded after import = 2

========================================================================
Received Import Request.
  Time since last request: 0.000010 seconds.
  path: Assets/Asset/Tileset/fantasy_ [version 2.0]/forest_/Floor/forest__60.asset
  artifactKey: Guid(818c2de24fb211544a1bbcd304b462d5) Importer(2089858483,b0f066a214c2f5e87bad3c948f4d605d)
Start importing Assets/Asset/Tileset/fantasy_ [version 2.0]/forest_/Floor/forest__60.asset using Guid(818c2de24fb211544a1bbcd304b462d5) Importer(2089858483,b0f066a214c2f5e87bad3c948f4d605d) (ScriptedImporter) -> (artifact id: 'af5a58570ca907be18f7e22528e7dad6') in 0.0125671 seconds
Number of updated asset objects reloaded before import = 0Number of asset objects unloaded after import = 2

========================================================================
Received Import Request.
  Time since last request: 0.000011 seconds.
  path: Assets/Asset/Tileset/fantasy_ [version 2.0]/forest_/Box/forest_ [fencesAndWalls]_112.asset
  artifactKey: Guid(dc6de8f5668fc95408433c3f01b026d7) Importer(2089858483,b0f066a214c2f5e87bad3c948f4d605d)
Start importing Assets/Asset/Tileset/fantasy_ [version 2.0]/forest_/Box/forest_ [fencesAndWalls]_112.asset using Guid(dc6de8f5668fc95408433c3f01b026d7) Importer(2089858483,b0f066a214c2f5e87bad3c948f4d605d) (ScriptedImporter) -> (artifact id: 'b04aff92666c062de22a0a704b099c3d') in 0.0133661 seconds
Number of updated asset objects reloaded before import = 0Number of asset objects unloaded after import = 2

========================================================================
Received Import Request.
  Time since last request: 0.000015 seconds.
  path: Assets/Asset/Tileset/fantasy_ [version 2.0]/forest_/Floor/forest__61.asset
  artifactKey: Guid(06fffa27502dc224b967cff2fcce83b8) Importer(2089858483,b0f066a214c2f5e87bad3c948f4d605d)
Start importing Assets/Asset/Tileset/fantasy_ [version 2.0]/forest_/Floor/forest__61.asset using Guid(06fffa27502dc224b967cff2fcce83b8) Importer(2089858483,b0f066a214c2f5e87bad3c948f4d605d) (ScriptedImporter) -> (artifact id: '55695630a782a06da74467b95a00cf6a') in 0.0104012 seconds
Number of updated asset objects reloaded before import = 0Number of asset objects unloaded after import = 2

========================================================================
Received Import Request.
  Time since last request: 0.000016 seconds.
  path: Assets/Asset/Tileset/fantasy_ [version 2.0]/tundra_/ice_.png
  artifactKey: Guid(3399b257178d59b46a3e130978571fa1) Importer(2089858483,b0f066a214c2f5e87bad3c948f4d605d)
Start importing Assets/Asset/Tileset/fantasy_ [version 2.0]/tundra_/ice_.png using Guid(3399b257178d59b46a3e130978571fa1) Importer(2089858483,b0f066a214c2f5e87bad3c948f4d605d) (ScriptedImporter) -> (artifact id: 'f84bc5e92a1d9719cee411cf1d761188') in 0.0140045 seconds
Number of updated asset objects reloaded before import = 0Number of asset objects unloaded after import = 3

========================================================================
Received Import Request.
  Time since last request: 0.000024 seconds.
  path: Assets/Asset/Tileset/fantasy_ [version 2.0]/forest_/Floor/forest__32.asset
  artifactKey: Guid(8ff230e6dc360144892f3f19e2e6be39) Importer(2089858483,b0f066a214c2f5e87bad3c948f4d605d)
Start importing Assets/Asset/Tileset/fantasy_ [version 2.0]/forest_/Floor/forest__32.asset using Guid(8ff230e6dc360144892f3f19e2e6be39) Importer(2089858483,b0f066a214c2f5e87bad3c948f4d605d) (ScriptedImporter) -> (artifact id: '50d2aef686ec01ec78c1eee0e66bec58') in 0.0148604 seconds
Number of updated asset objects reloaded before import = 0Number of asset objects unloaded after import = 2

========================================================================
Received Import Request.
  Time since last request: 0.000019 seconds.
  path: Assets/Asset/Tileset/fantasy_ [version 2.0]/forest_/Box/forest_ [fencesAndWalls]_116.asset
  artifactKey: Guid(98485747f01e5cf408be99b4cff9402b) Importer(2089858483,b0f066a214c2f5e87bad3c948f4d605d)
Start importing Assets/Asset/Tileset/fantasy_ [version 2.0]/forest_/Box/forest_ [fencesAndWalls]_116.asset using Guid(98485747f01e5cf408be99b4cff9402b) Importer(2089858483,b0f066a214c2f5e87bad3c948f4d605d) (ScriptedImporter) -> (artifact id: '9e638695784e21968ba99613e38a1a97') in 0.01391 seconds
Number of updated asset objects reloaded before import = 0Number of asset objects unloaded after import = 2

========================================================================
Received Import Request.
  Time since last request: 0.000014 seconds.
  path: Assets/Asset/Tileset/fantasy_ [version 2.0]/forest_/Box/forest_ [fencesAndWalls]_108.asset
  artifactKey: Guid(ada17fc651fbfd246bbf5965462edb45) Importer(2089858483,b0f066a214c2f5e87bad3c948f4d605d)
Start importing Assets/Asset/Tileset/fantasy_ [version 2.0]/forest_/Box/forest_ [fencesAndWalls]_108.asset using Guid(ada17fc651fbfd246bbf5965462edb45) Importer(2089858483,b0f066a214c2f5e87bad3c948f4d605d) (ScriptedImporter) -> (artifact id: 'ce98592056483eb7ebb8d77be4e8803e') in 0.0136769 seconds
Number of updated asset objects reloaded before import = 0Number of asset objects unloaded after import = 2

========================================================================
Received Import Request.
  Time since last request: 0.000012 seconds.
  path: Assets/Asset/Tileset/fantasy_ [version 2.0]/forest_/Floor/forest__30.asset
  artifactKey: Guid(cd206092723013b4a92b7edfa2642b7a) Importer(2089858483,b0f066a214c2f5e87bad3c948f4d605d)
Start importing Assets/Asset/Tileset/fantasy_ [version 2.0]/forest_/Floor/forest__30.asset using Guid(cd206092723013b4a92b7edfa2642b7a) Importer(2089858483,b0f066a214c2f5e87bad3c948f4d605d) (ScriptedImporter) -> (artifact id: '99d5da280190f21d6777604b564a4164') in 0.0130713 seconds
Number of updated asset objects reloaded before import = 0Number of asset objects unloaded after import = 2

========================================================================
Received Import Request.
  Time since last request: 0.000013 seconds.
  path: Assets/Asset/Tileset/fantasy_ [version 2.0]/forest_/Box/forest_ [fencesAndWalls]_83.asset
  artifactKey: Guid(e96ec221e60d3a34fa433715b0ab6192) Importer(2089858483,b0f066a214c2f5e87bad3c948f4d605d)
Start importing Assets/Asset/Tileset/fantasy_ [version 2.0]/forest_/Box/forest_ [fencesAndWalls]_83.asset using Guid(e96ec221e60d3a34fa433715b0ab6192) Importer(2089858483,b0f066a214c2f5e87bad3c948f4d605d) (ScriptedImporter) -> (artifact id: '18d39f23e943e6a3e4adc68962557d8c') in 0.0142441 seconds
Number of updated asset objects reloaded before import = 0Number of asset objects unloaded after import = 2

========================================================================
Received Import Request.
  Time since last request: 0.000021 seconds.
  path: Assets/Asset/Tileset/fantasy_ [version 2.0]/forest_/Floor/forest__93.asset
  artifactKey: Guid(59583840072015a45915ac0d55267013) Importer(2089858483,b0f066a214c2f5e87bad3c948f4d605d)
Start importing Assets/Asset/Tileset/fantasy_ [version 2.0]/forest_/Floor/forest__93.asset using Guid(59583840072015a45915ac0d55267013) Importer(2089858483,b0f066a214c2f5e87bad3c948f4d605d) (ScriptedImporter) -> (artifact id: 'c8b4754ee1cfb57f8e6078e19f599402') in 0.0137693 seconds
Number of updated asset objects reloaded before import = 0Number of asset objects unloaded after import = 2

========================================================================
Received Import Request.
  Time since last request: 0.000024 seconds.
  path: Assets/Asset/Tileset/fantasy_ [version 2.0]/desert_/Floor/desert__3.asset
  artifactKey: Guid(eadd3937069150b41bce1c120316e6fd) Importer(2089858483,b0f066a214c2f5e87bad3c948f4d605d)
Start importing Assets/Asset/Tileset/fantasy_ [version 2.0]/desert_/Floor/desert__3.asset using Guid(eadd3937069150b41bce1c120316e6fd) Importer(2089858483,b0f066a214c2f5e87bad3c948f4d605d) (ScriptedImporter) -> (artifact id: '2cbf3d779225081dfc398611fff02eaf') in 0.0138783 seconds
Number of updated asset objects reloaded before import = 0Number of asset objects unloaded after import = 2

========================================================================
Received Import Request.
  Time since last request: 0.000016 seconds.
  path: Assets/Asset/Tileset/fantasy_ [version 2.0]/forest_/Box/forest_ [fencesAndWalls]_85.asset
  artifactKey: Guid(a615b170d2bd40846aea2d79063f212b) Importer(2089858483,b0f066a214c2f5e87bad3c948f4d605d)
Start importing Assets/Asset/Tileset/fantasy_ [version 2.0]/forest_/Box/forest_ [fencesAndWalls]_85.asset using Guid(a615b170d2bd40846aea2d79063f212b) Importer(2089858483,b0f066a214c2f5e87bad3c948f4d605d) (ScriptedImporter) -> (artifact id: 'f12cdf156a2c2fab896ba929ee8cb84f') in 0.0133635 seconds
Number of updated asset objects reloaded before import = 0Number of asset objects unloaded after import = 2

========================================================================
Received Import Request.
  Time since last request: 0.000025 seconds.
  path: Assets/Asset/Tileset/fantasy_ [version 2.0]/forest_/Floor/forest__108.asset
  artifactKey: Guid(b069d0980700ca44e84612e8f36c78cd) Importer(2089858483,b0f066a214c2f5e87bad3c948f4d605d)
Start importing Assets/Asset/Tileset/fantasy_ [version 2.0]/forest_/Floor/forest__108.asset using Guid(b069d0980700ca44e84612e8f36c78cd) Importer(2089858483,b0f066a214c2f5e87bad3c948f4d605d) (ScriptedImporter) -> (artifact id: 'f43010802099f689108aa3c0e74b5d52') in 0.0140524 seconds
Number of updated asset objects reloaded before import = 0Number of asset objects unloaded after import = 2

========================================================================
Received Import Request.
  Time since last request: 0.000020 seconds.
  path: Assets/Asset/Tileset/fantasy_ [version 2.0]/desert_/Floor/Venus.prefab
  artifactKey: Guid(46872618b510f9644adf098c890e8eef) Importer(2089858483,b0f066a214c2f5e87bad3c948f4d605d)
Start importing Assets/Asset/Tileset/fantasy_ [version 2.0]/desert_/Floor/Venus.prefab using Guid(46872618b510f9644adf098c890e8eef) Importer(2089858483,b0f066a214c2f5e87bad3c948f4d605d) (ScriptedImporter) -> (artifact id: '70c56b4a67ef012315125559b6f899e5') in 0.016977 seconds
Number of updated asset objects reloaded before import = 0Number of asset objects unloaded after import = 10

========================================================================
Received Import Request.
  Time since last request: 0.000017 seconds.
  path: Assets/Asset/Tileset/fantasy_ [version 2.0]/forest_/Box/forest_ [fencesAndWalls]_62.asset
  artifactKey: Guid(56829999544322943a747f95c9637f4f) Importer(2089858483,b0f066a214c2f5e87bad3c948f4d605d)
Start importing Assets/Asset/Tileset/fantasy_ [version 2.0]/forest_/Box/forest_ [fencesAndWalls]_62.asset using Guid(56829999544322943a747f95c9637f4f) Importer(2089858483,b0f066a214c2f5e87bad3c948f4d605d) (ScriptedImporter) -> (artifact id: 'cb0d48ac4f39d7028302a448abe8c6d7') in 0.0132796 seconds
Number of updated asset objects reloaded before import = 0Number of asset objects unloaded after import = 2

========================================================================
Received Import Request.
  Time since last request: 0.000016 seconds.
  path: Assets/Asset/Tileset/fantasy_ [version 2.0]/forest_/Box/forest_ [fencesAndWalls]_104.asset
  artifactKey: Guid(80d900597fdaeca498a5ff9c350fd3ed) Importer(2089858483,b0f066a214c2f5e87bad3c948f4d605d)
Start importing Assets/Asset/Tileset/fantasy_ [version 2.0]/forest_/Box/forest_ [fencesAndWalls]_104.asset using Guid(80d900597fdaeca498a5ff9c350fd3ed) Importer(2089858483,b0f066a214c2f5e87bad3c948f4d605d) (ScriptedImporter) -> (artifact id: '883340561e0d67fa0a593df9176a7102') in 0.0127559 seconds
Number of updated asset objects reloaded before import = 0Number of asset objects unloaded after import = 2

========================================================================
Received Import Request.
  Time since last request: 0.000026 seconds.
  path: Assets/Asset/Tileset/fantasy_ [version 2.0]/forest_/Floor/forest__9.asset
  artifactKey: Guid(8c8df63862d133644bb50b8b93199fa2) Importer(2089858483,b0f066a214c2f5e87bad3c948f4d605d)
Start importing Assets/Asset/Tileset/fantasy_ [version 2.0]/forest_/Floor/forest__9.asset using Guid(8c8df63862d133644bb50b8b93199fa2) Importer(2089858483,b0f066a214c2f5e87bad3c948f4d605d) (ScriptedImporter) -> (artifact id: '13261bce62d984acb158885256828c2f') in 0.0128953 seconds
Number of updated asset objects reloaded before import = 0Number of asset objects unloaded after import = 2

========================================================================
Received Import Request.
  Time since last request: 0.000014 seconds.
  path: Assets/Asset/Tileset/fantasy_ [version 2.0]/forest_/Box/forest_ [fencesAndWalls]_68.asset
  artifactKey: Guid(d3d9fba877504b44d82cd717c24f5198) Importer(2089858483,b0f066a214c2f5e87bad3c948f4d605d)
Start importing Assets/Asset/Tileset/fantasy_ [version 2.0]/forest_/Box/forest_ [fencesAndWalls]_68.asset using Guid(d3d9fba877504b44d82cd717c24f5198) Importer(2089858483,b0f066a214c2f5e87bad3c948f4d605d) (ScriptedImporter) -> (artifact id: '4899c8850982cf689ea2ef8699bfe295') in 0.0127696 seconds
Number of updated asset objects reloaded before import = 0Number of asset objects unloaded after import = 2

========================================================================
Received Import Request.
  Time since last request: 0.000013 seconds.
  path: Assets/Asset/Tileset/fantasy_ [version 2.0]/forest_/Box/forest_ [fencesAndWalls]_60.asset
  artifactKey: Guid(2b371f3aa6ec5a240b817057091b8549) Importer(2089858483,b0f066a214c2f5e87bad3c948f4d605d)
Start importing Assets/Asset/Tileset/fantasy_ [version 2.0]/forest_/Box/forest_ [fencesAndWalls]_60.asset using Guid(2b371f3aa6ec5a240b817057091b8549) Importer(2089858483,b0f066a214c2f5e87bad3c948f4d605d) (ScriptedImporter) -> (artifact id: '449dda752e870e176c3e69c002ac8949') in 0.0120481 seconds
Number of updated asset objects reloaded before import = 0Number of asset objects unloaded after import = 2

========================================================================
Received Import Request.
  Time since last request: 0.000016 seconds.
  path: Assets/Asset/Tileset/fantasy_ [version 2.0]/forest_/forest_ [bridgeHorizontal].png
  artifactKey: Guid(46e915d92ff710a43a0a2bdd1c15cd57) Importer(2089858483,b0f066a214c2f5e87bad3c948f4d605d)
Start importing Assets/Asset/Tileset/fantasy_ [version 2.0]/forest_/forest_ [bridgeHorizontal].png using Guid(46e915d92ff710a43a0a2bdd1c15cd57) Importer(2089858483,b0f066a214c2f5e87bad3c948f4d605d) (ScriptedImporter) -> (artifact id: '2682db261edd3a16648a26ca3a56e998') in 0.0144516 seconds
Number of updated asset objects reloaded before import = 0Number of asset objects unloaded after import = 3

========================================================================
Received Import Request.
  Time since last request: 0.000022 seconds.
  path: Assets/Asset/Tileset/fantasy_ [version 2.0]/desert_/Floor/desert__84.asset
  artifactKey: Guid(298eaf38965a6604fafc2ba1908bb156) Importer(2089858483,b0f066a214c2f5e87bad3c948f4d605d)
Start importing Assets/Asset/Tileset/fantasy_ [version 2.0]/desert_/Floor/desert__84.asset using Guid(298eaf38965a6604fafc2ba1908bb156) Importer(2089858483,b0f066a214c2f5e87bad3c948f4d605d) (ScriptedImporter) -> (artifact id: '3da370d3dab4e27d5ce6cc764444580d') in 0.0155898 seconds
Number of updated asset objects reloaded before import = 0Number of asset objects unloaded after import = 2

========================================================================
Received Import Request.
  Time since last request: 0.000019 seconds.
  path: Assets/Asset/Tileset/fantasy_ [version 2.0]/forest_/Floor/forest__112.asset
  artifactKey: Guid(257b7760208bdac4a841d55143bb5138) Importer(2089858483,b0f066a214c2f5e87bad3c948f4d605d)
Start importing Assets/Asset/Tileset/fantasy_ [version 2.0]/forest_/Floor/forest__112.asset using Guid(257b7760208bdac4a841d55143bb5138) Importer(2089858483,b0f066a214c2f5e87bad3c948f4d605d) (ScriptedImporter) -> (artifact id: 'f462f6164ff4f3e395802ec4dcf7995f') in 0.0134286 seconds
Number of updated asset objects reloaded before import = 0Number of asset objects unloaded after import = 2

========================================================================
Received Import Request.
  Time since last request: 0.000022 seconds.
  path: Assets/Asset/Tileset/fantasy_ [version 2.0]/desert_/Floor/desert__0.asset
  artifactKey: Guid(2a5fbaa8f0920a54c8d866d94b68662f) Importer(2089858483,b0f066a214c2f5e87bad3c948f4d605d)
Start importing Assets/Asset/Tileset/fantasy_ [version 2.0]/desert_/Floor/desert__0.asset using Guid(2a5fbaa8f0920a54c8d866d94b68662f) Importer(2089858483,b0f066a214c2f5e87bad3c948f4d605d) (ScriptedImporter) -> (artifact id: '610cc0cf4e599916e1b6549b59740c95') in 0.0109555 seconds
Number of updated asset objects reloaded before import = 0Number of asset objects unloaded after import = 2

========================================================================
Received Import Request.
  Time since last request: 0.000015 seconds.
  path: Assets/Asset/Tileset/fantasy_ [version 2.0]/swamp_/swamp_ [fencesAndWalls].png
  artifactKey: Guid(44e1e8013494081468143217a3ee9dd7) Importer(2089858483,b0f066a214c2f5e87bad3c948f4d605d)
Start importing Assets/Asset/Tileset/fantasy_ [version 2.0]/swamp_/swamp_ [fencesAndWalls].png using Guid(44e1e8013494081468143217a3ee9dd7) Importer(2089858483,b0f066a214c2f5e87bad3c948f4d605d) (ScriptedImporter) -> (artifact id: '3f90ad38a840185d24ba91dbaf9534f1') in 0.0319678 seconds
Number of updated asset objects reloaded before import = 0Number of asset objects unloaded after import = 25

========================================================================
Received Import Request.
  Time since last request: 0.000018 seconds.
  path: Assets/Asset/Tileset/fantasy_ [version 2.0]/forest_/Floor/forest__81.asset
  artifactKey: Guid(7395debb1a0ee13499f32f37ae76e911) Importer(2089858483,b0f066a214c2f5e87bad3c948f4d605d)
Start importing Assets/Asset/Tileset/fantasy_ [version 2.0]/forest_/Floor/forest__81.asset using Guid(7395debb1a0ee13499f32f37ae76e911) Importer(2089858483,b0f066a214c2f5e87bad3c948f4d605d) (ScriptedImporter) -> (artifact id: '0c0fb0e8317c7b381c7fd53b92e68dd8') in 0.011795 seconds
Number of updated asset objects reloaded before import = 0Number of asset objects unloaded after import = 2

========================================================================
Received Import Request.
  Time since last request: 0.000017 seconds.
  path: Assets/Asset/Tileset/fantasy_ [version 2.0]/taiga_/taiga_ [bridgeAnimatedTiles].png
  artifactKey: Guid(664ef62b69144fd488360ab864d86007) Importer(2089858483,b0f066a214c2f5e87bad3c948f4d605d)
Start importing Assets/Asset/Tileset/fantasy_ [version 2.0]/taiga_/taiga_ [bridgeAnimatedTiles].png using Guid(664ef62b69144fd488360ab864d86007) Importer(2089858483,b0f066a214c2f5e87bad3c948f4d605d) (ScriptedImporter) -> (artifact id: 'c95e69416a05fce9e5300bc21bce7919') in 0.0148593 seconds
Number of updated asset objects reloaded before import = 0Number of asset objects unloaded after import = 3

========================================================================
Received Import Request.
  Time since last request: 0.000014 seconds.
  path: Assets/Asset/Tileset/fantasy_ [version 2.0]/forest_/Floor/forest__1.asset
  artifactKey: Guid(7fde1a1b895c17f40a1a3f645caa580a) Importer(2089858483,b0f066a214c2f5e87bad3c948f4d605d)
Start importing Assets/Asset/Tileset/fantasy_ [version 2.0]/forest_/Floor/forest__1.asset using Guid(7fde1a1b895c17f40a1a3f645caa580a) Importer(2089858483,b0f066a214c2f5e87bad3c948f4d605d) (ScriptedImporter) -> (artifact id: '361edf7cd7259668523c52e28d68b8ef') in 0.0138626 seconds
Number of updated asset objects reloaded before import = 0Number of asset objects unloaded after import = 2

========================================================================
Received Import Request.
  Time since last request: 0.000014 seconds.
  path: Assets/Asset/Tileset/fantasy_ [version 2.0]/forest_/Box/forest_ [fencesAndWalls]_105.asset
  artifactKey: Guid(1df158db32c5bff4bbf0eaf15fec4eef) Importer(2089858483,b0f066a214c2f5e87bad3c948f4d605d)
Start importing Assets/Asset/Tileset/fantasy_ [version 2.0]/forest_/Box/forest_ [fencesAndWalls]_105.asset using Guid(1df158db32c5bff4bbf0eaf15fec4eef) Importer(2089858483,b0f066a214c2f5e87bad3c948f4d605d) (ScriptedImporter) -> (artifact id: '2582faa95e35c3859ef1ebae9d3db9c6') in 0.0116301 seconds
Number of updated asset objects reloaded before import = 0Number of asset objects unloaded after import = 2

========================================================================
Received Import Request.
  Time since last request: 0.000022 seconds.
  path: Assets/Asset/Tileset/fantasy_ [version 2.0]/forest_/Box/forest_ [fencesAndWalls]_5.asset
  artifactKey: Guid(712c0d3b21fa9d54aaaad51e5d8076aa) Importer(2089858483,b0f066a214c2f5e87bad3c948f4d605d)
Start importing Assets/Asset/Tileset/fantasy_ [version 2.0]/forest_/Box/forest_ [fencesAndWalls]_5.asset using Guid(712c0d3b21fa9d54aaaad51e5d8076aa) Importer(2089858483,b0f066a214c2f5e87bad3c948f4d605d) (ScriptedImporter) -> (artifact id: '1c550966e09e30dc10b16ca84e1ce76a') in 0.0118039 seconds
Number of updated asset objects reloaded before import = 0Number of asset objects unloaded after import = 2

========================================================================
Received Import Request.
  Time since last request: 0.000069 seconds.
  path: Assets/Asset/Tileset/fantasy_ [version 2.0]/forest_/Box/forest_ [fencesAndWalls]_48.asset
  artifactKey: Guid(30219a4a33c6aeb4382ecb08b38368bb) Importer(2089858483,b0f066a214c2f5e87bad3c948f4d605d)
Start importing Assets/Asset/Tileset/fantasy_ [version 2.0]/forest_/Box/forest_ [fencesAndWalls]_48.asset using Guid(30219a4a33c6aeb4382ecb08b38368bb) Importer(2089858483,b0f066a214c2f5e87bad3c948f4d605d) (ScriptedImporter) -> (artifact id: '6f50d54e33de0784e2db7332b6e27046') in 0.0131929 seconds
Number of updated asset objects reloaded before import = 0Number of asset objects unloaded after import = 2

========================================================================
Received Import Request.
  Time since last request: 0.000014 seconds.
  path: Assets/Asset/Tileset/fantasy_ [version 2.0]/forest_/Box/forest_ [fencesAndWalls]_95.asset
  artifactKey: Guid(c17accda1d03ef049b8370b356d501ea) Importer(2089858483,b0f066a214c2f5e87bad3c948f4d605d)
Start importing Assets/Asset/Tileset/fantasy_ [version 2.0]/forest_/Box/forest_ [fencesAndWalls]_95.asset using Guid(c17accda1d03ef049b8370b356d501ea) Importer(2089858483,b0f066a214c2f5e87bad3c948f4d605d) (ScriptedImporter) -> (artifact id: 'acd81da5a1ec22e729f91278a91bebf9') in 0.0143382 seconds
Number of updated asset objects reloaded before import = 0Number of asset objects unloaded after import = 2

========================================================================
Received Import Request.
  Time since last request: 0.000016 seconds.
  path: Assets/Asset/Tileset/fantasy_ [version 2.0]/forest_/Floor/forest__94.asset
  artifactKey: Guid(f0ee128b8bb077646af3d08b3098d4c2) Importer(2089858483,b0f066a214c2f5e87bad3c948f4d605d)
Start importing Assets/Asset/Tileset/fantasy_ [version 2.0]/forest_/Floor/forest__94.asset using Guid(f0ee128b8bb077646af3d08b3098d4c2) Importer(2089858483,b0f066a214c2f5e87bad3c948f4d605d) (ScriptedImporter) -> (artifact id: '755ad5beb503e639b337f7d8c313d0be') in 0.0114887 seconds
Number of updated asset objects reloaded before import = 0Number of asset objects unloaded after import = 2

========================================================================
Received Import Request.
  Time since last request: 0.000017 seconds.
  path: Assets/Asset/Tileset/fantasy_ [version 2.0]/forest_/Floor/forest__104.asset
  artifactKey: Guid(0b60a32cfa8b2014e943070d54592e6d) Importer(2089858483,b0f066a214c2f5e87bad3c948f4d605d)
Start importing Assets/Asset/Tileset/fantasy_ [version 2.0]/forest_/Floor/forest__104.asset using Guid(0b60a32cfa8b2014e943070d54592e6d) Importer(2089858483,b0f066a214c2f5e87bad3c948f4d605d) (ScriptedImporter) -> (artifact id: '7166d20cf97ecbeb98c5d845b3883d84') in 0.0120825 seconds
Number of updated asset objects reloaded before import = 0Number of asset objects unloaded after import = 2

========================================================================
Received Import Request.
  Time since last request: 0.000018 seconds.
  path: Assets/Asset/Tileset/fantasy_ [version 2.0]/forest_/Box/forest_ [fencesAndWalls]_27.asset
  artifactKey: Guid(9228641b2e850e5459bdb43a9a91da19) Importer(2089858483,b0f066a214c2f5e87bad3c948f4d605d)
Start importing Assets/Asset/Tileset/fantasy_ [version 2.0]/forest_/Box/forest_ [fencesAndWalls]_27.asset using Guid(9228641b2e850e5459bdb43a9a91da19) Importer(2089858483,b0f066a214c2f5e87bad3c948f4d605d) (ScriptedImporter) -> (artifact id: 'c0d0ad74773ef470222b31e076e5bed5') in 0.0125826 seconds
Number of updated asset objects reloaded before import = 0Number of asset objects unloaded after import = 2

========================================================================
Received Import Request.
  Time since last request: 0.000046 seconds.
  path: Assets/Asset/Tileset/fantasy_ [version 2.0]/forest_/Floor/forest__82.asset
  artifactKey: Guid(e5932e95f6ab23742b56e3313ba6ce99) Importer(2089858483,b0f066a214c2f5e87bad3c948f4d605d)
Start importing Assets/Asset/Tileset/fantasy_ [version 2.0]/forest_/Floor/forest__82.asset using Guid(e5932e95f6ab23742b56e3313ba6ce99) Importer(2089858483,b0f066a214c2f5e87bad3c948f4d605d) (ScriptedImporter) -> (artifact id: '2d277cb0985329e35c9b1abe579f3c73') in 0.0133614 seconds
Number of updated asset objects reloaded before import = 0Number of asset objects unloaded after import = 2

========================================================================
Received Import Request.
  Time since last request: 0.000015 seconds.
  path: Assets/Asset/Tileset/fantasy_ [version 2.0]/forest_/Box/forest_ [fencesAndWalls]_55.asset
  artifactKey: Guid(7e8e52bccea68a24c8dada4c98329972) Importer(2089858483,b0f066a214c2f5e87bad3c948f4d605d)
Start importing Assets/Asset/Tileset/fantasy_ [version 2.0]/forest_/Box/forest_ [fencesAndWalls]_55.asset using Guid(7e8e52bccea68a24c8dada4c98329972) Importer(2089858483,b0f066a214c2f5e87bad3c948f4d605d) (ScriptedImporter) -> (artifact id: 'e4d79a656aefe1fa1f3224dac89dc225') in 0.0128888 seconds
Number of updated asset objects reloaded before import = 0Number of asset objects unloaded after import = 2

========================================================================
Received Import Request.
  Time since last request: 0.000012 seconds.
  path: Assets/Asset/Tileset/fantasy_ [version 2.0]/forest_/Floor/forest__35.asset
  artifactKey: Guid(9ec6b85cab443e24cba81386f50e5fe7) Importer(2089858483,b0f066a214c2f5e87bad3c948f4d605d)
Start importing Assets/Asset/Tileset/fantasy_ [version 2.0]/forest_/Floor/forest__35.asset using Guid(9ec6b85cab443e24cba81386f50e5fe7) Importer(2089858483,b0f066a214c2f5e87bad3c948f4d605d) (ScriptedImporter) -> (artifact id: '23376347cfc3aa6162c363242c4d306d') in 0.0121973 seconds
Number of updated asset objects reloaded before import = 0Number of asset objects unloaded after import = 2

========================================================================
Received Import Request.
  Time since last request: 0.000016 seconds.
  path: Assets/Asset/Tileset/fantasy_ [version 2.0]/desert_/quickSand_.png
  artifactKey: Guid(d6e6da7d9e821774e9deba6b8effe5ce) Importer(2089858483,b0f066a214c2f5e87bad3c948f4d605d)
Start importing Assets/Asset/Tileset/fantasy_ [version 2.0]/desert_/quickSand_.png using Guid(d6e6da7d9e821774e9deba6b8effe5ce) Importer(2089858483,b0f066a214c2f5e87bad3c948f4d605d) (ScriptedImporter) -> (artifact id: '4922bdc41c97fde6fb21ec7347f6e75a') in 0.0133213 seconds
Number of updated asset objects reloaded before import = 0Number of asset objects unloaded after import = 3

========================================================================
Received Import Request.
  Time since last request: 0.000019 seconds.
  path: Assets/Asset/Tileset/fantasy_ [version 2.0]/forest_/Box/forest_ [fencesAndWalls]_58.asset
  artifactKey: Guid(77561b5d36b471b43aab27c79cd373eb) Importer(2089858483,b0f066a214c2f5e87bad3c948f4d605d)
Start importing Assets/Asset/Tileset/fantasy_ [version 2.0]/forest_/Box/forest_ [fencesAndWalls]_58.asset using Guid(77561b5d36b471b43aab27c79cd373eb) Importer(2089858483,b0f066a214c2f5e87bad3c948f4d605d) (ScriptedImporter) -> (artifact id: '31f6b3bc761df364c1b5c482b3f94d3e') in 0.0114363 seconds
Number of updated asset objects reloaded before import = 0Number of asset objects unloaded after import = 2

========================================================================
Received Import Request.
  Time since last request: 0.000015 seconds.
  path: Assets/Asset/Tileset/fantasy_ [version 2.0]/swamp_/swamp_ [resources].png
  artifactKey: Guid(da020f7dbf5bb2c45a8df044845d4760) Importer(2089858483,b0f066a214c2f5e87bad3c948f4d605d)
Start importing Assets/Asset/Tileset/fantasy_ [version 2.0]/swamp_/swamp_ [resources].png using Guid(da020f7dbf5bb2c45a8df044845d4760) Importer(2089858483,b0f066a214c2f5e87bad3c948f4d605d) (ScriptedImporter) -> (artifact id: '4252adb860b06dae7bc624d35a9c8f7f') in 0.0428846 seconds
Number of updated asset objects reloaded before import = 0Number of asset objects unloaded after import = 38

========================================================================
Received Import Request.
  Time since last request: 0.000025 seconds.
  path: Assets/Asset/Tileset/fantasy_ [version 2.0]/cave_/cave_ [resources].png
  artifactKey: Guid(8fbd9c0da6b4f994ebabaa072ef6c78b) Importer(2089858483,b0f066a214c2f5e87bad3c948f4d605d)
Start importing Assets/Asset/Tileset/fantasy_ [version 2.0]/cave_/cave_ [resources].png using Guid(8fbd9c0da6b4f994ebabaa072ef6c78b) Importer(2089858483,b0f066a214c2f5e87bad3c948f4d605d) (ScriptedImporter) -> (artifact id: '1739b5def0a3e524a353e13b304571dd') in 0.037349 seconds
Number of updated asset objects reloaded before import = 0Number of asset objects unloaded after import = 36

========================================================================
Received Import Request.
  Time since last request: 0.000018 seconds.
  path: Assets/Asset/Tileset/fantasy_ [version 2.0]/forest_/Floor/forest__49.asset
  artifactKey: Guid(32e3972d2d6a90c4c89ea6ef1ff95a68) Importer(2089858483,b0f066a214c2f5e87bad3c948f4d605d)
Start importing Assets/Asset/Tileset/fantasy_ [version 2.0]/forest_/Floor/forest__49.asset using Guid(32e3972d2d6a90c4c89ea6ef1ff95a68) Importer(2089858483,b0f066a214c2f5e87bad3c948f4d605d) (ScriptedImporter) -> (artifact id: '0108935ad1bbe1ef5392d973f0f67ac3') in 0.0102443 seconds
Number of updated asset objects reloaded before import = 0Number of asset objects unloaded after import = 2

========================================================================
Received Import Request.
  Time since last request: 0.000041 seconds.
  path: Assets/Asset/Tileset/fantasy_ [version 2.0]/forest_/Floor/forest__78.asset
  artifactKey: Guid(105bf03d98e457d4995041a19e26092f) Importer(2089858483,b0f066a214c2f5e87bad3c948f4d605d)
Start importing Assets/Asset/Tileset/fantasy_ [version 2.0]/forest_/Floor/forest__78.asset using Guid(105bf03d98e457d4995041a19e26092f) Importer(2089858483,b0f066a214c2f5e87bad3c948f4d605d) (ScriptedImporter) -> (artifact id: 'b5475ce50dcc6f63eaa326b43581746c') in 0.0155961 seconds
Number of updated asset objects reloaded before import = 0Number of asset objects unloaded after import = 2

========================================================================
Received Import Request.
  Time since last request: 0.000013 seconds.
  path: Assets/Asset/Tileset/fantasy_ [version 2.0]/forest_/Box/forest_ [fencesAndWalls]_21.asset
  artifactKey: Guid(0bd74a8c56153b849a772f1c6fef633b) Importer(2089858483,b0f066a214c2f5e87bad3c948f4d605d)
Start importing Assets/Asset/Tileset/fantasy_ [version 2.0]/forest_/Box/forest_ [fencesAndWalls]_21.asset using Guid(0bd74a8c56153b849a772f1c6fef633b) Importer(2089858483,b0f066a214c2f5e87bad3c948f4d605d) (ScriptedImporter) -> (artifact id: '3992f001dc2967191edfb7d2b56be869') in 0.0125588 seconds
Number of updated asset objects reloaded before import = 0Number of asset objects unloaded after import = 2

========================================================================
Received Import Request.
  Time since last request: 0.000017 seconds.
  path: Assets/Asset/Tileset/fantasy_ [version 2.0]/forest_/Box/forest_ [fencesAndWalls]_14.asset
  artifactKey: Guid(3753525d8d2844c4eb968322c4841f75) Importer(2089858483,b0f066a214c2f5e87bad3c948f4d605d)
Start importing Assets/Asset/Tileset/fantasy_ [version 2.0]/forest_/Box/forest_ [fencesAndWalls]_14.asset using Guid(3753525d8d2844c4eb968322c4841f75) Importer(2089858483,b0f066a214c2f5e87bad3c948f4d605d) (ScriptedImporter) -> (artifact id: '4b31913502876f640ad1898054e418ac') in 0.0144512 seconds
Number of updated asset objects reloaded before import = 0Number of asset objects unloaded after import = 2

========================================================================
Received Import Request.
  Time since last request: 0.000037 seconds.
  path: Assets/Asset/Tileset/fantasy_ [version 2.0]/forest_/Box/forest_ [fencesAndWalls]_44.asset
  artifactKey: Guid(18871dce48f04a6479c83f8c9189d941) Importer(2089858483,b0f066a214c2f5e87bad3c948f4d605d)
Start importing Assets/Asset/Tileset/fantasy_ [version 2.0]/forest_/Box/forest_ [fencesAndWalls]_44.asset using Guid(18871dce48f04a6479c83f8c9189d941) Importer(2089858483,b0f066a214c2f5e87bad3c948f4d605d) (ScriptedImporter) -> (artifact id: 'e3f01a47f8dd81ebf7f04ff6ebe718f8') in 0.0146114 seconds
Number of updated asset objects reloaded before import = 0Number of asset objects unloaded after import = 2

========================================================================
Received Import Request.
  Time since last request: 0.000013 seconds.
  path: Assets/Asset/Tileset/fantasy_ [version 2.0]/forest_/Floor/forest__45.asset
  artifactKey: Guid(f8cd55fd6d647924495ed50eb9d1956d) Importer(2089858483,b0f066a214c2f5e87bad3c948f4d605d)
Start importing Assets/Asset/Tileset/fantasy_ [version 2.0]/forest_/Floor/forest__45.asset using Guid(f8cd55fd6d647924495ed50eb9d1956d) Importer(2089858483,b0f066a214c2f5e87bad3c948f4d605d) (ScriptedImporter) -> (artifact id: 'a0c270fc34f0cd408d5113b3f92e2d1e') in 0.0117503 seconds
Number of updated asset objects reloaded before import = 0Number of asset objects unloaded after import = 2

========================================================================
Received Import Request.
  Time since last request: 0.000021 seconds.
  path: Assets/Asset/Tileset/fantasy_ [version 2.0]/forest_/Floor/forest__47.asset
  artifactKey: Guid(b80a3bbe0a2fbf04896ea01faa97b09a) Importer(2089858483,b0f066a214c2f5e87bad3c948f4d605d)
Start importing Assets/Asset/Tileset/fantasy_ [version 2.0]/forest_/Floor/forest__47.asset using Guid(b80a3bbe0a2fbf04896ea01faa97b09a) Importer(2089858483,b0f066a214c2f5e87bad3c948f4d605d) (ScriptedImporter) -> (artifact id: 'eb0908c201feeaa35ac7c5311a01a790') in 0.0141934 seconds
Number of updated asset objects reloaded before import = 0Number of asset objects unloaded after import = 2

========================================================================
Received Import Request.
  Time since last request: 0.000014 seconds.
  path: Assets/Asset/Tileset/fantasy_ [version 2.0]/desert_/desert_ [fencesAndWalls].png
  artifactKey: Guid(a9786a8d4e1b1ff4cb3a7f309a9a3319) Importer(2089858483,b0f066a214c2f5e87bad3c948f4d605d)
Start importing Assets/Asset/Tileset/fantasy_ [version 2.0]/desert_/desert_ [fencesAndWalls].png using Guid(a9786a8d4e1b1ff4cb3a7f309a9a3319) Importer(2089858483,b0f066a214c2f5e87bad3c948f4d605d) (ScriptedImporter) -> (artifact id: '77975698c7bf135032da97456a67ff85') in 0.0348148 seconds
Number of updated asset objects reloaded before import = 0Number of asset objects unloaded after import = 25

========================================================================
Received Import Request.
  Time since last request: 0.000021 seconds.
  path: Assets/Asset/Tileset/fantasy_ [version 2.0]/forest_/Floor/forest__27.asset
  artifactKey: Guid(f092ebe7746e7ff4d9e3e192c36ddf74) Importer(2089858483,b0f066a214c2f5e87bad3c948f4d605d)
Start importing Assets/Asset/Tileset/fantasy_ [version 2.0]/forest_/Floor/forest__27.asset using Guid(f092ebe7746e7ff4d9e3e192c36ddf74) Importer(2089858483,b0f066a214c2f5e87bad3c948f4d605d) (ScriptedImporter) -> (artifact id: 'd542e8ac3f8ee28684103908268e90f9') in 0.0134341 seconds
Number of updated asset objects reloaded before import = 0Number of asset objects unloaded after import = 2

========================================================================
Received Import Request.
  Time since last request: 0.000024 seconds.
  path: Assets/Asset/Tileset/fantasy_ [version 2.0]/forest_/Floor/forest__65.asset
  artifactKey: Guid(a624c256bd3a9c448a594fde122bdd73) Importer(2089858483,b0f066a214c2f5e87bad3c948f4d605d)
Start importing Assets/Asset/Tileset/fantasy_ [version 2.0]/forest_/Floor/forest__65.asset using Guid(a624c256bd3a9c448a594fde122bdd73) Importer(2089858483,b0f066a214c2f5e87bad3c948f4d605d) (ScriptedImporter) -> (artifact id: '27cab5406c1a63014630b5bc1855d947') in 0.0133484 seconds
Number of updated asset objects reloaded before import = 0Number of asset objects unloaded after import = 2

========================================================================
Received Import Request.
  Time since last request: 0.000012 seconds.
  path: Assets/Asset/Tileset/fantasy_ [version 2.0]/desert_/Floor/desert__17.asset
  artifactKey: Guid(132cc3fda286bfa4899a3ce3f04f2244) Importer(2089858483,b0f066a214c2f5e87bad3c948f4d605d)
Start importing Assets/Asset/Tileset/fantasy_ [version 2.0]/desert_/Floor/desert__17.asset using Guid(132cc3fda286bfa4899a3ce3f04f2244) Importer(2089858483,b0f066a214c2f5e87bad3c948f4d605d) (ScriptedImporter) -> (artifact id: '4f8e502f60ecb783b9ae6f9249a8baaf') in 0.0112773 seconds
Number of updated asset objects reloaded before import = 0Number of asset objects unloaded after import = 2

========================================================================
Received Import Request.
  Time since last request: 0.000012 seconds.
  path: Assets/Asset/Tileset/fantasy_ [version 2.0]/cave_/cave_ [bridgeAnimatedTiles].png
  artifactKey: Guid(3b97952250ddc2a4c9c6c29ebef91d3a) Importer(2089858483,b0f066a214c2f5e87bad3c948f4d605d)
Start importing Assets/Asset/Tileset/fantasy_ [version 2.0]/cave_/cave_ [bridgeAnimatedTiles].png using Guid(3b97952250ddc2a4c9c6c29ebef91d3a) Importer(2089858483,b0f066a214c2f5e87bad3c948f4d605d) (ScriptedImporter) -> (artifact id: 'b370414e46906bc93eeeafe3d6c2cbb8') in 0.0166156 seconds
Number of updated asset objects reloaded before import = 0Number of asset objects unloaded after import = 3

========================================================================
Received Import Request.
  Time since last request: 0.000015 seconds.
  path: Assets/Asset/Tileset/fantasy_ [version 2.0]/forest_/Floor/forest__91.asset
  artifactKey: Guid(8c64e91b6e686fc4b8f15762159c5f1e) Importer(2089858483,b0f066a214c2f5e87bad3c948f4d605d)
Start importing Assets/Asset/Tileset/fantasy_ [version 2.0]/forest_/Floor/forest__91.asset using Guid(8c64e91b6e686fc4b8f15762159c5f1e) Importer(2089858483,b0f066a214c2f5e87bad3c948f4d605d) (ScriptedImporter) -> (artifact id: 'f25b3149ea8515929e16ef9cb7d7721f') in 0.0147208 seconds
Number of updated asset objects reloaded before import = 0Number of asset objects unloaded after import = 2

========================================================================
Received Import Request.
  Time since last request: 0.000014 seconds.
  path: Assets/Asset/Tileset/fantasy_ [version 2.0]/forest_/Floor/forest__10.asset
  artifactKey: Guid(b0f0b9325f6734c4a93324efa9114a42) Importer(2089858483,b0f066a214c2f5e87bad3c948f4d605d)
Start importing Assets/Asset/Tileset/fantasy_ [version 2.0]/forest_/Floor/forest__10.asset using Guid(b0f0b9325f6734c4a93324efa9114a42) Importer(2089858483,b0f066a214c2f5e87bad3c948f4d605d) (ScriptedImporter) -> (artifact id: '00ee4bf9388401f8e5cd564f169b2512') in 0.0134539 seconds
Number of updated asset objects reloaded before import = 0Number of asset objects unloaded after import = 2

========================================================================
Received Import Request.
  Time since last request: 0.000018 seconds.
  path: Assets/Asset/Tileset/fantasy_ [version 2.0]/desert_/Floor/desert__22.asset
  artifactKey: Guid(2c2beff7fe868bd4bb6adc3e79672565) Importer(2089858483,b0f066a214c2f5e87bad3c948f4d605d)
Start importing Assets/Asset/Tileset/fantasy_ [version 2.0]/desert_/Floor/desert__22.asset using Guid(2c2beff7fe868bd4bb6adc3e79672565) Importer(2089858483,b0f066a214c2f5e87bad3c948f4d605d) (ScriptedImporter) -> (artifact id: '5555c5e58b70ed5ad841d8f79e230ad5') in 0.012096 seconds
Number of updated asset objects reloaded before import = 0Number of asset objects unloaded after import = 2

========================================================================
Received Import Request.
  Time since last request: 0.000019 seconds.
  path: Assets/Asset/Tileset/fantasy_ [version 2.0]/desert_/Floor/desert__59.asset
  artifactKey: Guid(2ce915f292f25124fae59401a95d8d0e) Importer(2089858483,b0f066a214c2f5e87bad3c948f4d605d)
Start importing Assets/Asset/Tileset/fantasy_ [version 2.0]/desert_/Floor/desert__59.asset using Guid(2ce915f292f25124fae59401a95d8d0e) Importer(2089858483,b0f066a214c2f5e87bad3c948f4d605d) (ScriptedImporter) -> (artifact id: '0e4453698a628d8b975217ccf90cb51d') in 0.0109364 seconds
Number of updated asset objects reloaded before import = 0Number of asset objects unloaded after import = 2

========================================================================
Received Import Request.
  Time since last request: 0.000017 seconds.
  path: Assets/Asset/Tileset/fantasy_ [version 2.0]/fantasy_/taigaDesert_.png
  artifactKey: Guid(438a9b467ca0aec4e92a0de4b462c49c) Importer(2089858483,b0f066a214c2f5e87bad3c948f4d605d)
Start importing Assets/Asset/Tileset/fantasy_ [version 2.0]/fantasy_/taigaDesert_.png using Guid(438a9b467ca0aec4e92a0de4b462c49c) Importer(2089858483,b0f066a214c2f5e87bad3c948f4d605d) (ScriptedImporter) -> (artifact id: '7bb85d45095db6de6909dd7c1c21dbf7') in 0.0175723 seconds
Number of updated asset objects reloaded before import = 0Number of asset objects unloaded after import = 3

========================================================================
Received Import Request.
  Time since last request: 0.000014 seconds.
  path: Assets/Asset/Tileset/fantasy_ [version 2.0]/desert_/Floor/desert__1.asset
  artifactKey: Guid(6400705f3e196d541ac0d0f4ca6c932b) Importer(2089858483,b0f066a214c2f5e87bad3c948f4d605d)
Start importing Assets/Asset/Tileset/fantasy_ [version 2.0]/desert_/Floor/desert__1.asset using Guid(6400705f3e196d541ac0d0f4ca6c932b) Importer(2089858483,b0f066a214c2f5e87bad3c948f4d605d) (ScriptedImporter) -> (artifact id: 'aada1fc183e55f8326d6f2906cb50c67') in 0.0148033 seconds
Number of updated asset objects reloaded before import = 0Number of asset objects unloaded after import = 2

========================================================================
Received Import Request.
  Time since last request: 0.000012 seconds.
  path: Assets/Asset/Tileset/fantasy_ [version 2.0]/desert_/Floor/desert__101.asset
  artifactKey: Guid(412918bdfa4d44a4fa01d31def3ea5c5) Importer(2089858483,b0f066a214c2f5e87bad3c948f4d605d)
Start importing Assets/Asset/Tileset/fantasy_ [version 2.0]/desert_/Floor/desert__101.asset using Guid(412918bdfa4d44a4fa01d31def3ea5c5) Importer(2089858483,b0f066a214c2f5e87bad3c948f4d605d) (ScriptedImporter) -> (artifact id: 'f7e7b0ad237dcd0e81acad48acda3c64') in 0.0118884 seconds
Number of updated asset objects reloaded before import = 0Number of asset objects unloaded after import = 2

========================================================================
Received Import Request.
  Time since last request: 0.000011 seconds.
  path: Assets/Asset/Tileset/fantasy_ [version 2.0]/forest_/Box/forest_ [fencesAndWalls]_96.asset
  artifactKey: Guid(ae5cf6defb3326a409d916813a2a0bdd) Importer(2089858483,b0f066a214c2f5e87bad3c948f4d605d)
Start importing Assets/Asset/Tileset/fantasy_ [version 2.0]/forest_/Box/forest_ [fencesAndWalls]_96.asset using Guid(ae5cf6defb3326a409d916813a2a0bdd) Importer(2089858483,b0f066a214c2f5e87bad3c948f4d605d) (ScriptedImporter) -> (artifact id: '5d3cabe6e9cb6dd766379d2c1e9ba7f5') in 0.010905 seconds
Number of updated asset objects reloaded before import = 0Number of asset objects unloaded after import = 2

========================================================================
Received Import Request.
  Time since last request: 0.000017 seconds.
  path: Assets/Asset/Tileset/fantasy_ [version 2.0]/forest_/Box/forest_ [fencesAndWalls]_87.asset
  artifactKey: Guid(b8ae728f2f2c77642ae93a1d5322ff47) Importer(2089858483,b0f066a214c2f5e87bad3c948f4d605d)
Start importing Assets/Asset/Tileset/fantasy_ [version 2.0]/forest_/Box/forest_ [fencesAndWalls]_87.asset using Guid(b8ae728f2f2c77642ae93a1d5322ff47) Importer(2089858483,b0f066a214c2f5e87bad3c948f4d605d) (ScriptedImporter) -> (artifact id: '4c23865cea4accfada4847d4370bdbf0') in 0.0135252 seconds
Number of updated asset objects reloaded before import = 0Number of asset objects unloaded after import = 2

========================================================================
Received Import Request.
  Time since last request: 0.000022 seconds.
  path: Assets/Asset/Tileset/fantasy_ [version 2.0]/taiga_/taiga_ [fencesAndWalls].png
  artifactKey: Guid(af7d4ff8fa8b0154c80270244275309a) Importer(2089858483,b0f066a214c2f5e87bad3c948f4d605d)
Start importing Assets/Asset/Tileset/fantasy_ [version 2.0]/taiga_/taiga_ [fencesAndWalls].png using Guid(af7d4ff8fa8b0154c80270244275309a) Importer(2089858483,b0f066a214c2f5e87bad3c948f4d605d) (ScriptedImporter) -> (artifact id: '7e01a16301f75c431a18c3916213a1a5') in 0.03253 seconds
Number of updated asset objects reloaded before import = 0Number of asset objects unloaded after import = 25

========================================================================
Received Import Request.
  Time since last request: 0.000016 seconds.
  path: Assets/Asset/Tileset/fantasy_ [version 2.0]/forest_/Floor/forest__57.asset
  artifactKey: Guid(cf95ce549c40adc42b315ac2971dff19) Importer(2089858483,b0f066a214c2f5e87bad3c948f4d605d)
Start importing Assets/Asset/Tileset/fantasy_ [version 2.0]/forest_/Floor/forest__57.asset using Guid(cf95ce549c40adc42b315ac2971dff19) Importer(2089858483,b0f066a214c2f5e87bad3c948f4d605d) (ScriptedImporter) -> (artifact id: '67af6e603133021908b857b8bc9c4a28') in 0.0120163 seconds
Number of updated asset objects reloaded before import = 0Number of asset objects unloaded after import = 2

========================================================================
Received Import Request.
  Time since last request: 0.000020 seconds.
  path: Assets/Asset/Tileset/fantasy_ [version 2.0]/forest_/Floor/forest__109.asset
  artifactKey: Guid(defe79af558f5ef418a573af9b59b200) Importer(2089858483,b0f066a214c2f5e87bad3c948f4d605d)
Start importing Assets/Asset/Tileset/fantasy_ [version 2.0]/forest_/Floor/forest__109.asset using Guid(defe79af558f5ef418a573af9b59b200) Importer(2089858483,b0f066a214c2f5e87bad3c948f4d605d) (ScriptedImporter) -> (artifact id: '07522dd01dbb046abb9f107117993c31') in 0.013019 seconds
Number of updated asset objects reloaded before import = 0Number of asset objects unloaded after import = 2

========================================================================
Received Import Request.
  Time since last request: 0.000012 seconds.
  path: Assets/Asset/Tileset/fantasy_ [version 2.0]/forest_/Box/forest_ [fencesAndWalls]_49.asset
  artifactKey: Guid(5396767530b266249a9a8ae719d3c257) Importer(2089858483,b0f066a214c2f5e87bad3c948f4d605d)
Start importing Assets/Asset/Tileset/fantasy_ [version 2.0]/forest_/Box/forest_ [fencesAndWalls]_49.asset using Guid(5396767530b266249a9a8ae719d3c257) Importer(2089858483,b0f066a214c2f5e87bad3c948f4d605d) (ScriptedImporter) -> (artifact id: 'a4066f9b19d49956a649092362191410') in 0.0140028 seconds
Number of updated asset objects reloaded before import = 0Number of asset objects unloaded after import = 2

========================================================================
Received Import Request.
  Time since last request: 0.000016 seconds.
  path: Assets/Asset/Tileset/fantasy_ [version 2.0]/forest_/Box/forest_ [fencesAndWalls]_84.asset
  artifactKey: Guid(e3ce94c9e67fb1342b822f9878913f39) Importer(2089858483,b0f066a214c2f5e87bad3c948f4d605d)
Start importing Assets/Asset/Tileset/fantasy_ [version 2.0]/forest_/Box/forest_ [fencesAndWalls]_84.asset using Guid(e3ce94c9e67fb1342b822f9878913f39) Importer(2089858483,b0f066a214c2f5e87bad3c948f4d605d) (ScriptedImporter) -> (artifact id: '6cd2a44a2c8a6480c30e8154d3087113') in 0.0141813 seconds
Number of updated asset objects reloaded before import = 0Number of asset objects unloaded after import = 2

========================================================================
Received Import Request.
  Time since last request: 0.000016 seconds.
  path: Assets/Asset/Tileset/fantasy_ [version 2.0]/forest_/Box/forest_ [fencesAndWalls]_34.asset
  artifactKey: Guid(4197ca84d1cc5c04599f25cb2fc2ff65) Importer(2089858483,b0f066a214c2f5e87bad3c948f4d605d)
Start importing Assets/Asset/Tileset/fantasy_ [version 2.0]/forest_/Box/forest_ [fencesAndWalls]_34.asset using Guid(4197ca84d1cc5c04599f25cb2fc2ff65) Importer(2089858483,b0f066a214c2f5e87bad3c948f4d605d) (ScriptedImporter) -> (artifact id: '32d3fad3008f2582dd257e2276bd7c35') in 0.0137642 seconds
Number of updated asset objects reloaded before import = 0Number of asset objects unloaded after import = 2

========================================================================
Received Import Request.
  Time since last request: 0.000025 seconds.
  path: Assets/Asset/Tileset/fantasy_ [version 2.0]/tundra_/tundra_.png
  artifactKey: Guid(b17d6b2723122c74a943c310de4b61dd) Importer(2089858483,b0f066a214c2f5e87bad3c948f4d605d)
Start importing Assets/Asset/Tileset/fantasy_ [version 2.0]/tundra_/tundra_.png using Guid(b17d6b2723122c74a943c310de4b61dd) Importer(2089858483,b0f066a214c2f5e87bad3c948f4d605d) (ScriptedImporter) -> (artifact id: '7ffb2a9deb67a2d88eb38998cffac32a') in 0.0155774 seconds
Number of updated asset objects reloaded before import = 0Number of asset objects unloaded after import = 3

========================================================================
Received Import Request.
  Time since last request: 0.000014 seconds.
  path: Assets/Asset/Tileset/fantasy_ [version 2.0]/forest_/Floor/forest__36.asset
  artifactKey: Guid(74649356db1197a48801ea20b9bb3ae5) Importer(2089858483,b0f066a214c2f5e87bad3c948f4d605d)
Start importing Assets/Asset/Tileset/fantasy_ [version 2.0]/forest_/Floor/forest__36.asset using Guid(74649356db1197a48801ea20b9bb3ae5) Importer(2089858483,b0f066a214c2f5e87bad3c948f4d605d) (ScriptedImporter) -> (artifact id: 'e97ad6a13e34db89252f15b3e63f81d1') in 0.0147471 seconds
Number of updated asset objects reloaded before import = 0Number of asset objects unloaded after import = 2

========================================================================
Received Import Request.
  Time since last request: 18.295864 seconds.
  path: Assets/Asset/Tilemap/fantasy_ [version 2.0]/fantasy_
  artifactKey: Guid(75978a89f70fe8e42b99d7581a08c7c0) Importer(2089858483,b0f066a214c2f5e87bad3c948f4d605d)
Start importing Assets/Asset/Tilemap/fantasy_ [version 2.0]/fantasy_ using Guid(75978a89f70fe8e42b99d7581a08c7c0) Importer(2089858483,b0f066a214c2f5e87bad3c948f4d605d) (ScriptedImporter) -> (artifact id: '48cea2f3f9f4b34cc9ddbd563958f026') in 0.0139205 seconds
Number of updated asset objects reloaded before import = 0Number of asset objects unloaded after import = 1

========================================================================
Received Import Request.
  Time since last request: 0.000014 seconds.
  path: Assets/Asset/Tilemap/fantasy_ [version 2.0]/desert_
  artifactKey: Guid(633c5920245c20047b8b1c3626b4c1a8) Importer(2089858483,b0f066a214c2f5e87bad3c948f4d605d)
Start importing Assets/Asset/Tilemap/fantasy_ [version 2.0]/desert_ using Guid(633c5920245c20047b8b1c3626b4c1a8) Importer(2089858483,b0f066a214c2f5e87bad3c948f4d605d) (ScriptedImporter) -> (artifact id: '7d91f8dcb3a918bff72781c392f5b393') in 0.0102915 seconds
Number of updated asset objects reloaded before import = 0Number of asset objects unloaded after import = 1

========================================================================
Received Import Request.
  Time since last request: 0.000013 seconds.
  path: Assets/Asset/Tilemap/fantasy_ [version 2.0]/forest_/Floor/forest__76.asset
  artifactKey: Guid(9ea5ab50250db5148b4b35c4c2f47132) Importer(2089858483,b0f066a214c2f5e87bad3c948f4d605d)
Start importing Assets/Asset/Tilemap/fantasy_ [version 2.0]/forest_/Floor/forest__76.asset using Guid(9ea5ab50250db5148b4b35c4c2f47132) Importer(2089858483,b0f066a214c2f5e87bad3c948f4d605d) (ScriptedImporter) -> (artifact id: '07c30247efffd9f79f3b7dbfc2d3c16f') in 0.011483 seconds
Number of updated asset objects reloaded before import = 0Number of asset objects unloaded after import = 2

========================================================================
Received Import Request.
  Time since last request: 0.000016 seconds.
  path: Assets/Asset/Tilemap/fantasy_ [version 2.0]/forest_/Box/forest_ [fencesAndWalls]_35.asset
  artifactKey: Guid(6a6621907d1b9d24aaadf58bf8ee7873) Importer(2089858483,b0f066a214c2f5e87bad3c948f4d605d)
Start importing Assets/Asset/Tilemap/fantasy_ [version 2.0]/forest_/Box/forest_ [fencesAndWalls]_35.asset using Guid(6a6621907d1b9d24aaadf58bf8ee7873) Importer(2089858483,b0f066a214c2f5e87bad3c948f4d605d) (ScriptedImporter) -> (artifact id: 'd6acbf661072133e7e666f8da45bd9cb') in 0.0122888 seconds
Number of updated asset objects reloaded before import = 0Number of asset objects unloaded after import = 2

========================================================================
Received Import Request.
  Time since last request: 0.000023 seconds.
  path: Assets/Asset/Tilemap/fantasy_ [version 2.0]/forest_/Floor/forest__107.asset
  artifactKey: Guid(7dc0dbb107e36614591b6bf868eee020) Importer(2089858483,b0f066a214c2f5e87bad3c948f4d605d)
Start importing Assets/Asset/Tilemap/fantasy_ [version 2.0]/forest_/Floor/forest__107.asset using Guid(7dc0dbb107e36614591b6bf868eee020) Importer(2089858483,b0f066a214c2f5e87bad3c948f4d605d) (ScriptedImporter) -> (artifact id: '00918e064a83fbc27823f64436af320a') in 0.0118965 seconds
Number of updated asset objects reloaded before import = 0Number of asset objects unloaded after import = 2

========================================================================
Received Import Request.
  Time since last request: 0.000013 seconds.
  path: Assets/Asset/Tilemap/fantasy_ [version 2.0]/desert_/Floor/desert__58.asset
  artifactKey: Guid(3439efb0e0db6d347b0612e39c2105ee) Importer(2089858483,b0f066a214c2f5e87bad3c948f4d605d)
Start importing Assets/Asset/Tilemap/fantasy_ [version 2.0]/desert_/Floor/desert__58.asset using Guid(3439efb0e0db6d347b0612e39c2105ee) Importer(2089858483,b0f066a214c2f5e87bad3c948f4d605d) (ScriptedImporter) -> (artifact id: '09c59f176c7251f076bf59a6cdef9352') in 0.0129413 seconds
Number of updated asset objects reloaded before import = 0Number of asset objects unloaded after import = 2

========================================================================
Received Import Request.
  Time since last request: 0.000013 seconds.
  path: Assets/Asset/Tilemap/fantasy_ [version 2.0]/forest_/Box/forest_ [fencesAndWalls]_88.asset
  artifactKey: Guid(d6cfefa1074bf6342b9d8868f940b189) Importer(2089858483,b0f066a214c2f5e87bad3c948f4d605d)
Start importing Assets/Asset/Tilemap/fantasy_ [version 2.0]/forest_/Box/forest_ [fencesAndWalls]_88.asset using Guid(d6cfefa1074bf6342b9d8868f940b189) Importer(2089858483,b0f066a214c2f5e87bad3c948f4d605d) (ScriptedImporter) -> (artifact id: '6e157bb3367e1120ff0c35c4f38987b0') in 0.0130882 seconds
Number of updated asset objects reloaded before import = 0Number of asset objects unloaded after import = 2

========================================================================
Received Import Request.
  Time since last request: 0.000016 seconds.
  path: Assets/Asset/Tilemap/fantasy_ [version 2.0]/forest_/Floor/forest__38.asset
  artifactKey: Guid(213002313495e28428086b68b0410096) Importer(2089858483,b0f066a214c2f5e87bad3c948f4d605d)
Start importing Assets/Asset/Tilemap/fantasy_ [version 2.0]/forest_/Floor/forest__38.asset using Guid(213002313495e28428086b68b0410096) Importer(2089858483,b0f066a214c2f5e87bad3c948f4d605d) (ScriptedImporter) -> (artifact id: 'a218a7a065afb30d5608c63b9683cfa7') in 0.0130239 seconds
Number of updated asset objects reloaded before import = 0Number of asset objects unloaded after import = 2

========================================================================
Received Import Request.
  Time since last request: 0.000014 seconds.
  path: Assets/Asset/Tilemap/fantasy_ [version 2.0]/forest_/Floor/forest__60.asset
  artifactKey: Guid(818c2de24fb211544a1bbcd304b462d5) Importer(2089858483,b0f066a214c2f5e87bad3c948f4d605d)
Start importing Assets/Asset/Tilemap/fantasy_ [version 2.0]/forest_/Floor/forest__60.asset using Guid(818c2de24fb211544a1bbcd304b462d5) Importer(2089858483,b0f066a214c2f5e87bad3c948f4d605d) (ScriptedImporter) -> (artifact id: 'e90625f6242cb7a238dee2a23481a798') in 0.0133772 seconds
Number of updated asset objects reloaded before import = 0Number of asset objects unloaded after import = 2

========================================================================
Received Import Request.
  Time since last request: 0.000024 seconds.
  path: Assets/Asset/Tilemap/fantasy_ [version 2.0]/forest_/Floor/forest__95.asset
  artifactKey: Guid(886f9e02b6489cd40862ed7021978675) Importer(2089858483,b0f066a214c2f5e87bad3c948f4d605d)
Start importing Assets/Asset/Tilemap/fantasy_ [version 2.0]/forest_/Floor/forest__95.asset using Guid(886f9e02b6489cd40862ed7021978675) Importer(2089858483,b0f066a214c2f5e87bad3c948f4d605d) (ScriptedImporter) -> (artifact id: '6b8551ca74567be44db43a0d100fc264') in 0.0125314 seconds
Number of updated asset objects reloaded before import = 0Number of asset objects unloaded after import = 2

========================================================================
Received Import Request.
  Time since last request: 0.000025 seconds.
  path: Assets/Asset/Tilemap/fantasy_ [version 2.0]/desert_/Floor/desert__88.asset
  artifactKey: Guid(013ba10248312cf4f8a3a577508bb692) Importer(2089858483,b0f066a214c2f5e87bad3c948f4d605d)
Start importing Assets/Asset/Tilemap/fantasy_ [version 2.0]/desert_/Floor/desert__88.asset using Guid(013ba10248312cf4f8a3a577508bb692) Importer(2089858483,b0f066a214c2f5e87bad3c948f4d605d) (ScriptedImporter) -> (artifact id: '7a5ea8031015565f34cddb90560ef4be') in 0.0139941 seconds
Number of updated asset objects reloaded before import = 0Number of asset objects unloaded after import = 2

========================================================================
Received Import Request.
  Time since last request: 0.000014 seconds.
  path: Assets/Asset/Tilemap/fantasy_ [version 2.0]/forest_/Box/forest_ [fencesAndWalls]_92.asset
  artifactKey: Guid(ba0dc4a103cba634cb9e4a884f8a2553) Importer(2089858483,b0f066a214c2f5e87bad3c948f4d605d)
Start importing Assets/Asset/Tilemap/fantasy_ [version 2.0]/forest_/Box/forest_ [fencesAndWalls]_92.asset using Guid(ba0dc4a103cba634cb9e4a884f8a2553) Importer(2089858483,b0f066a214c2f5e87bad3c948f4d605d) (ScriptedImporter) -> (artifact id: 'c05b5806b6ba3ca97699779d665fa2ab') in 0.0129898 seconds
Number of updated asset objects reloaded before import = 0Number of asset objects unloaded after import = 2

========================================================================
Received Import Request.
  Time since last request: 0.000015 seconds.
  path: Assets/Asset/Tilemap/fantasy_ [version 2.0]/forest_/Floor/forest__39.asset
  artifactKey: Guid(7e6199b04c3b9fb4a8e1305af0f4a6e7) Importer(2089858483,b0f066a214c2f5e87bad3c948f4d605d)
Start importing Assets/Asset/Tilemap/fantasy_ [version 2.0]/forest_/Floor/forest__39.asset using Guid(7e6199b04c3b9fb4a8e1305af0f4a6e7) Importer(2089858483,b0f066a214c2f5e87bad3c948f4d605d) (ScriptedImporter) -> (artifact id: '6ba994b48314e24a934f3c993f5cc473') in 0.0139488 seconds
Number of updated asset objects reloaded before import = 0Number of asset objects unloaded after import = 2

========================================================================
Received Import Request.
  Time since last request: 0.000016 seconds.
  path: Assets/Asset/Tilemap/fantasy_ [version 2.0]/desert_/Floor/desert__42.asset
  artifactKey: Guid(4ff337f35d7060d44ae0649d30ceef91) Importer(2089858483,b0f066a214c2f5e87bad3c948f4d605d)
Start importing Assets/Asset/Tilemap/fantasy_ [version 2.0]/desert_/Floor/desert__42.asset using Guid(4ff337f35d7060d44ae0649d30ceef91) Importer(2089858483,b0f066a214c2f5e87bad3c948f4d605d) (ScriptedImporter) -> (artifact id: 'f04bfad4e4173126fd128602263ff116') in 0.0132193 seconds
Number of updated asset objects reloaded before import = 0Number of asset objects unloaded after import = 2

========================================================================
Received Import Request.
  Time since last request: 0.000015 seconds.
  path: Assets/Asset/Tilemap/fantasy_ [version 2.0]/forest_/Box/forest_ [fencesAndWalls]_98.asset
  artifactKey: Guid(28f3c1a51b698e24b8d9bb4c71c7255d) Importer(2089858483,b0f066a214c2f5e87bad3c948f4d605d)
Start importing Assets/Asset/Tilemap/fantasy_ [version 2.0]/forest_/Box/forest_ [fencesAndWalls]_98.asset using Guid(28f3c1a51b698e24b8d9bb4c71c7255d) Importer(2089858483,b0f066a214c2f5e87bad3c948f4d605d) (ScriptedImporter) -> (artifact id: 'aa99246384759d5c48dc8e198655f359') in 0.0122034 seconds
Number of updated asset objects reloaded before import = 0Number of asset objects unloaded after import = 2

========================================================================
Received Import Request.
  Time since last request: 0.000015 seconds.
  path: Assets/Asset/Tilemap/fantasy_ [version 2.0]/forest_/Floor/forest__85.asset
  artifactKey: Guid(24434fd40ec08ce4a94e9d8d7c57a84c) Importer(2089858483,b0f066a214c2f5e87bad3c948f4d605d)
Start importing Assets/Asset/Tilemap/fantasy_ [version 2.0]/forest_/Floor/forest__85.asset using Guid(24434fd40ec08ce4a94e9d8d7c57a84c) Importer(2089858483,b0f066a214c2f5e87bad3c948f4d605d) (ScriptedImporter) -> (artifact id: 'b97e0e3f995a7fe09e1796c799a0d377') in 0.0128454 seconds
Number of updated asset objects reloaded before import = 0Number of asset objects unloaded after import = 2

========================================================================
Received Import Request.
  Time since last request: 0.000022 seconds.
  path: Assets/Asset/Tilemap/fantasy_ [version 2.0]/desert_/Floor/desert__25.asset
  artifactKey: Guid(b06b86648d92a2e499a6013e78f59eec) Importer(2089858483,b0f066a214c2f5e87bad3c948f4d605d)
Start importing Assets/Asset/Tilemap/fantasy_ [version 2.0]/desert_/Floor/desert__25.asset using Guid(b06b86648d92a2e499a6013e78f59eec) Importer(2089858483,b0f066a214c2f5e87bad3c948f4d605d) (ScriptedImporter) -> (artifact id: '7fc05f0831b8c563d85416cb9c012573') in 0.0135891 seconds
Number of updated asset objects reloaded before import = 0Number of asset objects unloaded after import = 2

========================================================================
Received Import Request.
  Time since last request: 0.000011 seconds.
  path: Assets/Asset/Tilemap/fantasy_ [version 2.0]/cave_/cave_ [bridgeAnimatedTiles].png
  artifactKey: Guid(3b97952250ddc2a4c9c6c29ebef91d3a) Importer(2089858483,b0f066a214c2f5e87bad3c948f4d605d)
Start importing Assets/Asset/Tilemap/fantasy_ [version 2.0]/cave_/cave_ [bridgeAnimatedTiles].png using Guid(3b97952250ddc2a4c9c6c29ebef91d3a) Importer(2089858483,b0f066a214c2f5e87bad3c948f4d605d) (ScriptedImporter) -> (artifact id: 'fa6002655ad5cc4d4ec1e0b9d940dd7c') in 0.0141527 seconds
Number of updated asset objects reloaded before import = 0Number of asset objects unloaded after import = 3

========================================================================
Received Import Request.
  Time since last request: 0.000014 seconds.
  path: Assets/Asset/Tilemap/fantasy_ [version 2.0]/forest_/Box/forest_ [fencesAndWalls]_25.asset
  artifactKey: Guid(9d86367385911774ca0780174abbbe5c) Importer(2089858483,b0f066a214c2f5e87bad3c948f4d605d)
Start importing Assets/Asset/Tilemap/fantasy_ [version 2.0]/forest_/Box/forest_ [fencesAndWalls]_25.asset using Guid(9d86367385911774ca0780174abbbe5c) Importer(2089858483,b0f066a214c2f5e87bad3c948f4d605d) (ScriptedImporter) -> (artifact id: '556940bb0b6302c3ce79c8a8d79539b8') in 0.0123881 seconds
Number of updated asset objects reloaded before import = 0Number of asset objects unloaded after import = 2

========================================================================
Received Import Request.
  Time since last request: 0.000014 seconds.
  path: Assets/Asset/Tilemap/fantasy_ [version 2.0]/forest_/Floor/forest__14.asset
  artifactKey: Guid(287eca4524b65434f907a850ca8acd71) Importer(2089858483,b0f066a214c2f5e87bad3c948f4d605d)
Start importing Assets/Asset/Tilemap/fantasy_ [version 2.0]/forest_/Floor/forest__14.asset using Guid(287eca4524b65434f907a850ca8acd71) Importer(2089858483,b0f066a214c2f5e87bad3c948f4d605d) (ScriptedImporter) -> (artifact id: '896a902b982a6815f10ecef0c368bf3d') in 0.0131222 seconds
Number of updated asset objects reloaded before import = 0Number of asset objects unloaded after import = 2

========================================================================
Received Import Request.
  Time since last request: 0.000013 seconds.
  path: Assets/Asset/Tilemap/fantasy_ [version 2.0]/forest_/Box/forest_ [fencesAndWalls]_32.asset
  artifactKey: Guid(d0c3ebc071478754c9302e6f61322dd3) Importer(2089858483,b0f066a214c2f5e87bad3c948f4d605d)
Start importing Assets/Asset/Tilemap/fantasy_ [version 2.0]/forest_/Box/forest_ [fencesAndWalls]_32.asset using Guid(d0c3ebc071478754c9302e6f61322dd3) Importer(2089858483,b0f066a214c2f5e87bad3c948f4d605d) (ScriptedImporter) -> (artifact id: '5c978174279ed23fcbdf5c86ada2aa81') in 0.0143623 seconds
Number of updated asset objects reloaded before import = 0Number of asset objects unloaded after import = 2

========================================================================
Received Import Request.
  Time since last request: 0.000014 seconds.
  path: Assets/Asset/Tilemap/fantasy_ [version 2.0]/forest_/Floor/forest__34.asset
  artifactKey: Guid(576ae3121aa4f0747989d19956125ef1) Importer(2089858483,b0f066a214c2f5e87bad3c948f4d605d)
Start importing Assets/Asset/Tilemap/fantasy_ [version 2.0]/forest_/Floor/forest__34.asset using Guid(576ae3121aa4f0747989d19956125ef1) Importer(2089858483,b0f066a214c2f5e87bad3c948f4d605d) (ScriptedImporter) -> (artifact id: '509970a42e19a65ccb53f38126986da0') in 0.0130624 seconds
Number of updated asset objects reloaded before import = 0Number of asset objects unloaded after import = 2

========================================================================
Received Import Request.
  Time since last request: 0.000023 seconds.
  path: Assets/Asset/Tilemap/fantasy_ [version 2.0]/desert_/Floor/desert__86.asset
  artifactKey: Guid(ba14a7b32b31e4a4bb9ae7398cd2185e) Importer(2089858483,b0f066a214c2f5e87bad3c948f4d605d)
Start importing Assets/Asset/Tilemap/fantasy_ [version 2.0]/desert_/Floor/desert__86.asset using Guid(ba14a7b32b31e4a4bb9ae7398cd2185e) Importer(2089858483,b0f066a214c2f5e87bad3c948f4d605d) (ScriptedImporter) -> (artifact id: 'c41dbbce8390cc0e5361e6df865aaa88') in 0.0132409 seconds
Number of updated asset objects reloaded before import = 0Number of asset objects unloaded after import = 2

========================================================================
Received Import Request.
  Time since last request: 0.000012 seconds.
  path: Assets/Asset/Tilemap/fantasy_ [version 2.0]/swamp_/puddle_.png
  artifactKey: Guid(bb59dfd271ad20b4b86dc4c861a3979d) Importer(2089858483,b0f066a214c2f5e87bad3c948f4d605d)
Start importing Assets/Asset/Tilemap/fantasy_ [version 2.0]/swamp_/puddle_.png using Guid(bb59dfd271ad20b4b86dc4c861a3979d) Importer(2089858483,b0f066a214c2f5e87bad3c948f4d605d) (ScriptedImporter) -> (artifact id: 'f9fa61e85f60f485b2de2ec0dfd5b124') in 0.0161828 seconds
Number of updated asset objects reloaded before import = 0Number of asset objects unloaded after import = 3

========================================================================
Received Import Request.
  Time since last request: 0.000016 seconds.
  path: Assets/Asset/Tilemap/fantasy_ [version 2.0]/forest_/Floor/forest__61.asset
  artifactKey: Guid(06fffa27502dc224b967cff2fcce83b8) Importer(2089858483,b0f066a214c2f5e87bad3c948f4d605d)
Start importing Assets/Asset/Tilemap/fantasy_ [version 2.0]/forest_/Floor/forest__61.asset using Guid(06fffa27502dc224b967cff2fcce83b8) Importer(2089858483,b0f066a214c2f5e87bad3c948f4d605d) (ScriptedImporter) -> (artifact id: '0ac19a885ac50e5ea39bebde5c6d4985') in 0.0138865 seconds
Number of updated asset objects reloaded before import = 0Number of asset objects unloaded after import = 2

========================================================================
Received Import Request.
  Time since last request: 0.000013 seconds.
  path: Assets/Asset/Tilemap/fantasy_ [version 2.0]/forest_/Floor/forest__74.asset
  artifactKey: Guid(5a7d4c96447f4fa4d8166fa8c9bde7e6) Importer(2089858483,b0f066a214c2f5e87bad3c948f4d605d)
Start importing Assets/Asset/Tilemap/fantasy_ [version 2.0]/forest_/Floor/forest__74.asset using Guid(5a7d4c96447f4fa4d8166fa8c9bde7e6) Importer(2089858483,b0f066a214c2f5e87bad3c948f4d605d) (ScriptedImporter) -> (artifact id: '3e6ea6ed83d27b5e553e1c89a9b4be0f') in 0.0134338 seconds
Number of updated asset objects reloaded before import = 0Number of asset objects unloaded after import = 2

========================================================================
Received Import Request.
  Time since last request: 0.000013 seconds.
  path: Assets/Asset/Tilemap/fantasy_ [version 2.0]/desert_/Floor/desert__3.asset
  artifactKey: Guid(eadd3937069150b41bce1c120316e6fd) Importer(2089858483,b0f066a214c2f5e87bad3c948f4d605d)
Start importing Assets/Asset/Tilemap/fantasy_ [version 2.0]/desert_/Floor/desert__3.asset using Guid(eadd3937069150b41bce1c120316e6fd) Importer(2089858483,b0f066a214c2f5e87bad3c948f4d605d) (ScriptedImporter) -> (artifact id: '649cb0e66d4939f395991f9464916c5c') in 0.0134082 seconds
Number of updated asset objects reloaded before import = 0Number of asset objects unloaded after import = 2

========================================================================
Received Import Request.
  Time since last request: 0.000013 seconds.
  path: Assets/Asset/Tilemap/fantasy_ [version 2.0]/forest_/forest_ [bridgeVertical].png
  artifactKey: Guid(315f46575a3462244a7ecddd156c7d6d) Importer(2089858483,b0f066a214c2f5e87bad3c948f4d605d)
Start importing Assets/Asset/Tilemap/fantasy_ [version 2.0]/forest_/forest_ [bridgeVertical].png using Guid(315f46575a3462244a7ecddd156c7d6d) Importer(2089858483,b0f066a214c2f5e87bad3c948f4d605d) (ScriptedImporter) -> (artifact id: 'a6b630e2e667b10253c2583f4302dcbe') in 0.0160934 seconds
Number of updated asset objects reloaded before import = 0Number of asset objects unloaded after import = 3

========================================================================
Received Import Request.
  Time since last request: 0.000025 seconds.
  path: Assets/Asset/Tilemap/fantasy_ [version 2.0]/swamp_/swamp_ [bridgeHorizontal].png
  artifactKey: Guid(a55d1fc65ac052c4085c6f8a665722ad) Importer(2089858483,b0f066a214c2f5e87bad3c948f4d605d)
Start importing Assets/Asset/Tilemap/fantasy_ [version 2.0]/swamp_/swamp_ [bridgeHorizontal].png using Guid(a55d1fc65ac052c4085c6f8a665722ad) Importer(2089858483,b0f066a214c2f5e87bad3c948f4d605d) (ScriptedImporter) -> (artifact id: '68dc15ee5cf48e9a204653ae776bac83') in 0.0153971 seconds
Number of updated asset objects reloaded before import = 0Number of asset objects unloaded after import = 3

========================================================================
Received Import Request.
  Time since last request: 0.000013 seconds.
  path: Assets/Asset/Tilemap/fantasy_ [version 2.0]/forest_/Floor/forest__90.asset
  artifactKey: Guid(ba4f2d679da6845448085d55c2074e64) Importer(2089858483,b0f066a214c2f5e87bad3c948f4d605d)
Start importing Assets/Asset/Tilemap/fantasy_ [version 2.0]/forest_/Floor/forest__90.asset using Guid(ba4f2d679da6845448085d55c2074e64) Importer(2089858483,b0f066a214c2f5e87bad3c948f4d605d) (ScriptedImporter) -> (artifact id: '45a7210dff633800ffc3cfc5bcaf97df') in 0.0128277 seconds
Number of updated asset objects reloaded before import = 0Number of asset objects unloaded after import = 2

========================================================================
Received Import Request.
  Time since last request: 0.000016 seconds.
  path: Assets/Asset/Tilemap/fantasy_ [version 2.0]/forest_/Floor
  artifactKey: Guid(91db1d03936db3647811223d5504bab1) Importer(2089858483,b0f066a214c2f5e87bad3c948f4d605d)
Start importing Assets/Asset/Tilemap/fantasy_ [version 2.0]/forest_/Floor using Guid(91db1d03936db3647811223d5504bab1) Importer(2089858483,b0f066a214c2f5e87bad3c948f4d605d) (ScriptedImporter) -> (artifact id: 'dc5c6aeda5fb2fdc345908889d9eea3b') in 0.0121937 seconds
Number of updated asset objects reloaded before import = 0Number of asset objects unloaded after import = 1

========================================================================
Received Import Request.
  Time since last request: 0.000016 seconds.
  path: Assets/Asset/Tilemap/fantasy_ [version 2.0]/tundra_/tundra_ [fencesAndWalls].png
  artifactKey: Guid(124886c5ec00920468784f7026eef7eb) Importer(2089858483,b0f066a214c2f5e87bad3c948f4d605d)
Start importing Assets/Asset/Tilemap/fantasy_ [version 2.0]/tundra_/tundra_ [fencesAndWalls].png using Guid(124886c5ec00920468784f7026eef7eb) Importer(2089858483,b0f066a214c2f5e87bad3c948f4d605d) (ScriptedImporter) -> (artifact id: '15ece25120afa02579c1f996155bdbb7') in 0.0344029 seconds
Number of updated asset objects reloaded before import = 0Number of asset objects unloaded after import = 25

========================================================================
Received Import Request.
  Time since last request: 0.000018 seconds.
  path: Assets/Asset/Tilemap/fantasy_ [version 2.0]/fantasy_/swampDesert_.png
  artifactKey: Guid(5c210fc5bbd7e2049b1f5a556947d240) Importer(2089858483,b0f066a214c2f5e87bad3c948f4d605d)
Start importing Assets/Asset/Tilemap/fantasy_ [version 2.0]/fantasy_/swampDesert_.png using Guid(5c210fc5bbd7e2049b1f5a556947d240) Importer(2089858483,b0f066a214c2f5e87bad3c948f4d605d) (ScriptedImporter) -> (artifact id: '5df9f9cb4c312f7f1593454f4bc154c0') in 0.0173177 seconds
Number of updated asset objects reloaded before import = 0Number of asset objects unloaded after import = 3

========================================================================
Received Import Request.
  Time since last request: 0.000078 seconds.
  path: Assets/Asset/Tilemap/fantasy_ [version 2.0]/forest_/Box/forest_ [fencesAndWalls]_102.asset
  artifactKey: Guid(7cbc4202c310b9c41a5253619e6b1d82) Importer(2089858483,b0f066a214c2f5e87bad3c948f4d605d)
Start importing Assets/Asset/Tilemap/fantasy_ [version 2.0]/forest_/Box/forest_ [fencesAndWalls]_102.asset using Guid(7cbc4202c310b9c41a5253619e6b1d82) Importer(2089858483,b0f066a214c2f5e87bad3c948f4d605d) (ScriptedImporter) -> (artifact id: 'b3108fc3d91c66a85bee6d7484a71824') in 0.0127406 seconds
Number of updated asset objects reloaded before import = 0Number of asset objects unloaded after import = 2

========================================================================
Received Import Request.
  Time since last request: 0.000019 seconds.
  path: Assets/Asset/Tilemap/fantasy_ [version 2.0]/forest_/Floor/forest__17.asset
  artifactKey: Guid(2af5a7f35c4be9d4ab26c27d60ad7d46) Importer(2089858483,b0f066a214c2f5e87bad3c948f4d605d)
Start importing Assets/Asset/Tilemap/fantasy_ [version 2.0]/forest_/Floor/forest__17.asset using Guid(2af5a7f35c4be9d4ab26c27d60ad7d46) Importer(2089858483,b0f066a214c2f5e87bad3c948f4d605d) (ScriptedImporter) -> (artifact id: 'd7bf866aaa5d8b4c56cda1eb73d119a0') in 0.0133357 seconds
Number of updated asset objects reloaded before import = 0Number of asset objects unloaded after import = 2

========================================================================
Received Import Request.
  Time since last request: 0.000013 seconds.
  path: Assets/Asset/Tilemap/fantasy_ [version 2.0]/forest_/Box/forest_ [fencesAndWalls]_47.asset
  artifactKey: Guid(3c47a0681bfb05748a744be3370a9a72) Importer(2089858483,b0f066a214c2f5e87bad3c948f4d605d)
Start importing Assets/Asset/Tilemap/fantasy_ [version 2.0]/forest_/Box/forest_ [fencesAndWalls]_47.asset using Guid(3c47a0681bfb05748a744be3370a9a72) Importer(2089858483,b0f066a214c2f5e87bad3c948f4d605d) (ScriptedImporter) -> (artifact id: 'c0be65564db58d6c9277d3d3f0e91050') in 0.0130245 seconds
Number of updated asset objects reloaded before import = 0Number of asset objects unloaded after import = 2

========================================================================
Received Import Request.
  Time since last request: 0.000012 seconds.
  path: Assets/Asset/Tilemap/fantasy_ [version 2.0]/forest_/Box/forest_ [fencesAndWalls]_104.asset
  artifactKey: Guid(80d900597fdaeca498a5ff9c350fd3ed) Importer(2089858483,b0f066a214c2f5e87bad3c948f4d605d)
Start importing Assets/Asset/Tilemap/fantasy_ [version 2.0]/forest_/Box/forest_ [fencesAndWalls]_104.asset using Guid(80d900597fdaeca498a5ff9c350fd3ed) Importer(2089858483,b0f066a214c2f5e87bad3c948f4d605d) (ScriptedImporter) -> (artifact id: '6a3f1b9fbc6730cf23b1ffde098a1cd6') in 0.0111505 seconds
Number of updated asset objects reloaded before import = 0Number of asset objects unloaded after import = 2

========================================================================
Received Import Request.
  Time since last request: 0.000013 seconds.
  path: Assets/Asset/Tilemap/fantasy_ [version 2.0]/forest_/Box/forest_ [fencesAndWalls]_48.asset
  artifactKey: Guid(30219a4a33c6aeb4382ecb08b38368bb) Importer(2089858483,b0f066a214c2f5e87bad3c948f4d605d)
Start importing Assets/Asset/Tilemap/fantasy_ [version 2.0]/forest_/Box/forest_ [fencesAndWalls]_48.asset using Guid(30219a4a33c6aeb4382ecb08b38368bb) Importer(2089858483,b0f066a214c2f5e87bad3c948f4d605d) (ScriptedImporter) -> (artifact id: '0ceaa4f86e72302f55a90f26d2d3ef20') in 0.0126978 seconds
Number of updated asset objects reloaded before import = 0Number of asset objects unloaded after import = 2

========================================================================
Received Import Request.
  Time since last request: 0.000013 seconds.
  path: Assets/Asset/Tilemap/fantasy_ [version 2.0]/forest_/Box/forest_ [fencesAndWalls]_59.asset
  artifactKey: Guid(0dd3f099683d4a44683bd0d899a038bf) Importer(2089858483,b0f066a214c2f5e87bad3c948f4d605d)
Start importing Assets/Asset/Tilemap/fantasy_ [version 2.0]/forest_/Box/forest_ [fencesAndWalls]_59.asset using Guid(0dd3f099683d4a44683bd0d899a038bf) Importer(2089858483,b0f066a214c2f5e87bad3c948f4d605d) (ScriptedImporter) -> (artifact id: '8266a4f287cd6702cf2fbe723d12cb17') in 0.0140639 seconds
Number of updated asset objects reloaded before import = 0Number of asset objects unloaded after import = 2

========================================================================
Received Import Request.
  Time since last request: 0.000013 seconds.
  path: Assets/Asset/Tilemap/fantasy_ [version 2.0]/forest_/Floor/forest__51.asset
  artifactKey: Guid(ab57de98334da9445b4104fc4598755c) Importer(2089858483,b0f066a214c2f5e87bad3c948f4d605d)
Start importing Assets/Asset/Tilemap/fantasy_ [version 2.0]/forest_/Floor/forest__51.asset using Guid(ab57de98334da9445b4104fc4598755c) Importer(2089858483,b0f066a214c2f5e87bad3c948f4d605d) (ScriptedImporter) -> (artifact id: '13913050f8ed34b85e2ecc445d4e1d4f') in 0.0135941 seconds
Number of updated asset objects reloaded before import = 0Number of asset objects unloaded after import = 2

========================================================================
Received Import Request.
  Time since last request: 0.000023 seconds.
  path: Assets/Asset/Tilemap/fantasy_ [version 2.0]/forest_/Floor/forest__4.asset
  artifactKey: Guid(40ac0b19a8938c944ac31ee9367c8ccc) Importer(2089858483,b0f066a214c2f5e87bad3c948f4d605d)
Start importing Assets/Asset/Tilemap/fantasy_ [version 2.0]/forest_/Floor/forest__4.asset using Guid(40ac0b19a8938c944ac31ee9367c8ccc) Importer(2089858483,b0f066a214c2f5e87bad3c948f4d605d) (ScriptedImporter) -> (artifact id: 'f389111ee3f9c10ea38802502b4af7bb') in 0.0134922 seconds
Number of updated asset objects reloaded before import = 0Number of asset objects unloaded after import = 2

========================================================================
Received Import Request.
  Time since last request: 0.000013 seconds.
  path: Assets/Asset/Tilemap/fantasy_ [version 2.0]/forest_/Box/forest_ [fencesAndWalls]_81.asset
  artifactKey: Guid(9a127f386ec378c42b1fa6ba1670a4e5) Importer(2089858483,b0f066a214c2f5e87bad3c948f4d605d)
Start importing Assets/Asset/Tilemap/fantasy_ [version 2.0]/forest_/Box/forest_ [fencesAndWalls]_81.asset using Guid(9a127f386ec378c42b1fa6ba1670a4e5) Importer(2089858483,b0f066a214c2f5e87bad3c948f4d605d) (ScriptedImporter) -> (artifact id: '42f6f6bf5be8341eab5b35fd3fa959cd') in 0.0123609 seconds
Number of updated asset objects reloaded before import = 0Number of asset objects unloaded after import = 2

========================================================================
Received Import Request.
  Time since last request: 0.000014 seconds.
  path: Assets/Asset/Tilemap/fantasy_ [version 2.0]/forest_/Floor/forest__5.asset
  artifactKey: Guid(6b95723ab5143074ebdee49bec34aab0) Importer(2089858483,b0f066a214c2f5e87bad3c948f4d605d)
Start importing Assets/Asset/Tilemap/fantasy_ [version 2.0]/forest_/Floor/forest__5.asset using Guid(6b95723ab5143074ebdee49bec34aab0) Importer(2089858483,b0f066a214c2f5e87bad3c948f4d605d) (ScriptedImporter) -> (artifact id: 'e1aa1161367f829fb12863ca2d3709a5') in 0.0132864 seconds
Number of updated asset objects reloaded before import = 0Number of asset objects unloaded after import = 2

========================================================================
Received Import Request.
  Time since last request: 0.000018 seconds.
  path: Assets/Asset/Tilemap/fantasy_ [version 2.0]/forest_/Box/forest_ [fencesAndWalls]_31.asset
  artifactKey: Guid(74176e2334474794eae7e2b1d7be2a62) Importer(2089858483,b0f066a214c2f5e87bad3c948f4d605d)
Start importing Assets/Asset/Tilemap/fantasy_ [version 2.0]/forest_/Box/forest_ [fencesAndWalls]_31.asset using Guid(74176e2334474794eae7e2b1d7be2a62) Importer(2089858483,b0f066a214c2f5e87bad3c948f4d605d) (ScriptedImporter) -> (artifact id: '10068d534429cf0be6180162defff4c5') in 0.013348 seconds
Number of updated asset objects reloaded before import = 0Number of asset objects unloaded after import = 2

========================================================================
Received Import Request.
  Time since last request: 0.000017 seconds.
  path: Assets/Asset/Tilemap/fantasy_ [version 2.0]/forest_/Box/forest_ [fencesAndWalls]_38.asset
  artifactKey: Guid(c310b8a173f84a24d983d4ad03031376) Importer(2089858483,b0f066a214c2f5e87bad3c948f4d605d)
Start importing Assets/Asset/Tilemap/fantasy_ [version 2.0]/forest_/Box/forest_ [fencesAndWalls]_38.asset using Guid(c310b8a173f84a24d983d4ad03031376) Importer(2089858483,b0f066a214c2f5e87bad3c948f4d605d) (ScriptedImporter) -> (artifact id: '3ac4afae68d10d6bfbc46628aa9cf980') in 0.0123745 seconds
Number of updated asset objects reloaded before import = 0Number of asset objects unloaded after import = 2

========================================================================
Received Import Request.
  Time since last request: 0.000016 seconds.
  path: Assets/Asset/Tilemap/fantasy_ [version 2.0]/forest_/Floor/forest__52.asset
  artifactKey: Guid(9f71515a9ed5e6e4fbbc3768f547c9d8) Importer(2089858483,b0f066a214c2f5e87bad3c948f4d605d)
Start importing Assets/Asset/Tilemap/fantasy_ [version 2.0]/forest_/Floor/forest__52.asset using Guid(9f71515a9ed5e6e4fbbc3768f547c9d8) Importer(2089858483,b0f066a214c2f5e87bad3c948f4d605d) (ScriptedImporter) -> (artifact id: 'b838e4c62f6848983d62050ce4951eb2') in 0.0135735 seconds
Number of updated asset objects reloaded before import = 0Number of asset objects unloaded after import = 2

========================================================================
Received Import Request.
  Time since last request: 0.000021 seconds.
  path: Assets/Asset/Tilemap/fantasy_ [version 2.0]/forest_/Box/forest_ [fencesAndWalls]_105.asset
  artifactKey: Guid(1df158db32c5bff4bbf0eaf15fec4eef) Importer(2089858483,b0f066a214c2f5e87bad3c948f4d605d)
Start importing Assets/Asset/Tilemap/fantasy_ [version 2.0]/forest_/Box/forest_ [fencesAndWalls]_105.asset using Guid(1df158db32c5bff4bbf0eaf15fec4eef) Importer(2089858483,b0f066a214c2f5e87bad3c948f4d605d) (ScriptedImporter) -> (artifact id: '44a70009c184b62c46d33c73d3f20c17') in 0.0145679 seconds
Number of updated asset objects reloaded before import = 0Number of asset objects unloaded after import = 2

========================================================================
Received Import Request.
  Time since last request: 0.000018 seconds.
  path: Assets/Asset/Tilemap/fantasy_ [version 2.0]/forest_/Floor/forest__96.asset
  artifactKey: Guid(0d3282fbba34abf4ab18fd8065917eb6) Importer(2089858483,b0f066a214c2f5e87bad3c948f4d605d)
Start importing Assets/Asset/Tilemap/fantasy_ [version 2.0]/forest_/Floor/forest__96.asset using Guid(0d3282fbba34abf4ab18fd8065917eb6) Importer(2089858483,b0f066a214c2f5e87bad3c948f4d605d) (ScriptedImporter) -> (artifact id: '1b1cf434d59aff0edee0cad58a26394d') in 0.0138826 seconds
Number of updated asset objects reloaded before import = 0Number of asset objects unloaded after import = 2

========================================================================
Received Import Request.
  Time since last request: 0.000013 seconds.
  path: Assets/Asset/Tilemap/fantasy_ [version 2.0]/forest_/Box/forest_ [fencesAndWalls]_13.asset
  artifactKey: Guid(0f2609abe99b8d14ca79d7fe3e0c0ac0) Importer(2089858483,b0f066a214c2f5e87bad3c948f4d605d)
Start importing Assets/Asset/Tilemap/fantasy_ [version 2.0]/forest_/Box/forest_ [fencesAndWalls]_13.asset using Guid(0f2609abe99b8d14ca79d7fe3e0c0ac0) Importer(2089858483,b0f066a214c2f5e87bad3c948f4d605d) (ScriptedImporter) -> (artifact id: 'b81350a7ed35b2f0d0ea27cb590f609a') in 0.0131231 seconds
Number of updated asset objects reloaded before import = 0Number of asset objects unloaded after import = 2

========================================================================
Received Import Request.
  Time since last request: 0.000015 seconds.
  path: Assets/Asset/Tilemap/fantasy_ [version 2.0]/forest_/Floor/forest__81.asset
  artifactKey: Guid(7395debb1a0ee13499f32f37ae76e911) Importer(2089858483,b0f066a214c2f5e87bad3c948f4d605d)
Start importing Assets/Asset/Tilemap/fantasy_ [version 2.0]/forest_/Floor/forest__81.asset using Guid(7395debb1a0ee13499f32f37ae76e911) Importer(2089858483,b0f066a214c2f5e87bad3c948f4d605d) (ScriptedImporter) -> (artifact id: '37030e9c673b4fe77687e974bdc8954a') in 0.0135067 seconds
Number of updated asset objects reloaded before import = 0Number of asset objects unloaded after import = 2

========================================================================
Received Import Request.
  Time since last request: 0.000015 seconds.
  path: Assets/Asset/Tilemap/fantasy_ [version 2.0]/forest_/Box/forest_ [fencesAndWalls]_90.asset
  artifactKey: Guid(8f9f317aae471d8498230776441269f5) Importer(2089858483,b0f066a214c2f5e87bad3c948f4d605d)
Start importing Assets/Asset/Tilemap/fantasy_ [version 2.0]/forest_/Box/forest_ [fencesAndWalls]_90.asset using Guid(8f9f317aae471d8498230776441269f5) Importer(2089858483,b0f066a214c2f5e87bad3c948f4d605d) (ScriptedImporter) -> (artifact id: '9e3d2cdfd4d7dbf587deb87ca215cac7') in 0.0135603 seconds
Number of updated asset objects reloaded before import = 0Number of asset objects unloaded after import = 2

========================================================================
Received Import Request.
  Time since last request: 0.000025 seconds.
  path: Assets/Asset/Tilemap/fantasy_ [version 2.0]/cave_/cave_ [fountain].png
  artifactKey: Guid(b59313dbb82a47542b4c36a39ac6470d) Importer(2089858483,b0f066a214c2f5e87bad3c948f4d605d)
Start importing Assets/Asset/Tilemap/fantasy_ [version 2.0]/cave_/cave_ [fountain].png using Guid(b59313dbb82a47542b4c36a39ac6470d) Importer(2089858483,b0f066a214c2f5e87bad3c948f4d605d) (ScriptedImporter) -> (artifact id: 'b41a3d0311d6ca5cd5302ad2154ecb22') in 0.0163769 seconds
Number of updated asset objects reloaded before import = 0Number of asset objects unloaded after import = 3

========================================================================
Received Import Request.
  Time since last request: 0.000029 seconds.
  path: Assets/Asset/Tilemap/fantasy_ [version 2.0]/forest_/Box/forest_ [fencesAndWalls]_46.asset
  artifactKey: Guid(ed87980c11bc0e141a44d0b49ef8c702) Importer(2089858483,b0f066a214c2f5e87bad3c948f4d605d)
Start importing Assets/Asset/Tilemap/fantasy_ [version 2.0]/forest_/Box/forest_ [fencesAndWalls]_46.asset using Guid(ed87980c11bc0e141a44d0b49ef8c702) Importer(2089858483,b0f066a214c2f5e87bad3c948f4d605d) (ScriptedImporter) -> (artifact id: '5a1c993376805ddb181cc2bb3109a8b7') in 0.0169499 seconds
Number of updated asset objects reloaded before import = 0Number of asset objects unloaded after import = 2

========================================================================
Received Import Request.
  Time since last request: 0.000012 seconds.
  path: Assets/Asset/Tilemap/fantasy_ [version 2.0]/forest_/Box/forest_ [fencesAndWalls]_77.asset
  artifactKey: Guid(d7e1bae638827ab4ea78122027118790) Importer(2089858483,b0f066a214c2f5e87bad3c948f4d605d)
Start importing Assets/Asset/Tilemap/fantasy_ [version 2.0]/forest_/Box/forest_ [fencesAndWalls]_77.asset using Guid(d7e1bae638827ab4ea78122027118790) Importer(2089858483,b0f066a214c2f5e87bad3c948f4d605d) (ScriptedImporter) -> (artifact id: '04760ec98a8c6281a64e167d75bdcb9a') in 0.0143801 seconds
Number of updated asset objects reloaded before import = 0Number of asset objects unloaded after import = 2

========================================================================
Received Import Request.
  Time since last request: 0.000015 seconds.
  path: Assets/Asset/Tilemap/fantasy_ [version 2.0]/forest_/forest_ [resources].png
  artifactKey: Guid(a274e90233fdf924983b19c58fc5e0b2) Importer(2089858483,b0f066a214c2f5e87bad3c948f4d605d)
Start importing Assets/Asset/Tilemap/fantasy_ [version 2.0]/forest_/forest_ [resources].png using Guid(a274e90233fdf924983b19c58fc5e0b2) Importer(2089858483,b0f066a214c2f5e87bad3c948f4d605d) (ScriptedImporter) -> (artifact id: 'd8391d5d1090c53941a94fe2953e1f8b') in 0.0485496 seconds
Number of updated asset objects reloaded before import = 0Number of asset objects unloaded after import = 52

========================================================================
Received Import Request.
  Time since last request: 0.000017 seconds.
  path: Assets/Asset/Tilemap/fantasy_ [version 2.0]/cave_/cave_ [fencesAndWalls].png
  artifactKey: Guid(c44bbf54aa93e6f47a2f0d4a0d374157) Importer(2089858483,b0f066a214c2f5e87bad3c948f4d605d)
Start importing Assets/Asset/Tilemap/fantasy_ [version 2.0]/cave_/cave_ [fencesAndWalls].png using Guid(c44bbf54aa93e6f47a2f0d4a0d374157) Importer(2089858483,b0f066a214c2f5e87bad3c948f4d605d) (ScriptedImporter) -> (artifact id: '729f20f6d313fa361fd99972f46757c0') in 0.029651 seconds
Number of updated asset objects reloaded before import = 0Number of asset objects unloaded after import = 25

========================================================================
Received Import Request.
  Time since last request: 0.000017 seconds.
  path: Assets/Asset/Tilemap/fantasy_ [version 2.0]/desert_/Floor/desert__37.asset
  artifactKey: Guid(c1aff44c88e300e4f8ea0d2ce8fc1758) Importer(2089858483,b0f066a214c2f5e87bad3c948f4d605d)
Start importing Assets/Asset/Tilemap/fantasy_ [version 2.0]/desert_/Floor/desert__37.asset using Guid(c1aff44c88e300e4f8ea0d2ce8fc1758) Importer(2089858483,b0f066a214c2f5e87bad3c948f4d605d) (ScriptedImporter) -> (artifact id: 'b4b0d308a2e47330095914586fed1617') in 0.0119907 seconds
Number of updated asset objects reloaded before import = 0Number of asset objects unloaded after import = 2

========================================================================
Received Import Request.
  Time since last request: 0.000022 seconds.
  path: Assets/Asset/Tilemap/fantasy_ [version 2.0]/cave_/cave_ [bridgeVertical].png
  artifactKey: Guid(af5f984c9b1b6a242a40926ee1c11d0d) Importer(2089858483,b0f066a214c2f5e87bad3c948f4d605d)
Start importing Assets/Asset/Tilemap/fantasy_ [version 2.0]/cave_/cave_ [bridgeVertical].png using Guid(af5f984c9b1b6a242a40926ee1c11d0d) Importer(2089858483,b0f066a214c2f5e87bad3c948f4d605d) (ScriptedImporter) -> (artifact id: '218d9a9aa18f9f57e177b30da44dd17f') in 0.0170079 seconds
Number of updated asset objects reloaded before import = 0Number of asset objects unloaded after import = 3

========================================================================
Received Import Request.
  Time since last request: 0.000015 seconds.
  path: Assets/Asset/Tilemap/fantasy_ [version 2.0]/desert_/Floor/desert__10.asset
  artifactKey: Guid(dda6ae7d332d8644daa9dd6431472e22) Importer(2089858483,b0f066a214c2f5e87bad3c948f4d605d)
Start importing Assets/Asset/Tilemap/fantasy_ [version 2.0]/desert_/Floor/desert__10.asset using Guid(dda6ae7d332d8644daa9dd6431472e22) Importer(2089858483,b0f066a214c2f5e87bad3c948f4d605d) (ScriptedImporter) -> (artifact id: '4982526f659650f5a6123981702522e1') in 0.0135077 seconds
Number of updated asset objects reloaded before import = 0Number of asset objects unloaded after import = 2

========================================================================
Received Import Request.
  Time since last request: 0.000014 seconds.
  path: Assets/Asset/Tilemap/fantasy_ [version 2.0]/forest_/Floor/forest__78.asset
  artifactKey: Guid(105bf03d98e457d4995041a19e26092f) Importer(2089858483,b0f066a214c2f5e87bad3c948f4d605d)
Start importing Assets/Asset/Tilemap/fantasy_ [version 2.0]/forest_/Floor/forest__78.asset using Guid(105bf03d98e457d4995041a19e26092f) Importer(2089858483,b0f066a214c2f5e87bad3c948f4d605d) (ScriptedImporter) -> (artifact id: 'e7ebf617318fb0ff2abe8009d27cdb13') in 0.0122324 seconds
Number of updated asset objects reloaded before import = 0Number of asset objects unloaded after import = 2

========================================================================
Received Import Request.
  Time since last request: 0.000015 seconds.
  path: Assets/Asset/Tilemap/fantasy_ [version 2.0]/forest_/Floor/forest__84.asset
  artifactKey: Guid(3dc3bedca0af5034d8d4fcc013cdbd7a) Importer(2089858483,b0f066a214c2f5e87bad3c948f4d605d)
Start importing Assets/Asset/Tilemap/fantasy_ [version 2.0]/forest_/Floor/forest__84.asset using Guid(3dc3bedca0af5034d8d4fcc013cdbd7a) Importer(2089858483,b0f066a214c2f5e87bad3c948f4d605d) (ScriptedImporter) -> (artifact id: 'ab70b9096f8589f818ebc7c0fc54a7c1') in 0.0126309 seconds
Number of updated asset objects reloaded before import = 0Number of asset objects unloaded after import = 2

========================================================================
Received Import Request.
  Time since last request: 0.000013 seconds.
  path: Assets/Asset/Tilemap/fantasy_ [version 2.0]/desert_/Floor/desert__52.asset
  artifactKey: Guid(2a7b281daceedc5479a12dd008a0eab2) Importer(2089858483,b0f066a214c2f5e87bad3c948f4d605d)
Start importing Assets/Asset/Tilemap/fantasy_ [version 2.0]/desert_/Floor/desert__52.asset using Guid(2a7b281daceedc5479a12dd008a0eab2) Importer(2089858483,b0f066a214c2f5e87bad3c948f4d605d) (ScriptedImporter) -> (artifact id: '336b607c04647e8b30aca3b3494d5235') in 0.0120007 seconds
Number of updated asset objects reloaded before import = 0Number of asset objects unloaded after import = 2

========================================================================
Received Import Request.
  Time since last request: 0.000021 seconds.
  path: Assets/Asset/Tilemap/fantasy_ [version 2.0]/forest_/Box/forest_ [fencesAndWalls]_55.asset
  artifactKey: Guid(7e8e52bccea68a24c8dada4c98329972) Importer(2089858483,b0f066a214c2f5e87bad3c948f4d605d)
Start importing Assets/Asset/Tilemap/fantasy_ [version 2.0]/forest_/Box/forest_ [fencesAndWalls]_55.asset using Guid(7e8e52bccea68a24c8dada4c98329972) Importer(2089858483,b0f066a214c2f5e87bad3c948f4d605d) (ScriptedImporter) -> (artifact id: '1a0def3c4bbf160950bd3dcc595716b5') in 0.0139859 seconds
Number of updated asset objects reloaded before import = 0Number of asset objects unloaded after import = 2

========================================================================
Received Import Request.
  Time since last request: 0.000020 seconds.
  path: Assets/Asset/Tilemap/fantasy_ [version 2.0]/forest_/Floor/forest__54.asset
  artifactKey: Guid(a2f58eac540e8484c9e7d677555f5918) Importer(2089858483,b0f066a214c2f5e87bad3c948f4d605d)
Start importing Assets/Asset/Tilemap/fantasy_ [version 2.0]/forest_/Floor/forest__54.asset using Guid(a2f58eac540e8484c9e7d677555f5918) Importer(2089858483,b0f066a214c2f5e87bad3c948f4d605d) (ScriptedImporter) -> (artifact id: '6ae4181fd5e3fc2477a860ed4d465448') in 0.0121353 seconds
Number of updated asset objects reloaded before import = 0Number of asset objects unloaded after import = 2

========================================================================
Received Import Request.
  Time since last request: 0.000016 seconds.
  path: Assets/Asset/Tilemap/fantasy_ [version 2.0]/forest_/Floor/forest__68.asset
  artifactKey: Guid(328a490df650d1b478cfc4f055fe2348) Importer(2089858483,b0f066a214c2f5e87bad3c948f4d605d)
Start importing Assets/Asset/Tilemap/fantasy_ [version 2.0]/forest_/Floor/forest__68.asset using Guid(328a490df650d1b478cfc4f055fe2348) Importer(2089858483,b0f066a214c2f5e87bad3c948f4d605d) (ScriptedImporter) -> (artifact id: '3c5c2d81675d839d0541c7c43a18b210') in 0.0125368 seconds
Number of updated asset objects reloaded before import = 0Number of asset objects unloaded after import = 2

========================================================================
Received Import Request.
  Time since last request: 0.000015 seconds.
  path: Assets/Asset/Tilemap/fantasy_ [version 2.0]/forest_/Floor/forest__2.asset
  artifactKey: Guid(9a937e7cdd885ec429f0a300e1058b9d) Importer(2089858483,b0f066a214c2f5e87bad3c948f4d605d)
Start importing Assets/Asset/Tilemap/fantasy_ [version 2.0]/forest_/Floor/forest__2.asset using Guid(9a937e7cdd885ec429f0a300e1058b9d) Importer(2089858483,b0f066a214c2f5e87bad3c948f4d605d) (ScriptedImporter) -> (artifact id: 'ce6afc00b6e134f5966708d7d7de00ef') in 0.014028 seconds
Number of updated asset objects reloaded before import = 0Number of asset objects unloaded after import = 2

========================================================================
Received Import Request.
  Time since last request: 0.000016 seconds.
  path: Assets/Asset/Tilemap/fantasy_ [version 2.0]/taiga_/taigaPath_.png
  artifactKey: Guid(78201bd49b8ec3e428f346946c2264f1) Importer(2089858483,b0f066a214c2f5e87bad3c948f4d605d)
Start importing Assets/Asset/Tilemap/fantasy_ [version 2.0]/taiga_/taigaPath_.png using Guid(78201bd49b8ec3e428f346946c2264f1) Importer(2089858483,b0f066a214c2f5e87bad3c948f4d605d) (ScriptedImporter) -> (artifact id: '43995f61780f432b35a72d717ee2b439') in 0.015913 seconds
Number of updated asset objects reloaded before import = 0Number of asset objects unloaded after import = 3

========================================================================
Received Import Request.
  Time since last request: 0.000013 seconds.
  path: Assets/Asset/Tilemap/fantasy_ [version 2.0]/forest_/Box/forest_ [fencesAndWalls]_44.asset
  artifactKey: Guid(18871dce48f04a6479c83f8c9189d941) Importer(2089858483,b0f066a214c2f5e87bad3c948f4d605d)
Start importing Assets/Asset/Tilemap/fantasy_ [version 2.0]/forest_/Box/forest_ [fencesAndWalls]_44.asset using Guid(18871dce48f04a6479c83f8c9189d941) Importer(2089858483,b0f066a214c2f5e87bad3c948f4d605d) (ScriptedImporter) -> (artifact id: '7f54a7d216257443a77b2e099f3bdfff') in 0.0111969 seconds
Number of updated asset objects reloaded before import = 0Number of asset objects unloaded after import = 2

========================================================================
Received Import Request.
  Time since last request: 0.000019 seconds.
  path: Assets/Asset/Tilemap/fantasy_ [version 2.0]/forest_/Floor/forest__45.asset
  artifactKey: Guid(f8cd55fd6d647924495ed50eb9d1956d) Importer(2089858483,b0f066a214c2f5e87bad3c948f4d605d)
Start importing Assets/Asset/Tilemap/fantasy_ [version 2.0]/forest_/Floor/forest__45.asset using Guid(f8cd55fd6d647924495ed50eb9d1956d) Importer(2089858483,b0f066a214c2f5e87bad3c948f4d605d) (ScriptedImporter) -> (artifact id: '203d7e53a003487d750b5160b9bdc453') in 0.0120391 seconds
Number of updated asset objects reloaded before import = 0Number of asset objects unloaded after import = 2

========================================================================
Received Import Request.
  Time since last request: 0.000023 seconds.
  path: Assets/Asset/Tilemap/fantasy_ [version 2.0]/desert_/Floor/desert__5.asset
  artifactKey: Guid(cf9847fdd31615d4b9e88c378d55178b) Importer(2089858483,b0f066a214c2f5e87bad3c948f4d605d)
Start importing Assets/Asset/Tilemap/fantasy_ [version 2.0]/desert_/Floor/desert__5.asset using Guid(cf9847fdd31615d4b9e88c378d55178b) Importer(2089858483,b0f066a214c2f5e87bad3c948f4d605d) (ScriptedImporter) -> (artifact id: '7b8d25a5d6a8808590896530ff91b33c') in 0.0122403 seconds
Number of updated asset objects reloaded before import = 0Number of asset objects unloaded after import = 2

========================================================================
Received Import Request.
  Time since last request: 0.000017 seconds.
  path: Assets/Asset/Tilemap/fantasy_ [version 2.0]/desert_/desert_ [fencesAndWalls].png
  artifactKey: Guid(a9786a8d4e1b1ff4cb3a7f309a9a3319) Importer(2089858483,b0f066a214c2f5e87bad3c948f4d605d)
Start importing Assets/Asset/Tilemap/fantasy_ [version 2.0]/desert_/desert_ [fencesAndWalls].png using Guid(a9786a8d4e1b1ff4cb3a7f309a9a3319) Importer(2089858483,b0f066a214c2f5e87bad3c948f4d605d) (ScriptedImporter) -> (artifact id: '38b081418cb161406926573e6f65969c') in 0.0269868 seconds
Number of updated asset objects reloaded before import = 0Number of asset objects unloaded after import = 25

========================================================================
Received Import Request.
  Time since last request: 0.000015 seconds.
  path: Assets/Asset/Tilemap/fantasy_ [version 2.0]/forest_/Box/forest_ [fencesAndWalls]_4.asset
  artifactKey: Guid(18e6770e78680464991bde61d82f7ef5) Importer(2089858483,b0f066a214c2f5e87bad3c948f4d605d)
Start importing Assets/Asset/Tilemap/fantasy_ [version 2.0]/forest_/Box/forest_ [fencesAndWalls]_4.asset using Guid(18e6770e78680464991bde61d82f7ef5) Importer(2089858483,b0f066a214c2f5e87bad3c948f4d605d) (ScriptedImporter) -> (artifact id: '6c6ba813e8ad5e1ba1be002bd9b3a90d') in 0.0118009 seconds
Number of updated asset objects reloaded before import = 0Number of asset objects unloaded after import = 2

========================================================================
Received Import Request.
  Time since last request: 0.000014 seconds.
  path: Assets/Asset/Tilemap/fantasy_ [version 2.0]/desert_/Floor/desert__1.asset
  artifactKey: Guid(6400705f3e196d541ac0d0f4ca6c932b) Importer(2089858483,b0f066a214c2f5e87bad3c948f4d605d)
Start importing Assets/Asset/Tilemap/fantasy_ [version 2.0]/desert_/Floor/desert__1.asset using Guid(6400705f3e196d541ac0d0f4ca6c932b) Importer(2089858483,b0f066a214c2f5e87bad3c948f4d605d) (ScriptedImporter) -> (artifact id: '1ac3f5c23d7a536275d18289d9cf1161') in 0.0100106 seconds
Number of updated asset objects reloaded before import = 0Number of asset objects unloaded after import = 2

========================================================================
Received Import Request.
  Time since last request: 0.000014 seconds.
  path: Assets/Asset/Tilemap/fantasy_ [version 2.0]/desert_/Floor/desert__101.asset
  artifactKey: Guid(412918bdfa4d44a4fa01d31def3ea5c5) Importer(2089858483,b0f066a214c2f5e87bad3c948f4d605d)
Start importing Assets/Asset/Tilemap/fantasy_ [version 2.0]/desert_/Floor/desert__101.asset using Guid(412918bdfa4d44a4fa01d31def3ea5c5) Importer(2089858483,b0f066a214c2f5e87bad3c948f4d605d) (ScriptedImporter) -> (artifact id: '89c93b225c36e32260944687ed4a96cc') in 0.0127219 seconds
Number of updated asset objects reloaded before import = 0Number of asset objects unloaded after import = 2

========================================================================
Received Import Request.
  Time since last request: 0.000017 seconds.
  path: Assets/Asset/Tilemap/fantasy_ [version 2.0]/fantasy_/swampForest_.png
  artifactKey: Guid(d56d2577b1a31314b946a27bb2e57e90) Importer(2089858483,b0f066a214c2f5e87bad3c948f4d605d)
Start importing Assets/Asset/Tilemap/fantasy_ [version 2.0]/fantasy_/swampForest_.png using Guid(d56d2577b1a31314b946a27bb2e57e90) Importer(2089858483,b0f066a214c2f5e87bad3c948f4d605d) (ScriptedImporter) -> (artifact id: '0180b5d7bca01e530476b3ad9081d0d0') in 0.015214 seconds
Number of updated asset objects reloaded before import = 0Number of asset objects unloaded after import = 3

========================================================================
Received Import Request.
  Time since last request: 0.000022 seconds.
  path: Assets/Asset/Tilemap/fantasy_ [version 2.0]/forest_/Box/forest_ [fencesAndWalls]_54.asset
  artifactKey: Guid(e418f8f568917c24aa51225f5cc498a1) Importer(2089858483,b0f066a214c2f5e87bad3c948f4d605d)
Start importing Assets/Asset/Tilemap/fantasy_ [version 2.0]/forest_/Box/forest_ [fencesAndWalls]_54.asset using Guid(e418f8f568917c24aa51225f5cc498a1) Importer(2089858483,b0f066a214c2f5e87bad3c948f4d605d) (ScriptedImporter) -> (artifact id: 'd7abda5fcf6eb9660ce8de3a9d474553') in 0.0112108 seconds
Number of updated asset objects reloaded before import = 0Number of asset objects unloaded after import = 2

========================================================================
Received Import Request.
  Time since last request: 0.000014 seconds.
  path: Assets/Asset/Tilemap/fantasy_ [version 2.0]/cave_
  artifactKey: Guid(7fb89d1b4c8c8f041ad8ecfbd2ed8858) Importer(2089858483,b0f066a214c2f5e87bad3c948f4d605d)
Start importing Assets/Asset/Tilemap/fantasy_ [version 2.0]/cave_ using Guid(7fb89d1b4c8c8f041ad8ecfbd2ed8858) Importer(2089858483,b0f066a214c2f5e87bad3c948f4d605d) (ScriptedImporter) -> (artifact id: '61a7794bbf5898a67ef484cc5346bdd3') in 0.0112433 seconds
Number of updated asset objects reloaded before import = 0Number of asset objects unloaded after import = 1

========================================================================
Received Import Request.
  Time since last request: 0.000014 seconds.
  path: Assets/Asset/Tilemap/fantasy_ [version 2.0]/forest_/Floor/forest__23.asset
  artifactKey: Guid(1fc2703505161d649bae2d01578f674a) Importer(2089858483,b0f066a214c2f5e87bad3c948f4d605d)
Start importing Assets/Asset/Tilemap/fantasy_ [version 2.0]/forest_/Floor/forest__23.asset using Guid(1fc2703505161d649bae2d01578f674a) Importer(2089858483,b0f066a214c2f5e87bad3c948f4d605d) (ScriptedImporter) -> (artifact id: 'e85e14f36ab0b070c6e349cdd246a2d2') in 0.0127083 seconds
Number of updated asset objects reloaded before import = 0Number of asset objects unloaded after import = 2

========================================================================
Received Import Request.
  Time since last request: 0.000015 seconds.
  path: Assets/Asset/Tilemap/fantasy_ [version 2.0]/forest_/Box/forest_ [fencesAndWalls]_86.asset
  artifactKey: Guid(2ce9d6cf96e91234fa6d76d263596df3) Importer(2089858483,b0f066a214c2f5e87bad3c948f4d605d)
Start importing Assets/Asset/Tilemap/fantasy_ [version 2.0]/forest_/Box/forest_ [fencesAndWalls]_86.asset using Guid(2ce9d6cf96e91234fa6d76d263596df3) Importer(2089858483,b0f066a214c2f5e87bad3c948f4d605d) (ScriptedImporter) -> (artifact id: 'b5595af1f7b89dc5304f82f1507c277d') in 0.012783 seconds
Number of updated asset objects reloaded before import = 0Number of asset objects unloaded after import = 2

========================================================================
Received Import Request.
  Time since last request: 0.000013 seconds.
  path: Assets/Asset/Tilemap/fantasy_ [version 2.0]/forest_/Floor/forest__56.asset
  artifactKey: Guid(d3af8fefac93de847befc687e493a176) Importer(2089858483,b0f066a214c2f5e87bad3c948f4d605d)
Start importing Assets/Asset/Tilemap/fantasy_ [version 2.0]/forest_/Floor/forest__56.asset using Guid(d3af8fefac93de847befc687e493a176) Importer(2089858483,b0f066a214c2f5e87bad3c948f4d605d) (ScriptedImporter) -> (artifact id: 'e2ade461465597fa605f01ea34836e8a') in 0.0117698 seconds
Number of updated asset objects reloaded before import = 0Number of asset objects unloaded after import = 2

========================================================================
Received Import Request.
  Time since last request: 0.000021 seconds.
  path: Assets/Asset/Tilemap/fantasy_ [version 2.0]/forest_/Box/forest_ [fencesAndWalls]_39.asset
  artifactKey: Guid(ebe09606fb9f1134faa9788d9d0480fe) Importer(2089858483,b0f066a214c2f5e87bad3c948f4d605d)
Start importing Assets/Asset/Tilemap/fantasy_ [version 2.0]/forest_/Box/forest_ [fencesAndWalls]_39.asset using Guid(ebe09606fb9f1134faa9788d9d0480fe) Importer(2089858483,b0f066a214c2f5e87bad3c948f4d605d) (ScriptedImporter) -> (artifact id: '7673dce7eaa8709ebd641ca2f1ee7243') in 0.013735 seconds
Number of updated asset objects reloaded before import = 0Number of asset objects unloaded after import = 2

========================================================================
Received Import Request.
  Time since last request: 0.000030 seconds.
  path: Assets/Asset/Tilemap/fantasy_ [version 2.0]/fantasy_/tundraForest.png
  artifactKey: Guid(81a892c1f2ef5984cac1e5571fd1b1c7) Importer(2089858483,b0f066a214c2f5e87bad3c948f4d605d)
Start importing Assets/Asset/Tilemap/fantasy_ [version 2.0]/fantasy_/tundraForest.png using Guid(81a892c1f2ef5984cac1e5571fd1b1c7) Importer(2089858483,b0f066a214c2f5e87bad3c948f4d605d) (ScriptedImporter) -> (artifact id: 'd27dbe58982d9825b4ea632a254bc6d5') in 0.0159753 seconds
Number of updated asset objects reloaded before import = 0Number of asset objects unloaded after import = 3

========================================================================
Received Import Request.
  Time since last request: 0.000016 seconds.
  path: Assets/Asset/Tilemap/fantasy_ [version 2.0]/forest_/Floor/forest__69.asset
  artifactKey: Guid(509ae09ba0dd77c40b5e9fd3aca33259) Importer(2089858483,b0f066a214c2f5e87bad3c948f4d605d)
Start importing Assets/Asset/Tilemap/fantasy_ [version 2.0]/forest_/Floor/forest__69.asset using Guid(509ae09ba0dd77c40b5e9fd3aca33259) Importer(2089858483,b0f066a214c2f5e87bad3c948f4d605d) (ScriptedImporter) -> (artifact id: '66b5b5a0739d5c90450b05a85c12fa7b') in 0.0128538 seconds
Number of updated asset objects reloaded before import = 0Number of asset objects unloaded after import = 2

========================================================================
Received Import Request.
  Time since last request: 0.000013 seconds.
  path: Assets/Asset/Tilemap/fantasy_ [version 2.0]/forest_/Floor/forest__18.asset
  artifactKey: Guid(20e88d2770f75b44fae7dee4fe410cff) Importer(2089858483,b0f066a214c2f5e87bad3c948f4d605d)
Start importing Assets/Asset/Tilemap/fantasy_ [version 2.0]/forest_/Floor/forest__18.asset using Guid(20e88d2770f75b44fae7dee4fe410cff) Importer(2089858483,b0f066a214c2f5e87bad3c948f4d605d) (ScriptedImporter) -> (artifact id: '3cf5fac4c974ec096d983d5629281cf8') in 0.0115169 seconds
Number of updated asset objects reloaded before import = 0Number of asset objects unloaded after import = 2

========================================================================
Received Import Request.
  Time since last request: 0.000015 seconds.
  path: Assets/Asset/Tilemap/fantasy_ [version 2.0]/fantasy_/tundraTaiga_.png
  artifactKey: Guid(40e1bb2cd65e6974aae31388bbba3843) Importer(2089858483,b0f066a214c2f5e87bad3c948f4d605d)
Start importing Assets/Asset/Tilemap/fantasy_ [version 2.0]/fantasy_/tundraTaiga_.png using Guid(40e1bb2cd65e6974aae31388bbba3843) Importer(2089858483,b0f066a214c2f5e87bad3c948f4d605d) (ScriptedImporter) -> (artifact id: '211011f7ec3c80f70c69f0fc6c33d90a') in 0.0142445 seconds
Number of updated asset objects reloaded before import = 0Number of asset objects unloaded after import = 3

========================================================================
Received Import Request.
  Time since last request: 0.000019 seconds.
  path: Assets/Asset/Tilemap/fantasy_ [version 2.0]/forest_/Floor/forest__50.asset
  artifactKey: Guid(8f5b96f05785a6b489eee66c40f01082) Importer(2089858483,b0f066a214c2f5e87bad3c948f4d605d)
Start importing Assets/Asset/Tilemap/fantasy_ [version 2.0]/forest_/Floor/forest__50.asset using Guid(8f5b96f05785a6b489eee66c40f01082) Importer(2089858483,b0f066a214c2f5e87bad3c948f4d605d) (ScriptedImporter) -> (artifact id: '45a85ed63c8fbb2032a8f82650b349aa') in 0.0137351 seconds
Number of updated asset objects reloaded before import = 0Number of asset objects unloaded after import = 2

========================================================================
Received Import Request.
  Time since last request: 0.000015 seconds.
  path: Assets/Asset/Tilemap/fantasy_ [version 2.0]/desert_/Floor/desert__41.asset
  artifactKey: Guid(09f223f13c73c1d43ba53e1896b1f764) Importer(2089858483,b0f066a214c2f5e87bad3c948f4d605d)
Start importing Assets/Asset/Tilemap/fantasy_ [version 2.0]/desert_/Floor/desert__41.asset using Guid(09f223f13c73c1d43ba53e1896b1f764) Importer(2089858483,b0f066a214c2f5e87bad3c948f4d605d) (ScriptedImporter) -> (artifact id: 'd20d6dd16f816524973bf64386e80e29') in 0.0147891 seconds
Number of updated asset objects reloaded before import = 0Number of asset objects unloaded after import = 2

========================================================================
Received Import Request.
  Time since last request: 0.000022 seconds.
  path: Assets/Asset/Tilemap/fantasy_ [version 2.0]/forest_/Floor/forest__63.asset
  artifactKey: Guid(c3b8553f78676d944bd8ca178c957913) Importer(2089858483,b0f066a214c2f5e87bad3c948f4d605d)
Start importing Assets/Asset/Tilemap/fantasy_ [version 2.0]/forest_/Floor/forest__63.asset using Guid(c3b8553f78676d944bd8ca178c957913) Importer(2089858483,b0f066a214c2f5e87bad3c948f4d605d) (ScriptedImporter) -> (artifact id: '02716f3f65f8a75c52216e8038631a0b') in 0.0134082 seconds
Number of updated asset objects reloaded before import = 0Number of asset objects unloaded after import = 2

========================================================================
Received Import Request.
  Time since last request: 0.000014 seconds.
  path: Assets/Asset/Tilemap/fantasy_ [version 2.0]/forest_/Floor/forest__97.asset
  artifactKey: Guid(08dfc99d6e8f7d9438b7902ec6347f92) Importer(2089858483,b0f066a214c2f5e87bad3c948f4d605d)
Start importing Assets/Asset/Tilemap/fantasy_ [version 2.0]/forest_/Floor/forest__97.asset using Guid(08dfc99d6e8f7d9438b7902ec6347f92) Importer(2089858483,b0f066a214c2f5e87bad3c948f4d605d) (ScriptedImporter) -> (artifact id: 'dab699414435ec9181b70c81cfa109b0') in 0.0113294 seconds
Number of updated asset objects reloaded before import = 0Number of asset objects unloaded after import = 2

========================================================================
Received Import Request.
  Time since last request: 0.000013 seconds.
  path: Assets/Asset/Tilemap/fantasy_ [version 2.0]/fantasy_/tundraSwampTaigaForestDesert_0.png
  artifactKey: Guid(4e982e8e146cdaf4783690e9687eef4d) Importer(2089858483,b0f066a214c2f5e87bad3c948f4d605d)
Start importing Assets/Asset/Tilemap/fantasy_ [version 2.0]/fantasy_/tundraSwampTaigaForestDesert_0.png using Guid(4e982e8e146cdaf4783690e9687eef4d) Importer(2089858483,b0f066a214c2f5e87bad3c948f4d605d) (ScriptedImporter) -> (artifact id: '4604e1e00673390bd75523f405ca3bad') in 0.0142739 seconds
Number of updated asset objects reloaded before import = 0Number of asset objects unloaded after import = 3

========================================================================
Received Import Request.
  Time since last request: 0.000014 seconds.
  path: Assets/Asset/Tilemap/fantasy_ [version 2.0]/forest_/Box/forest_ [fencesAndWalls]_34.asset
  artifactKey: Guid(4197ca84d1cc5c04599f25cb2fc2ff65) Importer(2089858483,b0f066a214c2f5e87bad3c948f4d605d)
Start importing Assets/Asset/Tilemap/fantasy_ [version 2.0]/forest_/Box/forest_ [fencesAndWalls]_34.asset using Guid(4197ca84d1cc5c04599f25cb2fc2ff65) Importer(2089858483,b0f066a214c2f5e87bad3c948f4d605d) (ScriptedImporter) -> (artifact id: '3d5434dfa83f6da5f1d7f4dd8451e1c9') in 0.0125419 seconds
Number of updated asset objects reloaded before import = 0Number of asset objects unloaded after import = 2

========================================================================
Received Import Request.
  Time since last request: 0.000013 seconds.
  path: Assets/Asset/Tilemap/fantasy_ [version 2.0]/desert_/Floor
  artifactKey: Guid(b4aa7567deda96441a3feef129198bee) Importer(2089858483,b0f066a214c2f5e87bad3c948f4d605d)
Start importing Assets/Asset/Tilemap/fantasy_ [version 2.0]/desert_/Floor using Guid(b4aa7567deda96441a3feef129198bee) Importer(2089858483,b0f066a214c2f5e87bad3c948f4d605d) (ScriptedImporter) -> (artifact id: 'aefb6c0fec8f010e269b53397349a125') in 0.0110674 seconds
Number of updated asset objects reloaded before import = 0Number of asset objects unloaded after import = 1

========================================================================
Received Import Request.
  Time since last request: 0.000019 seconds.
  path: Assets/Asset/Tilemap/fantasy_ [version 2.0]/forest_/Floor/forest__88.asset
  artifactKey: Guid(470d5b5ac5250a94f81044f998884d08) Importer(2089858483,b0f066a214c2f5e87bad3c948f4d605d)
Start importing Assets/Asset/Tilemap/fantasy_ [version 2.0]/forest_/Floor/forest__88.asset using Guid(470d5b5ac5250a94f81044f998884d08) Importer(2089858483,b0f066a214c2f5e87bad3c948f4d605d) (ScriptedImporter) -> (artifact id: '52c382902590495d5c0a8bb6ff9ad700') in 0.0125137 seconds
Number of updated asset objects reloaded before import = 0Number of asset objects unloaded after import = 2

========================================================================
Received Import Request.
  Time since last request: 8.853003 seconds.
  path: Assets/Wallpapers/Sky.png
  artifactKey: Guid(5343bb86dd0c573448b48075c1c336a9) Importer(2089858483,b0f066a214c2f5e87bad3c948f4d605d)
Start importing Assets/Wallpapers/Sky.png using Guid(5343bb86dd0c573448b48075c1c336a9) Importer(2089858483,b0f066a214c2f5e87bad3c948f4d605d) (ScriptedImporter) -> (artifact id: '219e65386c05b71f16424a13d7fa85dd') in 0.015874 seconds
Number of updated asset objects reloaded before import = 0Number of asset objects unloaded after import = 3

========================================================================
Received Import Request.
  Time since last request: 43.574039 seconds.
  path: Assets/UI/Frame.png
  artifactKey: Guid(d01dd1e9b510fa742a5420278b3b4570) Importer(2089858483,b0f066a214c2f5e87bad3c948f4d605d)
Start importing Assets/UI/Frame.png using Guid(d01dd1e9b510fa742a5420278b3b4570) Importer(2089858483,b0f066a214c2f5e87bad3c948f4d605d) (ScriptedImporter) -> (artifact id: '11065a8e0434b4f3535998a1592cc47a') in 0.0141153 seconds
Number of updated asset objects reloaded before import = 0Number of asset objects unloaded after import = 3

========================================================================
Received Prepare
Begin MonoManager ReloadAssembly
[Licensing::Client] Successfully resolved entitlement details
- Loaded All Assemblies, in  1.556 seconds
Refreshing native plugins compatible for Editor in 1.65 ms, found 4 plugins.
Native extension for WindowsStandalone target not found
Native extension for WebGL target not found
[Package Manager] Failed to launch server process. Reason: Unity was launched with the -noUpm command-line argument
[Package Manager] Unable to send message (not connected to server process).
[Package Manager] Cannot connect to Unity Package Manager local server
Mono: successfully reloaded assembly
- Finished resetting the current domain, in  0.570 seconds
Domain Reload Profiling: 2124ms
	BeginReloadAssembly (188ms)
		ExecutionOrderSort (0ms)
		DisableScriptedObjects (10ms)
		BackupInstance (0ms)
		ReleaseScriptingObjects (0ms)
		CreateAndSetChildDomain (41ms)
	RebuildCommonClasses (34ms)
	RebuildNativeTypeToScriptingClass (11ms)
	initialDomainReloadingComplete (25ms)
	LoadAllAssembliesAndSetupDomain (1297ms)
		LoadAssemblies (1234ms)
		RebuildTransferFunctionScriptingTraits (0ms)
		AnalyzeDomain (149ms)
			TypeCache.Refresh (8ms)
				TypeCache.ScanAssembly (0ms)
			BuildScriptInfoCaches (129ms)
			ResolveRequiredComponents (8ms)
	FinalizeReload (570ms)
		ReleaseScriptCaches (0ms)
		RebuildScriptCaches (0ms)
		SetupLoadedEditorAssemblies (446ms)
			LogAssemblyErrors (0ms)
			InitializePlatformSupportModulesInManaged (2ms)
			SetLoadedEditorAssemblies (5ms)
			BeforeProcessingInitializeOnLoad (115ms)
			ProcessInitializeOnLoadAttributes (260ms)
			ProcessInitializeOnLoadMethodAttributes (57ms)
			AfterProcessingInitializeOnLoad (5ms)
			EditorAssembliesLoaded (0ms)
		ExecutionOrderSort2 (0ms)
		AwakeInstancesAfterBackupRestoration (12ms)
Refreshing native plugins compatible for Editor in 2.19 ms, found 4 plugins.
Preloading 0 native plugins for Editor in 0.00 ms.
Unloading 16 Unused Serialized files (Serialized files now loaded: 0)
Unloading 6879 unused Assets / (4.0 MB). Loaded Objects now: 7727.
Memory consumption went from 162.1 MB to 158.1 MB.
Total: 8.459200 ms (FindLiveObjects: 0.554400 ms CreateObjectMapping: 0.506500 ms MarkObjects: 5.918500 ms  DeleteObjects: 1.478600 ms)

Prepare: number of updated asset objects reloaded= 0
========================================================================
Received Prepare
Begin MonoManager ReloadAssembly
- Loaded All Assemblies, in  1.708 seconds
Refreshing native plugins compatible for Editor in 17.06 ms, found 4 plugins.
Native extension for WindowsStandalone target not found
Native extension for WebGL target not found
[Package Manager] Failed to launch server process. Reason: Unity was launched with the -noUpm command-line argument
[Package Manager] Unable to send message (not connected to server process).
[Package Manager] Cannot connect to Unity Package Manager local server
Mono: successfully reloaded assembly
- Finished resetting the current domain, in  0.893 seconds
Domain Reload Profiling: 2588ms
	BeginReloadAssembly (546ms)
		ExecutionOrderSort (0ms)
		DisableScriptedObjects (20ms)
		BackupInstance (0ms)
		ReleaseScriptingObjects (0ms)
		CreateAndSetChildDomain (120ms)
	RebuildCommonClasses (72ms)
	RebuildNativeTypeToScriptingClass (26ms)
	initialDomainReloadingComplete (78ms)
	LoadAllAssembliesAndSetupDomain (972ms)
		LoadAssemblies (964ms)
		RebuildTransferFunctionScriptingTraits (0ms)
		AnalyzeDomain (300ms)
			TypeCache.Refresh (16ms)
				TypeCache.ScanAssembly (0ms)
			BuildScriptInfoCaches (259ms)
			ResolveRequiredComponents (17ms)
	FinalizeReload (894ms)
		ReleaseScriptCaches (0ms)
		RebuildScriptCaches (0ms)
		SetupLoadedEditorAssemblies (675ms)
			LogAssemblyErrors (0ms)
			InitializePlatformSupportModulesInManaged (3ms)
			SetLoadedEditorAssemblies (9ms)
			BeforeProcessingInitializeOnLoad (279ms)
			ProcessInitializeOnLoadAttributes (303ms)
			ProcessInitializeOnLoadMethodAttributes (75ms)
			AfterProcessingInitializeOnLoad (7ms)
			EditorAssembliesLoaded (0ms)
		ExecutionOrderSort2 (0ms)
		AwakeInstancesAfterBackupRestoration (15ms)
Refreshing native plugins compatible for Editor in 1.84 ms, found 4 plugins.
Preloading 0 native plugins for Editor in 0.00 ms.
Unloading 16 Unused Serialized files (Serialized files now loaded: 0)
Unloading 6879 unused Assets / (3.9 MB). Loaded Objects now: 7730.
Memory consumption went from 162.1 MB to 158.2 MB.
Total: 7.320500 ms (FindLiveObjects: 0.549800 ms CreateObjectMapping: 0.514700 ms MarkObjects: 4.757200 ms  DeleteObjects: 1.497900 ms)

Prepare: number of updated asset objects reloaded= 0
========================================================================
Received Prepare
Begin MonoManager ReloadAssembly
- Loaded All Assemblies, in  0.607 seconds
Refreshing native plugins compatible for Editor in 1.49 ms, found 4 plugins.
Native extension for WindowsStandalone target not found
Native extension for WebGL target not found
[Package Manager] Failed to launch server process. Reason: Unity was launched with the -noUpm command-line argument
[Package Manager] Unable to send message (not connected to server process).
[Package Manager] Cannot connect to Unity Package Manager local server
Mono: successfully reloaded assembly
- Finished resetting the current domain, in  0.625 seconds
Domain Reload Profiling: 1232ms
	BeginReloadAssembly (173ms)
		ExecutionOrderSort (0ms)
		DisableScriptedObjects (11ms)
		BackupInstance (0ms)
		ReleaseScriptingObjects (0ms)
		CreateAndSetChildDomain (37ms)
	RebuildCommonClasses (30ms)
	RebuildNativeTypeToScriptingClass (11ms)
	initialDomainReloadingComplete (28ms)
	LoadAllAssembliesAndSetupDomain (365ms)
		LoadAssemblies (291ms)
		RebuildTransferFunctionScriptingTraits (0ms)
		AnalyzeDomain (150ms)
			TypeCache.Refresh (6ms)
				TypeCache.ScanAssembly (0ms)
			BuildScriptInfoCaches (132ms)
			ResolveRequiredComponents (9ms)
	FinalizeReload (626ms)
		ReleaseScriptCaches (0ms)
		RebuildScriptCaches (0ms)
		SetupLoadedEditorAssemblies (500ms)
			LogAssemblyErrors (0ms)
			InitializePlatformSupportModulesInManaged (2ms)
			SetLoadedEditorAssemblies (6ms)
			BeforeProcessingInitializeOnLoad (139ms)
			ProcessInitializeOnLoadAttributes (278ms)
			ProcessInitializeOnLoadMethodAttributes (70ms)
			AfterProcessingInitializeOnLoad (5ms)
			EditorAssembliesLoaded (0ms)
		ExecutionOrderSort2 (0ms)
		AwakeInstancesAfterBackupRestoration (12ms)
Refreshing native plugins compatible for Editor in 1.67 ms, found 4 plugins.
Preloading 0 native plugins for Editor in 0.00 ms.
Unloading 16 Unused Serialized files (Serialized files now loaded: 0)
Unloading 6879 unused Assets / (4.0 MB). Loaded Objects now: 7733.
Memory consumption went from 162.2 MB to 158.2 MB.
Total: 6.808500 ms (FindLiveObjects: 0.468400 ms CreateObjectMapping: 0.405400 ms MarkObjects: 4.374600 ms  DeleteObjects: 1.559000 ms)

Prepare: number of updated asset objects reloaded= 0
========================================================================
Received Prepare
Begin MonoManager ReloadAssembly
[Licensing::Client] Successfully resolved entitlement details
- Loaded All Assemblies, in  0.661 seconds
Refreshing native plugins compatible for Editor in 1.64 ms, found 4 plugins.
Native extension for WindowsStandalone target not found
Native extension for WebGL target not found
[Package Manager] Failed to launch server process. Reason: Unity was launched with the -noUpm command-line argument
[Package Manager] Unable to send message (not connected to server process).
[Package Manager] Cannot connect to Unity Package Manager local server
Mono: successfully reloaded assembly
- Finished resetting the current domain, in  0.711 seconds
Domain Reload Profiling: 1371ms
	BeginReloadAssembly (192ms)
		ExecutionOrderSort (0ms)
		DisableScriptedObjects (12ms)
		BackupInstance (0ms)
		ReleaseScriptingObjects (0ms)
		CreateAndSetChildDomain (37ms)
	RebuildCommonClasses (30ms)
	RebuildNativeTypeToScriptingClass (12ms)
	initialDomainReloadingComplete (24ms)
	LoadAllAssembliesAndSetupDomain (403ms)
		LoadAssemblies (316ms)
		RebuildTransferFunctionScriptingTraits (0ms)
		AnalyzeDomain (171ms)
			TypeCache.Refresh (6ms)
				TypeCache.ScanAssembly (0ms)
			BuildScriptInfoCaches (150ms)
			ResolveRequiredComponents (10ms)
	FinalizeReload (711ms)
		ReleaseScriptCaches (0ms)
		RebuildScriptCaches (0ms)
		SetupLoadedEditorAssemblies (554ms)
			LogAssemblyErrors (0ms)
			InitializePlatformSupportModulesInManaged (2ms)
			SetLoadedEditorAssemblies (8ms)
			BeforeProcessingInitializeOnLoad (145ms)
			ProcessInitializeOnLoadAttributes (318ms)
			ProcessInitializeOnLoadMethodAttributes (73ms)
			AfterProcessingInitializeOnLoad (8ms)
			EditorAssembliesLoaded (0ms)
		ExecutionOrderSort2 (0ms)
		AwakeInstancesAfterBackupRestoration (16ms)
Refreshing native plugins compatible for Editor in 1.73 ms, found 4 plugins.
Preloading 0 native plugins for Editor in 0.00 ms.
Unloading 16 Unused Serialized files (Serialized files now loaded: 0)
Unloading 6879 unused Assets / (4.1 MB). Loaded Objects now: 7736.
Memory consumption went from 162.2 MB to 158.1 MB.
Total: 8.778700 ms (FindLiveObjects: 0.485600 ms CreateObjectMapping: 0.319000 ms MarkObjects: 5.866500 ms  DeleteObjects: 2.106300 ms)

Prepare: number of updated asset objects reloaded= 0
========================================================================
Received Prepare
Begin MonoManager ReloadAssembly
- Loaded All Assemblies, in  0.651 seconds
Refreshing native plugins compatible for Editor in 1.59 ms, found 4 plugins.
Native extension for WindowsStandalone target not found
Native extension for WebGL target not found
[Package Manager] Failed to launch server process. Reason: Unity was launched with the -noUpm command-line argument
[Package Manager] Unable to send message (not connected to server process).
[Package Manager] Cannot connect to Unity Package Manager local server
Mono: successfully reloaded assembly
- Finished resetting the current domain, in  0.720 seconds
Domain Reload Profiling: 1371ms
	BeginReloadAssembly (178ms)
		ExecutionOrderSort (0ms)
		DisableScriptedObjects (11ms)
		BackupInstance (0ms)
		ReleaseScriptingObjects (0ms)
		CreateAndSetChildDomain (36ms)
	RebuildCommonClasses (31ms)
	RebuildNativeTypeToScriptingClass (12ms)
	initialDomainReloadingComplete (25ms)
	LoadAllAssembliesAndSetupDomain (405ms)
		LoadAssemblies (317ms)
		RebuildTransferFunctionScriptingTraits (0ms)
		AnalyzeDomain (169ms)
			TypeCache.Refresh (7ms)
				TypeCache.ScanAssembly (0ms)
			BuildScriptInfoCaches (150ms)
			ResolveRequiredComponents (9ms)
	FinalizeReload (721ms)
		ReleaseScriptCaches (0ms)
		RebuildScriptCaches (0ms)
		SetupLoadedEditorAssemblies (564ms)
			LogAssemblyErrors (0ms)
			InitializePlatformSupportModulesInManaged (2ms)
			SetLoadedEditorAssemblies (5ms)
			BeforeProcessingInitializeOnLoad (142ms)
			ProcessInitializeOnLoadAttributes (331ms)
			ProcessInitializeOnLoadMethodAttributes (76ms)
			AfterProcessingInitializeOnLoad (7ms)
			EditorAssembliesLoaded (0ms)
		ExecutionOrderSort2 (0ms)
		AwakeInstancesAfterBackupRestoration (15ms)
Refreshing native plugins compatible for Editor in 1.91 ms, found 4 plugins.
Preloading 0 native plugins for Editor in 0.00 ms.
Unloading 16 Unused Serialized files (Serialized files now loaded: 0)
Unloading 6879 unused Assets / (3.8 MB). Loaded Objects now: 7739.
Memory consumption went from 162.3 MB to 158.4 MB.
Total: 7.366600 ms (FindLiveObjects: 0.535300 ms CreateObjectMapping: 0.309700 ms MarkObjects: 4.832100 ms  DeleteObjects: 1.688200 ms)

Prepare: number of updated asset objects reloaded= 0
========================================================================
Received Prepare
Refreshing native plugins compatible for Editor in 7.20 ms, found 4 plugins.
Preloading 0 native plugins for Editor in 0.00 ms.
Unloading 16 Unused Serialized files (Serialized files now loaded: 0)
Unloading 6869 unused Assets / (4.2 MB). Loaded Objects now: 7739.
Memory consumption went from 162.4 MB to 158.2 MB.
Total: 9.981100 ms (FindLiveObjects: 0.541500 ms CreateObjectMapping: 0.443400 ms MarkObjects: 6.772700 ms  DeleteObjects: 2.222100 ms)

Prepare: number of updated asset objects reloaded= 0
========================================================================
Received Prepare
Begin MonoManager ReloadAssembly
- Loaded All Assemblies, in  0.681 seconds
Refreshing native plugins compatible for Editor in 2.15 ms, found 4 plugins.
Native extension for WindowsStandalone target not found
Native extension for WebGL target not found
[Package Manager] Failed to launch server process. Reason: Unity was launched with the -noUpm command-line argument
[Package Manager] Unable to send message (not connected to server process).
[Package Manager] Cannot connect to Unity Package Manager local server
Mono: successfully reloaded assembly
- Finished resetting the current domain, in  0.811 seconds
Domain Reload Profiling: 1492ms
	BeginReloadAssembly (180ms)
		ExecutionOrderSort (0ms)
		DisableScriptedObjects (14ms)
		BackupInstance (0ms)
		ReleaseScriptingObjects (0ms)
		CreateAndSetChildDomain (36ms)
	RebuildCommonClasses (34ms)
	RebuildNativeTypeToScriptingClass (12ms)
	initialDomainReloadingComplete (26ms)
	LoadAllAssembliesAndSetupDomain (430ms)
		LoadAssemblies (325ms)
		RebuildTransferFunctionScriptingTraits (0ms)
		AnalyzeDomain (187ms)
			TypeCache.Refresh (11ms)
				TypeCache.ScanAssembly (0ms)
			BuildScriptInfoCaches (158ms)
			ResolveRequiredComponents (12ms)
	FinalizeReload (811ms)
		ReleaseScriptCaches (0ms)
		RebuildScriptCaches (0ms)
		SetupLoadedEditorAssemblies (644ms)
			LogAssemblyErrors (0ms)
			InitializePlatformSupportModulesInManaged (2ms)
			SetLoadedEditorAssemblies (6ms)
			BeforeProcessingInitializeOnLoad (171ms)
			ProcessInitializeOnLoadAttributes (385ms)
			ProcessInitializeOnLoadMethodAttributes (74ms)
			AfterProcessingInitializeOnLoad (6ms)
			EditorAssembliesLoaded (0ms)
		ExecutionOrderSort2 (0ms)
		AwakeInstancesAfterBackupRestoration (14ms)
Refreshing native plugins compatible for Editor in 2.67 ms, found 4 plugins.
Preloading 0 native plugins for Editor in 0.00 ms.
Unloading 16 Unused Serialized files (Serialized files now loaded: 0)
Unloading 6879 unused Assets / (4.2 MB). Loaded Objects now: 7742.
Memory consumption went from 162.3 MB to 158.1 MB.
Total: 8.038900 ms (FindLiveObjects: 0.524800 ms CreateObjectMapping: 0.438100 ms MarkObjects: 4.939200 ms  DeleteObjects: 2.135500 ms)

Prepare: number of updated asset objects reloaded= 0
========================================================================
Received Prepare
Begin MonoManager ReloadAssembly
- Loaded All Assemblies, in  0.661 seconds
Refreshing native plugins compatible for Editor in 2.05 ms, found 4 plugins.
Native extension for WindowsStandalone target not found
Native extension for WebGL target not found
[Package Manager] Failed to launch server process. Reason: Unity was launched with the -noUpm command-line argument
[Package Manager] Unable to send message (not connected to server process).
[Package Manager] Cannot connect to Unity Package Manager local server
Mono: successfully reloaded assembly
- Finished resetting the current domain, in  0.725 seconds
Domain Reload Profiling: 1386ms
	BeginReloadAssembly (187ms)
		ExecutionOrderSort (0ms)
		DisableScriptedObjects (11ms)
		BackupInstance (0ms)
		ReleaseScriptingObjects (0ms)
		CreateAndSetChildDomain (40ms)
	RebuildCommonClasses (30ms)
	RebuildNativeTypeToScriptingClass (12ms)
	initialDomainReloadingComplete (26ms)
	LoadAllAssembliesAndSetupDomain (406ms)
		LoadAssemblies (318ms)
		RebuildTransferFunctionScriptingTraits (0ms)
		AnalyzeDomain (172ms)
			TypeCache.Refresh (7ms)
				TypeCache.ScanAssembly (0ms)
			BuildScriptInfoCaches (150ms)
			ResolveRequiredComponents (9ms)
	FinalizeReload (725ms)
		ReleaseScriptCaches (0ms)
		RebuildScriptCaches (0ms)
		SetupLoadedEditorAssemblies (573ms)
			LogAssemblyErrors (0ms)
			InitializePlatformSupportModulesInManaged (2ms)
			SetLoadedEditorAssemblies (5ms)
			BeforeProcessingInitializeOnLoad (134ms)
			ProcessInitializeOnLoadAttributes (337ms)
			ProcessInitializeOnLoadMethodAttributes (86ms)
			AfterProcessingInitializeOnLoad (8ms)
			EditorAssembliesLoaded (0ms)
		ExecutionOrderSort2 (0ms)
		AwakeInstancesAfterBackupRestoration (19ms)
Refreshing native plugins compatible for Editor in 2.76 ms, found 4 plugins.
Preloading 0 native plugins for Editor in 0.00 ms.
Unloading 16 Unused Serialized files (Serialized files now loaded: 0)
Unloading 6879 unused Assets / (3.9 MB). Loaded Objects now: 7745.
Memory consumption went from 162.4 MB to 158.5 MB.
Total: 8.129200 ms (FindLiveObjects: 0.864600 ms CreateObjectMapping: 0.341200 ms MarkObjects: 5.092700 ms  DeleteObjects: 1.829300 ms)

Prepare: number of updated asset objects reloaded= 0
========================================================================
Received Prepare
Begin MonoManager ReloadAssembly
[Licensing::Client] Successfully resolved entitlement details
- Loaded All Assemblies, in  0.673 seconds
Refreshing native plugins compatible for Editor in 2.01 ms, found 4 plugins.
Native extension for WindowsStandalone target not found
Native extension for WebGL target not found
[Package Manager] Failed to launch server process. Reason: Unity was launched with the -noUpm command-line argument
[Package Manager] Unable to send message (not connected to server process).
[Package Manager] Cannot connect to Unity Package Manager local server
Mono: successfully reloaded assembly
- Finished resetting the current domain, in  0.871 seconds
Domain Reload Profiling: 1544ms
	BeginReloadAssembly (188ms)
		ExecutionOrderSort (0ms)
		DisableScriptedObjects (11ms)
		BackupInstance (0ms)
		ReleaseScriptingObjects (0ms)
		CreateAndSetChildDomain (37ms)
	RebuildCommonClasses (31ms)
	RebuildNativeTypeToScriptingClass (12ms)
	initialDomainReloadingComplete (25ms)
	LoadAllAssembliesAndSetupDomain (416ms)
		LoadAssemblies (318ms)
		RebuildTransferFunctionScriptingTraits (0ms)
		AnalyzeDomain (185ms)
			TypeCache.Refresh (6ms)
				TypeCache.ScanAssembly (0ms)
			BuildScriptInfoCaches (166ms)
			ResolveRequiredComponents (8ms)
	FinalizeReload (872ms)
		ReleaseScriptCaches (0ms)
		RebuildScriptCaches (0ms)
		SetupLoadedEditorAssemblies (713ms)
			LogAssemblyErrors (0ms)
			InitializePlatformSupportModulesInManaged (2ms)
			SetLoadedEditorAssemblies (7ms)
			BeforeProcessingInitializeOnLoad (169ms)
			ProcessInitializeOnLoadAttributes (428ms)
			ProcessInitializeOnLoadMethodAttributes (98ms)
			AfterProcessingInitializeOnLoad (9ms)
			EditorAssembliesLoaded (0ms)
		ExecutionOrderSort2 (0ms)
		AwakeInstancesAfterBackupRestoration (21ms)
Refreshing native plugins compatible for Editor in 2.70 ms, found 4 plugins.
Preloading 0 native plugins for Editor in 0.00 ms.
Unloading 16 Unused Serialized files (Serialized files now loaded: 0)
Unloading 6879 unused Assets / (4.0 MB). Loaded Objects now: 7748.
Memory consumption went from 162.4 MB to 158.4 MB.
Total: 9.697700 ms (FindLiveObjects: 0.582900 ms CreateObjectMapping: 0.415200 ms MarkObjects: 6.457800 ms  DeleteObjects: 2.240200 ms)

Prepare: number of updated asset objects reloaded= 0
========================================================================
Received Prepare
Begin MonoManager ReloadAssembly
[Licensing::Client] Successfully resolved entitlement details
- Loaded All Assemblies, in  0.939 seconds
Refreshing native plugins compatible for Editor in 2.10 ms, found 4 plugins.
Native extension for WindowsStandalone target not found
Native extension for WebGL target not found
[Package Manager] Failed to launch server process. Reason: Unity was launched with the -noUpm command-line argument
[Package Manager] Unable to send message (not connected to server process).
[Package Manager] Cannot connect to Unity Package Manager local server
Mono: successfully reloaded assembly
- Finished resetting the current domain, in  0.717 seconds
Domain Reload Profiling: 1657ms
	BeginReloadAssembly (466ms)
		ExecutionOrderSort (0ms)
		DisableScriptedObjects (15ms)
		BackupInstance (0ms)
		ReleaseScriptingObjects (0ms)
		CreateAndSetChildDomain (38ms)
	RebuildCommonClasses (32ms)
	RebuildNativeTypeToScriptingClass (15ms)
	initialDomainReloadingComplete (25ms)
	LoadAllAssembliesAndSetupDomain (401ms)
		LoadAssemblies (585ms)
		RebuildTransferFunctionScriptingTraits (0ms)
		AnalyzeDomain (168ms)
			TypeCache.Refresh (9ms)
				TypeCache.ScanAssembly (0ms)
			BuildScriptInfoCaches (145ms)
			ResolveRequiredComponents (10ms)
	FinalizeReload (717ms)
		ReleaseScriptCaches (0ms)
		RebuildScriptCaches (0ms)
		SetupLoadedEditorAssemblies (562ms)
			LogAssemblyErrors (0ms)
			InitializePlatformSupportModulesInManaged (2ms)
			SetLoadedEditorAssemblies (5ms)
			BeforeProcessingInitializeOnLoad (145ms)
			ProcessInitializeOnLoadAttributes (331ms)
			ProcessInitializeOnLoadMethodAttributes (73ms)
			AfterProcessingInitializeOnLoad (6ms)
			EditorAssembliesLoaded (0ms)
		ExecutionOrderSort2 (0ms)
		AwakeInstancesAfterBackupRestoration (14ms)
Refreshing native plugins compatible for Editor in 2.31 ms, found 4 plugins.
Preloading 0 native plugins for Editor in 0.00 ms.
Unloading 16 Unused Serialized files (Serialized files now loaded: 0)
Unloading 6879 unused Assets / (3.9 MB). Loaded Objects now: 7751.
Memory consumption went from 162.5 MB to 158.5 MB.
Total: 7.278900 ms (FindLiveObjects: 0.501300 ms CreateObjectMapping: 0.317100 ms MarkObjects: 4.752200 ms  DeleteObjects: 1.706700 ms)

Prepare: number of updated asset objects reloaded= 0
========================================================================
Received Prepare
Begin MonoManager ReloadAssembly
- Loaded All Assemblies, in  0.623 seconds
Refreshing native plugins compatible for Editor in 1.41 ms, found 4 plugins.
Native extension for WindowsStandalone target not found
Native extension for WebGL target not found
[Package Manager] Failed to launch server process. Reason: Unity was launched with the -noUpm command-line argument
[Package Manager] Unable to send message (not connected to server process).
[Package Manager] Cannot connect to Unity Package Manager local server
Mono: successfully reloaded assembly
- Finished resetting the current domain, in  0.582 seconds
Domain Reload Profiling: 1205ms
	BeginReloadAssembly (182ms)
		ExecutionOrderSort (0ms)
		DisableScriptedObjects (11ms)
		BackupInstance (0ms)
		ReleaseScriptingObjects (0ms)
		CreateAndSetChildDomain (35ms)
	RebuildCommonClasses (29ms)
	RebuildNativeTypeToScriptingClass (10ms)
	initialDomainReloadingComplete (25ms)
	LoadAllAssembliesAndSetupDomain (376ms)
		LoadAssemblies (300ms)
		RebuildTransferFunctionScriptingTraits (0ms)
		AnalyzeDomain (155ms)
			TypeCache.Refresh (6ms)
				TypeCache.ScanAssembly (0ms)
			BuildScriptInfoCaches (137ms)
			ResolveRequiredComponents (8ms)
	FinalizeReload (583ms)
		ReleaseScriptCaches (0ms)
		RebuildScriptCaches (0ms)
		SetupLoadedEditorAssemblies (459ms)
			LogAssemblyErrors (0ms)
			InitializePlatformSupportModulesInManaged (2ms)
			SetLoadedEditorAssemblies (5ms)
			BeforeProcessingInitializeOnLoad (115ms)
			ProcessInitializeOnLoadAttributes (271ms)
			ProcessInitializeOnLoadMethodAttributes (60ms)
			AfterProcessingInitializeOnLoad (6ms)
			EditorAssembliesLoaded (0ms)
		ExecutionOrderSort2 (0ms)
		AwakeInstancesAfterBackupRestoration (12ms)
Refreshing native plugins compatible for Editor in 1.98 ms, found 4 plugins.
Preloading 0 native plugins for Editor in 0.00 ms.
Unloading 16 Unused Serialized files (Serialized files now loaded: 0)
Unloading 6879 unused Assets / (3.9 MB). Loaded Objects now: 7754.
Memory consumption went from 162.5 MB to 158.6 MB.
Total: 7.264800 ms (FindLiveObjects: 0.603700 ms CreateObjectMapping: 0.400700 ms MarkObjects: 4.585000 ms  DeleteObjects: 1.674000 ms)

Prepare: number of updated asset objects reloaded= 0
========================================================================
Received Prepare
Begin MonoManager ReloadAssembly
- Loaded All Assemblies, in  0.626 seconds
Refreshing native plugins compatible for Editor in 1.46 ms, found 4 plugins.
Native extension for WindowsStandalone target not found
Native extension for WebGL target not found
[Package Manager] Failed to launch server process. Reason: Unity was launched with the -noUpm command-line argument
[Package Manager] Unable to send message (not connected to server process).
[Package Manager] Cannot connect to Unity Package Manager local server
Mono: successfully reloaded assembly
- Finished resetting the current domain, in  0.649 seconds
Domain Reload Profiling: 1275ms
	BeginReloadAssembly (178ms)
		ExecutionOrderSort (0ms)
		DisableScriptedObjects (10ms)
		BackupInstance (0ms)
		ReleaseScriptingObjects (0ms)
		CreateAndSetChildDomain (37ms)
	RebuildCommonClasses (29ms)
	RebuildNativeTypeToScriptingClass (11ms)
	initialDomainReloadingComplete (26ms)
	LoadAllAssembliesAndSetupDomain (381ms)
		LoadAssemblies (298ms)
		RebuildTransferFunctionScriptingTraits (0ms)
		AnalyzeDomain (167ms)
			TypeCache.Refresh (7ms)
				TypeCache.ScanAssembly (0ms)
			BuildScriptInfoCaches (147ms)
			ResolveRequiredComponents (9ms)
	FinalizeReload (650ms)
		ReleaseScriptCaches (0ms)
		RebuildScriptCaches (0ms)
		SetupLoadedEditorAssemblies (512ms)
			LogAssemblyErrors (0ms)
			InitializePlatformSupportModulesInManaged (2ms)
			SetLoadedEditorAssemblies (6ms)
			BeforeProcessingInitializeOnLoad (122ms)
			ProcessInitializeOnLoadAttributes (305ms)
			ProcessInitializeOnLoadMethodAttributes (71ms)
			AfterProcessingInitializeOnLoad (6ms)
			EditorAssembliesLoaded (0ms)
		ExecutionOrderSort2 (0ms)
		AwakeInstancesAfterBackupRestoration (16ms)
Refreshing native plugins compatible for Editor in 2.40 ms, found 4 plugins.
Preloading 0 native plugins for Editor in 0.00 ms.
Unloading 16 Unused Serialized files (Serialized files now loaded: 0)
Unloading 6879 unused Assets / (3.9 MB). Loaded Objects now: 7757.
Memory consumption went from 162.5 MB to 158.7 MB.
Total: 7.217200 ms (FindLiveObjects: 0.554000 ms CreateObjectMapping: 0.351200 ms MarkObjects: 4.758200 ms  DeleteObjects: 1.552800 ms)

Prepare: number of updated asset objects reloaded= 0
========================================================================
Received Prepare
Begin MonoManager ReloadAssembly
[Licensing::Client] Successfully resolved entitlement details
- Loaded All Assemblies, in  0.645 seconds
Refreshing native plugins compatible for Editor in 1.54 ms, found 4 plugins.
Native extension for WindowsStandalone target not found
Native extension for WebGL target not found
[Package Manager] Failed to launch server process. Reason: Unity was launched with the -noUpm command-line argument
[Package Manager] Unable to send message (not connected to server process).
[Package Manager] Cannot connect to Unity Package Manager local server
Mono: successfully reloaded assembly
- Finished resetting the current domain, in  0.745 seconds
Domain Reload Profiling: 1390ms
	BeginReloadAssembly (180ms)
		ExecutionOrderSort (0ms)
		DisableScriptedObjects (12ms)
		BackupInstance (0ms)
		ReleaseScriptingObjects (0ms)
		CreateAndSetChildDomain (34ms)
	RebuildCommonClasses (29ms)
	RebuildNativeTypeToScriptingClass (11ms)
	initialDomainReloadingComplete (25ms)
	LoadAllAssembliesAndSetupDomain (399ms)
		LoadAssemblies (308ms)
		RebuildTransferFunctionScriptingTraits (0ms)
		AnalyzeDomain (174ms)
			TypeCache.Refresh (6ms)
				TypeCache.ScanAssembly (0ms)
			BuildScriptInfoCaches (147ms)
			ResolveRequiredComponents (14ms)
	FinalizeReload (746ms)
		ReleaseScriptCaches (0ms)
		RebuildScriptCaches (0ms)
		SetupLoadedEditorAssemblies (587ms)
			LogAssemblyErrors (0ms)
			InitializePlatformSupportModulesInManaged (2ms)
			SetLoadedEditorAssemblies (5ms)
			BeforeProcessingInitializeOnLoad (144ms)
			ProcessInitializeOnLoadAttributes (350ms)
			ProcessInitializeOnLoadMethodAttributes (79ms)
			AfterProcessingInitializeOnLoad (7ms)
			EditorAssembliesLoaded (1ms)
		ExecutionOrderSort2 (0ms)
		AwakeInstancesAfterBackupRestoration (18ms)
Refreshing native plugins compatible for Editor in 2.44 ms, found 4 plugins.
Preloading 0 native plugins for Editor in 0.00 ms.
Unloading 16 Unused Serialized files (Serialized files now loaded: 0)
Unloading 6879 unused Assets / (5.1 MB). Loaded Objects now: 7760.
Memory consumption went from 162.6 MB to 157.5 MB.
Total: 9.914600 ms (FindLiveObjects: 0.560000 ms CreateObjectMapping: 0.368300 ms MarkObjects: 6.047800 ms  DeleteObjects: 2.937300 ms)

Prepare: number of updated asset objects reloaded= 0
========================================================================
Received Import Request.
  Time since last request: 974.253974 seconds.
  path: Assets/Scenes/Level1.unity
  artifactKey: Guid(8c9cfa26abfee488c85f1582747f6a02) Importer(815301076,1909f56bfc062723c751e8b465ee728b)
Start importing Assets/Scenes/Level1.unity using Guid(8c9cfa26abfee488c85f1582747f6a02) Importer(815301076,1909f56bfc062723c751e8b465ee728b) (PreviewImporter) -> (artifact id: '1b8599c1f146e411eb90c342ba59330d') in 0.0990403 seconds
Number of updated asset objects reloaded before import = 0Number of asset objects unloaded after import = 0

========================================================================
Received Import Request.
  Time since last request: 1.372719 seconds.
  path: Assets/Scenes/Level2.unity
  artifactKey: Guid(4eaf5258b2945eb4098e28ae6fcb943e) Importer(815301076,1909f56bfc062723c751e8b465ee728b)
Start importing Assets/Scenes/Level2.unity using Guid(4eaf5258b2945eb4098e28ae6fcb943e) Importer(815301076,1909f56bfc062723c751e8b465ee728b) (PreviewImporter) -> (artifact id: '05ade2d6fffbe6f4b4681a5339f3b38e') in 0.0006383 seconds
Number of updated asset objects reloaded before import = 0Number of asset objects unloaded after import = 0

========================================================================
Received Prepare
Begin MonoManager ReloadAssembly
[Licensing::Client] Successfully resolved entitlement details
- Loaded All Assemblies, in  0.619 seconds
Refreshing native plugins compatible for Editor in 1.47 ms, found 4 plugins.
Native extension for WindowsStandalone target not found
Native extension for WebGL target not found
[Package Manager] Failed to launch server process. Reason: Unity was launched with the -noUpm command-line argument
[Package Manager] Unable to send message (not connected to server process).
[Package Manager] Cannot connect to Unity Package Manager local server
Mono: successfully reloaded assembly
- Finished resetting the current domain, in  0.585 seconds
Domain Reload Profiling: 1204ms
	BeginReloadAssembly (183ms)
		ExecutionOrderSort (0ms)
		DisableScriptedObjects (11ms)
		BackupInstance (0ms)
		ReleaseScriptingObjects (0ms)
		CreateAndSetChildDomain (45ms)
	RebuildCommonClasses (31ms)
	RebuildNativeTypeToScriptingClass (10ms)
	initialDomainReloadingComplete (24ms)
	LoadAllAssembliesAndSetupDomain (370ms)
		LoadAssemblies (296ms)
		RebuildTransferFunctionScriptingTraits (0ms)
		AnalyzeDomain (151ms)
			TypeCache.Refresh (6ms)
				TypeCache.ScanAssembly (0ms)
			BuildScriptInfoCaches (134ms)
			ResolveRequiredComponents (8ms)
	FinalizeReload (586ms)
		ReleaseScriptCaches (0ms)
		RebuildScriptCaches (0ms)
		SetupLoadedEditorAssemblies (466ms)
			LogAssemblyErrors (0ms)
			InitializePlatformSupportModulesInManaged (2ms)
			SetLoadedEditorAssemblies (5ms)
			BeforeProcessingInitializeOnLoad (119ms)
			ProcessInitializeOnLoadAttributes (272ms)
			ProcessInitializeOnLoadMethodAttributes (63ms)
			AfterProcessingInitializeOnLoad (5ms)
			EditorAssembliesLoaded (0ms)
		ExecutionOrderSort2 (0ms)
		AwakeInstancesAfterBackupRestoration (12ms)
Refreshing native plugins compatible for Editor in 1.80 ms, found 4 plugins.
Preloading 0 native plugins for Editor in 0.00 ms.
Unloading 16 Unused Serialized files (Serialized files now loaded: 0)
Unloading 6879 unused Assets / (4.1 MB). Loaded Objects now: 7763.
Memory consumption went from 162.6 MB to 158.5 MB.
Total: 6.760800 ms (FindLiveObjects: 0.479200 ms CreateObjectMapping: 0.314200 ms MarkObjects: 4.172500 ms  DeleteObjects: 1.794100 ms)

Prepare: number of updated asset objects reloaded= 0
========================================================================
Received Prepare
Begin MonoManager ReloadAssembly
[Licensing::Client] Successfully resolved entitlement details
- Loaded All Assemblies, in  0.621 seconds
Refreshing native plugins compatible for Editor in 1.87 ms, found 4 plugins.
Native extension for WindowsStandalone target not found
Native extension for WebGL target not found
[Package Manager] Failed to launch server process. Reason: Unity was launched with the -noUpm command-line argument
[Package Manager] Unable to send message (not connected to server process).
[Package Manager] Cannot connect to Unity Package Manager local server
Mono: successfully reloaded assembly
- Finished resetting the current domain, in  0.721 seconds
Domain Reload Profiling: 1341ms
	BeginReloadAssembly (187ms)
		ExecutionOrderSort (0ms)
		DisableScriptedObjects (12ms)
		BackupInstance (0ms)
		ReleaseScriptingObjects (0ms)
		CreateAndSetChildDomain (40ms)
	RebuildCommonClasses (29ms)
	RebuildNativeTypeToScriptingClass (10ms)
	initialDomainReloadingComplete (22ms)
	LoadAllAssembliesAndSetupDomain (372ms)
		LoadAssemblies (298ms)
		RebuildTransferFunctionScriptingTraits (0ms)
		AnalyzeDomain (158ms)
			TypeCache.Refresh (6ms)
				TypeCache.ScanAssembly (0ms)
			BuildScriptInfoCaches (139ms)
			ResolveRequiredComponents (8ms)
	FinalizeReload (721ms)
		ReleaseScriptCaches (0ms)
		RebuildScriptCaches (0ms)
		SetupLoadedEditorAssemblies (584ms)
			LogAssemblyErrors (0ms)
			InitializePlatformSupportModulesInManaged (2ms)
			SetLoadedEditorAssemblies (5ms)
			BeforeProcessingInitializeOnLoad (148ms)
			ProcessInitializeOnLoadAttributes (345ms)
			ProcessInitializeOnLoadMethodAttributes (76ms)
			AfterProcessingInitializeOnLoad (7ms)
			EditorAssembliesLoaded (0ms)
		ExecutionOrderSort2 (0ms)
		AwakeInstancesAfterBackupRestoration (16ms)
Refreshing native plugins compatible for Editor in 1.92 ms, found 4 plugins.
Preloading 0 native plugins for Editor in 0.00 ms.
Unloading 16 Unused Serialized files (Serialized files now loaded: 0)
Unloading 6879 unused Assets / (3.9 MB). Loaded Objects now: 7766.
Memory consumption went from 162.7 MB to 158.8 MB.
Total: 7.159300 ms (FindLiveObjects: 0.687300 ms CreateObjectMapping: 0.402800 ms MarkObjects: 4.463500 ms  DeleteObjects: 1.604400 ms)

Prepare: number of updated asset objects reloaded= 0
========================================================================
Received Import Request.
  Time since last request: 343.535900 seconds.
  path: Assets/Scenes/Level2.unity
  artifactKey: Guid(4eaf5258b2945eb4098e28ae6fcb943e) Importer(815301076,1909f56bfc062723c751e8b465ee728b)
Start importing Assets/Scenes/Level2.unity using Guid(4eaf5258b2945eb4098e28ae6fcb943e) Importer(815301076,1909f56bfc062723c751e8b465ee728b) (PreviewImporter) -> (artifact id: '7d8940e0deb30bb70ded822e6ca31317') in 0.015535 seconds
Number of updated asset objects reloaded before import = 0Number of asset objects unloaded after import = 0

========================================================================
Received Import Request.
  Time since last request: 124.568579 seconds.
  path: Assets/Scenes/Level1.unity
  artifactKey: Guid(8c9cfa26abfee488c85f1582747f6a02) Importer(815301076,1909f56bfc062723c751e8b465ee728b)
Start importing Assets/Scenes/Level1.unity using Guid(8c9cfa26abfee488c85f1582747f6a02) Importer(815301076,1909f56bfc062723c751e8b465ee728b) (PreviewImporter) -> (artifact id: 'c8819f48a0a2ad08357851679ee1ae70') in 0.0008052 seconds
Number of updated asset objects reloaded before import = 0Number of asset objects unloaded after import = 0

