[Licensing::Module] Trying to connect to existing licensing client channel...
Built from '6000.3/respin/6000.3.1f1-f56f53296c2c' branch; Version is '6000.3.1f1 (37142da19a94) revision 3609645'; Using compiler version '194234433'; Build Type 'Release'
OS: 'Windows 11  (10.0.26200) 64bit CoreSingleLanguage' Language: 'en' Physical Memory: 16155 MB
BatchMode: 1, IsHumanControllingUs: 0, StartBugReporterOnCrash: 0, Is64bit: 1
[Licensing::IpcConnector] Successfully connected to: "LicenseClient-user" at "2026-04-09T02:49:50.2799433Z"
Date: 2026-04-09T02:49:50Z

COMMAND LINE ARGUMENTS:
C:\Program Files\Unity\Hub\Editor\6000.3.1f1\Editor\Unity.exe
-adb2
-batchMode
-noUpm
-name
AssetImportWorker7
-projectPath
C:/UWU/fight/SolarParadox
-logFile
Logs/AssetImportWorker7.log
-srvPort
64170
-licensingIpc
LicenseClient-user
-job-worker-count
7
-background-job-worker-count
8
-gc-helper-count
1
-name
AssetImport
Successfully changed project path to: C:/UWU/fight/SolarParadox
C:/UWU/fight/SolarParadox
[UnityMemory] Configuration Parameters - Can be set up in boot.config
    "memorysetup-temp-allocator-size-nav-mesh-worker=65536"
    "memorysetup-temp-allocator-size-audio-worker=65536"
    "memorysetup-temp-allocator-size-gfx=262144"
    "memorysetup-allocator-temp-initial-block-size-main=262144"
    "memorysetup-allocator-temp-initial-block-size-worker=262144"
    "memorysetup-temp-allocator-size-background-worker=32768"
    "memorysetup-temp-allocator-size-job-worker=262144"
    "memorysetup-temp-allocator-size-preload-manager=33554432"
    "memorysetup-temp-allocator-size-gi-baking-worker=262144"
    "memorysetup-temp-allocator-size-gi-baking-worker=262144"
    "memorysetup-temp-allocator-size-gi-baking-worker=262144"
    "memorysetup-temp-allocator-size-gi-baking-worker=262144"
    "memorysetup-temp-allocator-size-gi-baking-worker=262144"
    "memorysetup-bucket-allocator-granularity=16"
    "memorysetup-bucket-allocator-bucket-count=8"
    "memorysetup-bucket-allocator-block-size=33554432"
    "memorysetup-bucket-allocator-block-count=8"
    "memorysetup-main-allocator-block-size=16777216"
    "memorysetup-thread-allocator-block-size=16777216"
    "memorysetup-gfx-main-allocator-block-size=16777216"
    "memorysetup-gfx-thread-allocator-block-size=16777216"
    "memorysetup-cache-allocator-block-size=4194304"
    "memorysetup-typetree-allocator-block-size=2097152"
    "memorysetup-profiler-bucket-allocator-granularity=16"
    "memorysetup-profiler-bucket-allocator-bucket-count=8"
    "memorysetup-profiler-bucket-allocator-block-size=33554432"
    "memorysetup-profiler-bucket-allocator-block-count=8"
    "memorysetup-profiler-allocator-block-size=16777216"
    "memorysetup-profiler-editor-allocator-block-size=1048576"
    "memorysetup-temp-allocator-size-main=16777216"
    "memorysetup-job-temp-allocator-block-size=2097152"
    "memorysetup-job-temp-allocator-block-size-background=1048576"
    "memorysetup-job-temp-allocator-reduction-small-platforms=262144"
    "memorysetup-temp-allocator-size-cloud-worker=32768"
Player connection [23596]  Target information:

Player connection [23596]  * "[IP] 25.30.185.231 [Port] 0 [Flags] 2 [Guid] 3528201732 [EditorId] 3528201732 [Version] 1048832 [Id] WindowsEditor(7,MSI) [Debug] 1 [PackageName] WindowsEditor [ProjectName] Editor" 

Player connection [23596]  * "[IP] 192.168.1.109 [Port] 0 [Flags] 2 [Guid] 3528201732 [EditorId] 3528201732 [Version] 1048832 [Id] WindowsEditor(7,MSI) [Debug] 1 [PackageName] WindowsEditor [ProjectName] Editor" 

Player connection [23596]  * "[IP] 26.214.68.58 [Port] 0 [Flags] 2 [Guid] 3528201732 [EditorId] 3528201732 [Version] 1048832 [Id] WindowsEditor(7,MSI) [Debug] 1 [PackageName] WindowsEditor [ProjectName] Editor" 

Player connection [23596]  * "[IP] 192.168.56.1 [Port] 0 [Flags] 2 [Guid] 3528201732 [EditorId] 3528201732 [Version] 1048832 [Id] WindowsEditor(7,MSI) [Debug] 1 [PackageName] WindowsEditor [ProjectName] Editor" 

Player connection [23596] Host joined multi-casting on [225.0.0.222:54997]...
Player connection [23596] Host joined alternative multi-casting on [225.0.0.222:34997]...
JobSystem: Creating JobQueue using job-worker-count value 7
Input System module state changed to: Initialized.
[Physics::Module] Initialized fallback backend.
[Physics::Module] Id: 0xdecafbad
Library Redirect Path: Library/
[Physics::Module] Selected backend.
[Physics::Module] Name: PhysX
[Physics::Module] Id: 0xf2b8ea05
[Physics::Module] SDK Version: 4.1.2
[Physics::Module] Integration Version: 1.0.0
[Physics::Module] Threading Mode: Multi-Threaded
Refreshing native plugins compatible for Editor in 2.86 ms, found 4 plugins.
Preloading 0 native plugins for Editor in 0.00 ms.
Initialize engine version: 6000.3.1f1 (37142da19a94)
[Subsystems] Discovering subsystems at path C:/Program Files/Unity/Hub/Editor/6000.3.1f1/Editor/Data/Resources/UnitySubsystems
[Subsystems] Discovering subsystems at path C:/UWU/fight/SolarParadox/Assets
GfxDevice: creating device client; kGfxThreadingModeNonThreaded
Direct3D:
    Version:  Direct3D 11.0 [level 11.1]
    Renderer: NVIDIA GeForce RTX 4070 Laptop GPU (ID=0x2820)
    Vendor:   NVIDIA
    VRAM:     7948 MB
    Driver:   32.0.15.6614
Initialize mono
Mono path[0] = 'C:/Program Files/Unity/Hub/Editor/6000.3.1f1/Editor/Data/Managed'
Mono path[1] = 'C:/Program Files/Unity/Hub/Editor/6000.3.1f1/Editor/Data/MonoBleedingEdge/lib/mono/unityjit-win32'
Mono config path = 'C:/Program Files/Unity/Hub/Editor/6000.3.1f1/Editor/Data/MonoBleedingEdge/etc'
Using monoOptions --debugger-agent=transport=dt_socket,embedding=1,server=y,suspend=n,address=127.0.0.1:56812
Begin MonoManager ReloadAssembly
Registering precompiled unity dll's ...
Register platform support module: C:/Program Files/Unity/Hub/Editor/6000.3.1f1/Editor/Data/PlaybackEngines/WebGLSupport/UnityEditor.WebGL.Extensions.dll
Register platform support module: C:/Program Files/Unity/Hub/Editor/6000.3.1f1/Editor/Data/PlaybackEngines/WindowsStandaloneSupport/UnityEditor.WindowsStandalone.Extensions.dll
Registered in 0.002088 seconds.
- Loaded All Assemblies, in  0.424 seconds
Native extension for WindowsStandalone target not found
Native extension for WebGL target not found
Mono: successfully reloaded assembly
- Finished resetting the current domain, in  0.415 seconds
Domain Reload Profiling: 838ms
	BeginReloadAssembly (133ms)
		ExecutionOrderSort (0ms)
		DisableScriptedObjects (0ms)
		BackupInstance (0ms)
		ReleaseScriptingObjects (0ms)
		CreateAndSetChildDomain (1ms)
	RebuildCommonClasses (42ms)
	RebuildNativeTypeToScriptingClass (16ms)
	initialDomainReloadingComplete (45ms)
	LoadAllAssembliesAndSetupDomain (186ms)
		LoadAssemblies (129ms)
		RebuildTransferFunctionScriptingTraits (0ms)
		AnalyzeDomain (183ms)
			TypeCache.Refresh (181ms)
				TypeCache.ScanAssembly (167ms)
			BuildScriptInfoCaches (0ms)
			ResolveRequiredComponents (1ms)
	FinalizeReload (416ms)
		ReleaseScriptCaches (0ms)
		RebuildScriptCaches (0ms)
		SetupLoadedEditorAssemblies (365ms)
			LogAssemblyErrors (0ms)
			InitializePlatformSupportModulesInManaged (59ms)
			SetLoadedEditorAssemblies (5ms)
			BeforeProcessingInitializeOnLoad (92ms)
			ProcessInitializeOnLoadAttributes (142ms)
			ProcessInitializeOnLoadMethodAttributes (66ms)
			AfterProcessingInitializeOnLoad (0ms)
			EditorAssembliesLoaded (0ms)
		ExecutionOrderSort2 (0ms)
		AwakeInstancesAfterBackupRestoration (0ms)
========================================================================
Worker process is ready to serve import requests
Import Worker Mode flag is 0x00
Begin MonoManager ReloadAssembly
[Licensing::Module] Licensing is not yet initialized.
[Licensing::Client] Handshaking with LicensingClient:
  Version:                 1.17.4+4293ba1
  Session Id:              befb20b483d945dea0f20cfff59884a0
  Correlation Id:          01ffa4e27a6eb73f5df42a35b97ea187
  External correlation Id: 5509511259626317804
  Machine Id:              VYIVznokh63VNt0B3YA2QorE2k8=
[Licensing::Module] Successfully connected to LicensingClient on channel: "LicenseClient-user" (connect: 0.00s, validation: 0.00s, handshake: 1.96s)
[Licensing::IpcConnector] Successfully connected to: "LicenseClient-user-notifications" at "2026-04-09T02:49:52.2405592Z"
[Licensing::Module] Licensing Background thread has ended after 1.96s
[Licensing::Module] Licensing is initialized (took 0.24s).
[Licensing::Client] Successfully resolved entitlement details
[Licensing::Module] License group:
  Id: 18968359269172-UnityPersXXXX
  Product: Unity Personal
  Type: Assigned
  Expiration: Unlimited
- Loaded All Assemblies, in  0.913 seconds
Refreshing native plugins compatible for Editor in 1.32 ms, found 4 plugins.
Native extension for WindowsStandalone target not found
Native extension for WebGL target not found
Package Manager log level set to [2]
[Package Manager] Failed to launch server process. Reason: Unity was launched with the -noUpm command-line argument
[Package Manager] Unable to send message (not connected to server process).
[Package Manager] Cannot connect to Unity Package Manager local server
Mono: successfully reloaded assembly
- Finished resetting the current domain, in  0.648 seconds
Domain Reload Profiling: 1554ms
	BeginReloadAssembly (385ms)
		ExecutionOrderSort (0ms)
		DisableScriptedObjects (4ms)
		BackupInstance (0ms)
		ReleaseScriptingObjects (0ms)
		CreateAndSetChildDomain (23ms)
	RebuildCommonClasses (29ms)
	RebuildNativeTypeToScriptingClass (9ms)
	initialDomainReloadingComplete (31ms)
	LoadAllAssembliesAndSetupDomain (451ms)
		LoadAssemblies (318ms)
		RebuildTransferFunctionScriptingTraits (0ms)
		AnalyzeDomain (211ms)
			TypeCache.Refresh (155ms)
				TypeCache.ScanAssembly (143ms)
			BuildScriptInfoCaches (43ms)
			ResolveRequiredComponents (8ms)
	FinalizeReload (648ms)
		ReleaseScriptCaches (0ms)
		RebuildScriptCaches (0ms)
		SetupLoadedEditorAssemblies (533ms)
			LogAssemblyErrors (0ms)
			InitializePlatformSupportModulesInManaged (2ms)
			SetLoadedEditorAssemblies (5ms)
			BeforeProcessingInitializeOnLoad (120ms)
			ProcessInitializeOnLoadAttributes (302ms)
			ProcessInitializeOnLoadMethodAttributes (100ms)
			AfterProcessingInitializeOnLoad (5ms)
			EditorAssembliesLoaded (0ms)
		ExecutionOrderSort2 (0ms)
		AwakeInstancesAfterBackupRestoration (7ms)
Launched and connected shader compiler UnityShaderCompiler.exe after 0.01 seconds
Refreshing native plugins compatible for Editor in 1.59 ms, found 4 plugins.
Preloading 0 native plugins for Editor in 0.00 ms.
Unloading 16 Unused Serialized files (Serialized files now loaded: 0)
Unloading 6881 unused Assets / (4.2 MB). Loaded Objects now: 7715.
Memory consumption went from 157.6 MB to 153.4 MB.
Total: 6.948400 ms (FindLiveObjects: 0.460200 ms CreateObjectMapping: 0.303400 ms MarkObjects: 4.707200 ms  DeleteObjects: 1.477100 ms)

========================================================================
Received Import Request.
  Time since last request: 72013.451462 seconds.
  path: Assets/Asset/Tileset/fantasy_ [version 2.0]/swamp_
  artifactKey: Guid(b8d0262d468060d4d992f23d04f0022d) Importer(2089858483,b0f066a214c2f5e87bad3c948f4d605d)
Start importing Assets/Asset/Tileset/fantasy_ [version 2.0]/swamp_ using Guid(b8d0262d468060d4d992f23d04f0022d) Importer(2089858483,b0f066a214c2f5e87bad3c948f4d605d) (ScriptedImporter) -> (artifact id: 'c09f747f6fcb190796d7d37237a8f878') in 0.0452741 seconds
Number of updated asset objects reloaded before import = 0Number of asset objects unloaded after import = 1

========================================================================
Received Import Request.
  Time since last request: 0.000019 seconds.
  path: Assets/Asset/Tileset/fantasy_ [version 2.0]/desert_/Floor/desert__36.asset
  artifactKey: Guid(84f439519ec68004ba5f6cdd4fcf2c5c) Importer(2089858483,b0f066a214c2f5e87bad3c948f4d605d)
Start importing Assets/Asset/Tileset/fantasy_ [version 2.0]/desert_/Floor/desert__36.asset using Guid(84f439519ec68004ba5f6cdd4fcf2c5c) Importer(2089858483,b0f066a214c2f5e87bad3c948f4d605d) (ScriptedImporter) -> (artifact id: '23028790092ab4a0317d392f0122515a') in 0.0647621 seconds
Number of updated asset objects reloaded before import = 0Number of asset objects unloaded after import = 2

========================================================================
Received Import Request.
  Time since last request: 0.000024 seconds.
  path: Assets/Asset/Tileset/fantasy_ [version 2.0]/forest_/Box/forest_ [fencesAndWalls]_1.asset
  artifactKey: Guid(17dddcb0c666f734b8ce25073afc6b27) Importer(2089858483,b0f066a214c2f5e87bad3c948f4d605d)
Start importing Assets/Asset/Tileset/fantasy_ [version 2.0]/forest_/Box/forest_ [fencesAndWalls]_1.asset using Guid(17dddcb0c666f734b8ce25073afc6b27) Importer(2089858483,b0f066a214c2f5e87bad3c948f4d605d) (ScriptedImporter) -> (artifact id: '59ce9c4be3100819a109e3b43499202f') in 0.0141601 seconds
Number of updated asset objects reloaded before import = 0Number of asset objects unloaded after import = 2

========================================================================
Received Import Request.
  Time since last request: 0.000011 seconds.
  path: Assets/Asset/Tileset/fantasy_ [version 2.0]/desert_/desert_ [bridgeVertical].png
  artifactKey: Guid(93b33fe0680ae0640bde1429740ad3c7) Importer(2089858483,b0f066a214c2f5e87bad3c948f4d605d)
Start importing Assets/Asset/Tileset/fantasy_ [version 2.0]/desert_/desert_ [bridgeVertical].png using Guid(93b33fe0680ae0640bde1429740ad3c7) Importer(2089858483,b0f066a214c2f5e87bad3c948f4d605d) (ScriptedImporter) -> (artifact id: '18de8dd5278e1cca82151996787fe307') in 0.0522785 seconds
Number of updated asset objects reloaded before import = 0Number of asset objects unloaded after import = 3

========================================================================
Received Import Request.
  Time since last request: 0.000015 seconds.
  path: Assets/Asset/Tileset/fantasy_ [version 2.0]/desert_/Floor/desert__7.asset
  artifactKey: Guid(a78e9842e2a65b3439d1752952b44eb5) Importer(2089858483,b0f066a214c2f5e87bad3c948f4d605d)
Start importing Assets/Asset/Tileset/fantasy_ [version 2.0]/desert_/Floor/desert__7.asset using Guid(a78e9842e2a65b3439d1752952b44eb5) Importer(2089858483,b0f066a214c2f5e87bad3c948f4d605d) (ScriptedImporter) -> (artifact id: '173b0143004a4c0cb3b0c82ca2598465') in 0.0143402 seconds
Number of updated asset objects reloaded before import = 0Number of asset objects unloaded after import = 2

========================================================================
Received Import Request.
  Time since last request: 0.000015 seconds.
  path: Assets/Asset/Tileset/fantasy_ [version 2.0]/forest_/Floor
  artifactKey: Guid(91db1d03936db3647811223d5504bab1) Importer(2089858483,b0f066a214c2f5e87bad3c948f4d605d)
Start importing Assets/Asset/Tileset/fantasy_ [version 2.0]/forest_/Floor using Guid(91db1d03936db3647811223d5504bab1) Importer(2089858483,b0f066a214c2f5e87bad3c948f4d605d) (ScriptedImporter) -> (artifact id: 'af7abf4b70d5ffb6df83db24ad44e0eb') in 0.0110175 seconds
Number of updated asset objects reloaded before import = 0Number of asset objects unloaded after import = 1

========================================================================
Received Import Request.
  Time since last request: 0.000014 seconds.
  path: Assets/Asset/Tileset/fantasy_ [version 2.0]/forest_
  artifactKey: Guid(458d83e347c219c4e89a21826358db37) Importer(2089858483,b0f066a214c2f5e87bad3c948f4d605d)
Start importing Assets/Asset/Tileset/fantasy_ [version 2.0]/forest_ using Guid(458d83e347c219c4e89a21826358db37) Importer(2089858483,b0f066a214c2f5e87bad3c948f4d605d) (ScriptedImporter) -> (artifact id: '3481200ca85d12e2ce4059cc8d76f004') in 0.0100943 seconds
Number of updated asset objects reloaded before import = 0Number of asset objects unloaded after import = 1

========================================================================
Received Import Request.
  Time since last request: 0.000021 seconds.
  path: Assets/Asset/Tileset/fantasy_ [version 2.0]/forest_/Box/forest_ [fencesAndWalls]_6.asset
  artifactKey: Guid(46c643911bd4cb1499f821744bbbc514) Importer(2089858483,b0f066a214c2f5e87bad3c948f4d605d)
Start importing Assets/Asset/Tileset/fantasy_ [version 2.0]/forest_/Box/forest_ [fencesAndWalls]_6.asset using Guid(46c643911bd4cb1499f821744bbbc514) Importer(2089858483,b0f066a214c2f5e87bad3c948f4d605d) (ScriptedImporter) -> (artifact id: '4a28e6f297ba12dbad4ba5f484529ee6') in 0.0129951 seconds
Number of updated asset objects reloaded before import = 0Number of asset objects unloaded after import = 2

========================================================================
Received Import Request.
  Time since last request: 0.000023 seconds.
  path: Assets/Asset/Tileset/fantasy_ [version 2.0]/readMe_.txt
  artifactKey: Guid(3011dbf01b4ac6642bb96c9a026e3b19) Importer(2089858483,b0f066a214c2f5e87bad3c948f4d605d)
Start importing Assets/Asset/Tileset/fantasy_ [version 2.0]/readMe_.txt using Guid(3011dbf01b4ac6642bb96c9a026e3b19) Importer(2089858483,b0f066a214c2f5e87bad3c948f4d605d) (ScriptedImporter) -> (artifact id: '7455e9bfeab35975326d7b754b1f67c3') in 0.0106367 seconds
Number of updated asset objects reloaded before import = 0Number of asset objects unloaded after import = 1

========================================================================
Received Import Request.
  Time since last request: 0.000015 seconds.
  path: Assets/Asset/Tileset/fantasy_ [version 2.0]/forest_/Box/forest_ [fencesAndWalls]_118.asset
  artifactKey: Guid(5877641019705de40b98cdc486ac8385) Importer(2089858483,b0f066a214c2f5e87bad3c948f4d605d)
Start importing Assets/Asset/Tileset/fantasy_ [version 2.0]/forest_/Box/forest_ [fencesAndWalls]_118.asset using Guid(5877641019705de40b98cdc486ac8385) Importer(2089858483,b0f066a214c2f5e87bad3c948f4d605d) (ScriptedImporter) -> (artifact id: 'eaa2f4de7cbd27c1c6d39fca7c8fbe20') in 0.0124971 seconds
Number of updated asset objects reloaded before import = 0Number of asset objects unloaded after import = 2

========================================================================
Received Import Request.
  Time since last request: 0.000017 seconds.
  path: Assets/Asset/Tileset/fantasy_ [version 2.0]/fantasy_/taigaForest_.png
  artifactKey: Guid(3df4c2408bd2c874c811117e493e30f8) Importer(2089858483,b0f066a214c2f5e87bad3c948f4d605d)
Start importing Assets/Asset/Tileset/fantasy_ [version 2.0]/fantasy_/taigaForest_.png using Guid(3df4c2408bd2c874c811117e493e30f8) Importer(2089858483,b0f066a214c2f5e87bad3c948f4d605d) (ScriptedImporter) -> (artifact id: '03b9eeb0ba0ee0dfcd9ec7adb779e485') in 0.0156397 seconds
Number of updated asset objects reloaded before import = 0Number of asset objects unloaded after import = 3

========================================================================
Received Import Request.
  Time since last request: 0.000019 seconds.
  path: Assets/Asset/Tileset/fantasy_ [version 2.0]/swamp_/swamp_ [bridgeAnimatedTiles].png
  artifactKey: Guid(5affffc53eead63478eaebdcf983fce7) Importer(2089858483,b0f066a214c2f5e87bad3c948f4d605d)
Start importing Assets/Asset/Tileset/fantasy_ [version 2.0]/swamp_/swamp_ [bridgeAnimatedTiles].png using Guid(5affffc53eead63478eaebdcf983fce7) Importer(2089858483,b0f066a214c2f5e87bad3c948f4d605d) (ScriptedImporter) -> (artifact id: '4b2e48ab2a3da3749f8c8fd0bf70ba78') in 0.0152869 seconds
Number of updated asset objects reloaded before import = 0Number of asset objects unloaded after import = 3

========================================================================
Received Import Request.
  Time since last request: 0.000017 seconds.
  path: Assets/Asset/Tileset/fantasy_ [version 2.0]/forest_/Box/forest_ [fencesAndWalls]_11.asset
  artifactKey: Guid(bd5155158b431ec4cafabc4ec7dce85c) Importer(2089858483,b0f066a214c2f5e87bad3c948f4d605d)
Start importing Assets/Asset/Tileset/fantasy_ [version 2.0]/forest_/Box/forest_ [fencesAndWalls]_11.asset using Guid(bd5155158b431ec4cafabc4ec7dce85c) Importer(2089858483,b0f066a214c2f5e87bad3c948f4d605d) (ScriptedImporter) -> (artifact id: '1c7281b11ce32198493b341aa338eec0') in 0.0146197 seconds
Number of updated asset objects reloaded before import = 0Number of asset objects unloaded after import = 2

========================================================================
Received Import Request.
  Time since last request: 0.000022 seconds.
  path: Assets/Asset/Tileset/fantasy_ [version 2.0]/forest_/Box/forest_ [fencesAndWalls]_40.asset
  artifactKey: Guid(0ec69ea51d77c0747be666a828aa3541) Importer(2089858483,b0f066a214c2f5e87bad3c948f4d605d)
Start importing Assets/Asset/Tileset/fantasy_ [version 2.0]/forest_/Box/forest_ [fencesAndWalls]_40.asset using Guid(0ec69ea51d77c0747be666a828aa3541) Importer(2089858483,b0f066a214c2f5e87bad3c948f4d605d) (ScriptedImporter) -> (artifact id: '13b165b94d859c709713ac8c884b7493') in 0.0118982 seconds
Number of updated asset objects reloaded before import = 0Number of asset objects unloaded after import = 2

========================================================================
Received Import Request.
  Time since last request: 0.000022 seconds.
  path: Assets/Asset/Tileset/fantasy_ [version 2.0]/fantasy_/swampDesert_.png
  artifactKey: Guid(5c210fc5bbd7e2049b1f5a556947d240) Importer(2089858483,b0f066a214c2f5e87bad3c948f4d605d)
Start importing Assets/Asset/Tileset/fantasy_ [version 2.0]/fantasy_/swampDesert_.png using Guid(5c210fc5bbd7e2049b1f5a556947d240) Importer(2089858483,b0f066a214c2f5e87bad3c948f4d605d) (ScriptedImporter) -> (artifact id: '4cb980cfb9db8a1cefee660c2797fa80') in 0.0124249 seconds
Number of updated asset objects reloaded before import = 0Number of asset objects unloaded after import = 3

========================================================================
Received Import Request.
  Time since last request: 0.000013 seconds.
  path: Assets/Asset/Tileset/fantasy_ [version 2.0]/forest_/Box/forest_ [fencesAndWalls]_98.asset
  artifactKey: Guid(28f3c1a51b698e24b8d9bb4c71c7255d) Importer(2089858483,b0f066a214c2f5e87bad3c948f4d605d)
Start importing Assets/Asset/Tileset/fantasy_ [version 2.0]/forest_/Box/forest_ [fencesAndWalls]_98.asset using Guid(28f3c1a51b698e24b8d9bb4c71c7255d) Importer(2089858483,b0f066a214c2f5e87bad3c948f4d605d) (ScriptedImporter) -> (artifact id: '3f51882bece752e2c4aecd90d4f3d361') in 0.0109371 seconds
Number of updated asset objects reloaded before import = 0Number of asset objects unloaded after import = 2

========================================================================
Received Import Request.
  Time since last request: 0.000014 seconds.
  path: Assets/Asset/Tileset/fantasy_ [version 2.0]/forest_/Box/forest_ [fencesAndWalls]_51.asset
  artifactKey: Guid(f188f1d4a2c9d9d43952b8b3ec510f03) Importer(2089858483,b0f066a214c2f5e87bad3c948f4d605d)
Start importing Assets/Asset/Tileset/fantasy_ [version 2.0]/forest_/Box/forest_ [fencesAndWalls]_51.asset using Guid(f188f1d4a2c9d9d43952b8b3ec510f03) Importer(2089858483,b0f066a214c2f5e87bad3c948f4d605d) (ScriptedImporter) -> (artifact id: 'b61eb396dfcdce019fbae5dcbb0e72c7') in 0.0123177 seconds
Number of updated asset objects reloaded before import = 0Number of asset objects unloaded after import = 2

========================================================================
Received Import Request.
  Time since last request: 0.000016 seconds.
  path: Assets/Asset/Tileset/fantasy_ [version 2.0]/forest_/Box/forest_ [fencesAndWalls]_66.asset
  artifactKey: Guid(a3c79ec5a8085384f8b8b3c08c16f211) Importer(2089858483,b0f066a214c2f5e87bad3c948f4d605d)
Start importing Assets/Asset/Tileset/fantasy_ [version 2.0]/forest_/Box/forest_ [fencesAndWalls]_66.asset using Guid(a3c79ec5a8085384f8b8b3c08c16f211) Importer(2089858483,b0f066a214c2f5e87bad3c948f4d605d) (ScriptedImporter) -> (artifact id: '51807c01ec47d5a3b60c221e886169d3') in 0.0125377 seconds
Number of updated asset objects reloaded before import = 0Number of asset objects unloaded after import = 2

========================================================================
Received Import Request.
  Time since last request: 0.000018 seconds.
  path: Assets/Asset/Tileset/fantasy_ [version 2.0]/forest_/forest_ [resources].png
  artifactKey: Guid(a274e90233fdf924983b19c58fc5e0b2) Importer(2089858483,b0f066a214c2f5e87bad3c948f4d605d)
Start importing Assets/Asset/Tileset/fantasy_ [version 2.0]/forest_/forest_ [resources].png using Guid(a274e90233fdf924983b19c58fc5e0b2) Importer(2089858483,b0f066a214c2f5e87bad3c948f4d605d) (ScriptedImporter) -> (artifact id: 'b502a316045a30f1c7e8b19c90244280') in 0.0520717 seconds
Number of updated asset objects reloaded before import = 0Number of asset objects unloaded after import = 52

========================================================================
Received Import Request.
  Time since last request: 0.000022 seconds.
  path: Assets/Asset/Tileset/fantasy_ [version 2.0]/taiga_/taigaPath_.png
  artifactKey: Guid(78201bd49b8ec3e428f346946c2264f1) Importer(2089858483,b0f066a214c2f5e87bad3c948f4d605d)
Start importing Assets/Asset/Tileset/fantasy_ [version 2.0]/taiga_/taigaPath_.png using Guid(78201bd49b8ec3e428f346946c2264f1) Importer(2089858483,b0f066a214c2f5e87bad3c948f4d605d) (ScriptedImporter) -> (artifact id: '8d15060fbb8102d7dff993d47f1657c2') in 0.0164184 seconds
Number of updated asset objects reloaded before import = 0Number of asset objects unloaded after import = 3

========================================================================
Received Import Request.
  Time since last request: 0.000018 seconds.
  path: Assets/Asset/Tileset/fantasy_ [version 2.0]/forest_/Floor/forest__58.asset
  artifactKey: Guid(211c0192cac06fe40a3ead5db4effc51) Importer(2089858483,b0f066a214c2f5e87bad3c948f4d605d)
Start importing Assets/Asset/Tileset/fantasy_ [version 2.0]/forest_/Floor/forest__58.asset using Guid(211c0192cac06fe40a3ead5db4effc51) Importer(2089858483,b0f066a214c2f5e87bad3c948f4d605d) (ScriptedImporter) -> (artifact id: '376a7516ac8541d72c80eb652a7bb0ac') in 0.0113456 seconds
Number of updated asset objects reloaded before import = 0Number of asset objects unloaded after import = 2

========================================================================
Received Import Request.
  Time since last request: 0.000021 seconds.
  path: Assets/Asset/Tileset/fantasy_ [version 2.0]/forest_/Floor/forest__90.asset
  artifactKey: Guid(ba4f2d679da6845448085d55c2074e64) Importer(2089858483,b0f066a214c2f5e87bad3c948f4d605d)
Start importing Assets/Asset/Tileset/fantasy_ [version 2.0]/forest_/Floor/forest__90.asset using Guid(ba4f2d679da6845448085d55c2074e64) Importer(2089858483,b0f066a214c2f5e87bad3c948f4d605d) (ScriptedImporter) -> (artifact id: '74db0849fe3db610be2e8ecf202df06c') in 0.0145097 seconds
Number of updated asset objects reloaded before import = 0Number of asset objects unloaded after import = 2

========================================================================
Received Import Request.
  Time since last request: 0.000011 seconds.
  path: Assets/Asset/Tileset/fantasy_ [version 2.0]/forest_/Floor/forest__24.asset
  artifactKey: Guid(46e4431791dbace428ccab73407a5def) Importer(2089858483,b0f066a214c2f5e87bad3c948f4d605d)
Start importing Assets/Asset/Tileset/fantasy_ [version 2.0]/forest_/Floor/forest__24.asset using Guid(46e4431791dbace428ccab73407a5def) Importer(2089858483,b0f066a214c2f5e87bad3c948f4d605d) (ScriptedImporter) -> (artifact id: 'a67d1e3187cd916577ce9f86a92e47ff') in 0.0121238 seconds
Number of updated asset objects reloaded before import = 0Number of asset objects unloaded after import = 2

========================================================================
Received Import Request.
  Time since last request: 0.000011 seconds.
  path: Assets/Asset/Tileset/fantasy_ [version 2.0]/fantasy_/forestDesert_.png
  artifactKey: Guid(f5d15516b51f8c64cb2dd6b7a7a79286) Importer(2089858483,b0f066a214c2f5e87bad3c948f4d605d)
Start importing Assets/Asset/Tileset/fantasy_ [version 2.0]/fantasy_/forestDesert_.png using Guid(f5d15516b51f8c64cb2dd6b7a7a79286) Importer(2089858483,b0f066a214c2f5e87bad3c948f4d605d) (ScriptedImporter) -> (artifact id: '3f805b9ae542680e826b4108e2d483b8') in 0.0180772 seconds
Number of updated asset objects reloaded before import = 0Number of asset objects unloaded after import = 3

========================================================================
Received Import Request.
  Time since last request: 0.000017 seconds.
  path: Assets/Asset/Tileset/fantasy_ [version 2.0]/forest_/Floor/forest__22.asset
  artifactKey: Guid(026e2476105867a49926d8dda2bd1339) Importer(2089858483,b0f066a214c2f5e87bad3c948f4d605d)
Start importing Assets/Asset/Tileset/fantasy_ [version 2.0]/forest_/Floor/forest__22.asset using Guid(026e2476105867a49926d8dda2bd1339) Importer(2089858483,b0f066a214c2f5e87bad3c948f4d605d) (ScriptedImporter) -> (artifact id: 'a7ec6366342acd64ed19835c47130ffe') in 0.0112151 seconds
Number of updated asset objects reloaded before import = 0Number of asset objects unloaded after import = 2

========================================================================
Received Import Request.
  Time since last request: 0.000021 seconds.
  path: Assets/Asset/Tileset/fantasy_ [version 2.0]/forest_/Floor/forest__86.asset
  artifactKey: Guid(107ce336d762382458d0dee81e098380) Importer(2089858483,b0f066a214c2f5e87bad3c948f4d605d)
Start importing Assets/Asset/Tileset/fantasy_ [version 2.0]/forest_/Floor/forest__86.asset using Guid(107ce336d762382458d0dee81e098380) Importer(2089858483,b0f066a214c2f5e87bad3c948f4d605d) (ScriptedImporter) -> (artifact id: 'a5247010e8c3f463541421fc7500a840') in 0.0138313 seconds
Number of updated asset objects reloaded before import = 0Number of asset objects unloaded after import = 2

========================================================================
Received Import Request.
  Time since last request: 0.000024 seconds.
  path: Assets/Asset/Tileset/fantasy_ [version 2.0]/tundra_/tundra_ [bridgeAnimatedTiles].png
  artifactKey: Guid(5070fe3763e836147a789a2ebe616916) Importer(2089858483,b0f066a214c2f5e87bad3c948f4d605d)
Start importing Assets/Asset/Tileset/fantasy_ [version 2.0]/tundra_/tundra_ [bridgeAnimatedTiles].png using Guid(5070fe3763e836147a789a2ebe616916) Importer(2089858483,b0f066a214c2f5e87bad3c948f4d605d) (ScriptedImporter) -> (artifact id: 'a3985b66b003e13048abcc91c6e2cdf7') in 0.0162204 seconds
Number of updated asset objects reloaded before import = 0Number of asset objects unloaded after import = 3

========================================================================
Received Import Request.
  Time since last request: 0.000016 seconds.
  path: Assets/Asset/Tileset/fantasy_ [version 2.0]/forest_/Floor/forest__28.asset
  artifactKey: Guid(105adfd084ae3084f9a86b64c032e4df) Importer(2089858483,b0f066a214c2f5e87bad3c948f4d605d)
Start importing Assets/Asset/Tileset/fantasy_ [version 2.0]/forest_/Floor/forest__28.asset using Guid(105adfd084ae3084f9a86b64c032e4df) Importer(2089858483,b0f066a214c2f5e87bad3c948f4d605d) (ScriptedImporter) -> (artifact id: '84ab93349954eeb5c31052d86c0e747e') in 0.0151908 seconds
Number of updated asset objects reloaded before import = 0Number of asset objects unloaded after import = 2

========================================================================
Received Import Request.
  Time since last request: 0.000021 seconds.
  path: Assets/Asset/Tileset/fantasy_ [version 2.0]/forest_/Floor/forest__15.asset
  artifactKey: Guid(dfec90002dc250d429850d6f76b5f544) Importer(2089858483,b0f066a214c2f5e87bad3c948f4d605d)
Start importing Assets/Asset/Tileset/fantasy_ [version 2.0]/forest_/Floor/forest__15.asset using Guid(dfec90002dc250d429850d6f76b5f544) Importer(2089858483,b0f066a214c2f5e87bad3c948f4d605d) (ScriptedImporter) -> (artifact id: 'd776da61eef1f7b0a0e4b457840f7b26') in 0.0134679 seconds
Number of updated asset objects reloaded before import = 0Number of asset objects unloaded after import = 2

========================================================================
Received Import Request.
  Time since last request: 0.000014 seconds.
  path: Assets/Asset/Tileset/fantasy_ [version 2.0]/desert_/Floor/desert__88.asset
  artifactKey: Guid(013ba10248312cf4f8a3a577508bb692) Importer(2089858483,b0f066a214c2f5e87bad3c948f4d605d)
Start importing Assets/Asset/Tileset/fantasy_ [version 2.0]/desert_/Floor/desert__88.asset using Guid(013ba10248312cf4f8a3a577508bb692) Importer(2089858483,b0f066a214c2f5e87bad3c948f4d605d) (ScriptedImporter) -> (artifact id: 'eca315eadb16390887eedec015b7bb04') in 0.0135686 seconds
Number of updated asset objects reloaded before import = 0Number of asset objects unloaded after import = 2

========================================================================
Received Import Request.
  Time since last request: 0.000018 seconds.
  path: Assets/Asset/Tileset/fantasy_ [version 2.0]/forest_/Box/forest_ [fencesAndWalls]_54.asset
  artifactKey: Guid(e418f8f568917c24aa51225f5cc498a1) Importer(2089858483,b0f066a214c2f5e87bad3c948f4d605d)
Start importing Assets/Asset/Tileset/fantasy_ [version 2.0]/forest_/Box/forest_ [fencesAndWalls]_54.asset using Guid(e418f8f568917c24aa51225f5cc498a1) Importer(2089858483,b0f066a214c2f5e87bad3c948f4d605d) (ScriptedImporter) -> (artifact id: '8669e176cf7e0a97d17f7675d65ade7c') in 0.0113368 seconds
Number of updated asset objects reloaded before import = 0Number of asset objects unloaded after import = 2

========================================================================
Received Import Request.
  Time since last request: 0.000018 seconds.
  path: Assets/Asset/Tileset/fantasy_ [version 2.0]/forest_/Box/forest_ [fencesAndWalls]_39.asset
  artifactKey: Guid(ebe09606fb9f1134faa9788d9d0480fe) Importer(2089858483,b0f066a214c2f5e87bad3c948f4d605d)
Start importing Assets/Asset/Tileset/fantasy_ [version 2.0]/forest_/Box/forest_ [fencesAndWalls]_39.asset using Guid(ebe09606fb9f1134faa9788d9d0480fe) Importer(2089858483,b0f066a214c2f5e87bad3c948f4d605d) (ScriptedImporter) -> (artifact id: '497eff3d405f6bb30c571b803e424bcd') in 0.0139436 seconds
Number of updated asset objects reloaded before import = 0Number of asset objects unloaded after import = 2

========================================================================
Received Import Request.
  Time since last request: 0.000033 seconds.
  path: Assets/Asset/Tileset/fantasy_ [version 2.0]/forest_/Box/forest_ [fencesAndWalls]_47.asset
  artifactKey: Guid(3c47a0681bfb05748a744be3370a9a72) Importer(2089858483,b0f066a214c2f5e87bad3c948f4d605d)
Start importing Assets/Asset/Tileset/fantasy_ [version 2.0]/forest_/Box/forest_ [fencesAndWalls]_47.asset using Guid(3c47a0681bfb05748a744be3370a9a72) Importer(2089858483,b0f066a214c2f5e87bad3c948f4d605d) (ScriptedImporter) -> (artifact id: '4322696b57cd5deb873d38692eee35ca') in 0.0135239 seconds
Number of updated asset objects reloaded before import = 0Number of asset objects unloaded after import = 2

========================================================================
Received Import Request.
  Time since last request: 0.000014 seconds.
  path: Assets/Asset/Tileset/fantasy_ [version 2.0]/forest_/Floor/forest__5.asset
  artifactKey: Guid(6b95723ab5143074ebdee49bec34aab0) Importer(2089858483,b0f066a214c2f5e87bad3c948f4d605d)
Start importing Assets/Asset/Tileset/fantasy_ [version 2.0]/forest_/Floor/forest__5.asset using Guid(6b95723ab5143074ebdee49bec34aab0) Importer(2089858483,b0f066a214c2f5e87bad3c948f4d605d) (ScriptedImporter) -> (artifact id: 'd647bc3d164541c2524c4b5162d16b47') in 0.0129787 seconds
Number of updated asset objects reloaded before import = 0Number of asset objects unloaded after import = 2

========================================================================
Received Import Request.
  Time since last request: 0.000015 seconds.
  path: Assets/Asset/Tileset/fantasy_ [version 2.0]/forest_/forest_ [fountain].png
  artifactKey: Guid(9e284c79c8f933b4f92b8876e622ee35) Importer(2089858483,b0f066a214c2f5e87bad3c948f4d605d)
Start importing Assets/Asset/Tileset/fantasy_ [version 2.0]/forest_/forest_ [fountain].png using Guid(9e284c79c8f933b4f92b8876e622ee35) Importer(2089858483,b0f066a214c2f5e87bad3c948f4d605d) (ScriptedImporter) -> (artifact id: '86ade69b582474cec73d6f365f8a89bc') in 0.0193428 seconds
Number of updated asset objects reloaded before import = 0Number of asset objects unloaded after import = 3

========================================================================
Received Import Request.
  Time since last request: 0.000014 seconds.
  path: Assets/Asset/Tileset/fantasy_ [version 2.0]/desert_/Floor/desert__62.asset
  artifactKey: Guid(62a4170a60c03e149853bf1006fe24ac) Importer(2089858483,b0f066a214c2f5e87bad3c948f4d605d)
Start importing Assets/Asset/Tileset/fantasy_ [version 2.0]/desert_/Floor/desert__62.asset using Guid(62a4170a60c03e149853bf1006fe24ac) Importer(2089858483,b0f066a214c2f5e87bad3c948f4d605d) (ScriptedImporter) -> (artifact id: '17c00a2743649ed0f40246b761c02144') in 0.0140119 seconds
Number of updated asset objects reloaded before import = 0Number of asset objects unloaded after import = 2

========================================================================
Received Import Request.
  Time since last request: 0.000016 seconds.
  path: Assets/Asset/Tileset/fantasy_ [version 2.0]/forest_/Floor/forest__99.asset
  artifactKey: Guid(5086bd487f28f4a47a520a4b305e7a51) Importer(2089858483,b0f066a214c2f5e87bad3c948f4d605d)
Start importing Assets/Asset/Tileset/fantasy_ [version 2.0]/forest_/Floor/forest__99.asset using Guid(5086bd487f28f4a47a520a4b305e7a51) Importer(2089858483,b0f066a214c2f5e87bad3c948f4d605d) (ScriptedImporter) -> (artifact id: '3968ac4b040eb0910a24a5f96f03ecd5') in 0.0111864 seconds
Number of updated asset objects reloaded before import = 0Number of asset objects unloaded after import = 2

========================================================================
Received Import Request.
  Time since last request: 0.000017 seconds.
  path: Assets/Asset/Tileset/fantasy_ [version 2.0]/forest_/Box/forest_ [fencesAndWalls]_59.asset
  artifactKey: Guid(0dd3f099683d4a44683bd0d899a038bf) Importer(2089858483,b0f066a214c2f5e87bad3c948f4d605d)
Start importing Assets/Asset/Tileset/fantasy_ [version 2.0]/forest_/Box/forest_ [fencesAndWalls]_59.asset using Guid(0dd3f099683d4a44683bd0d899a038bf) Importer(2089858483,b0f066a214c2f5e87bad3c948f4d605d) (ScriptedImporter) -> (artifact id: '47343bc2c07fc60320e4374ec39e5144') in 0.0146485 seconds
Number of updated asset objects reloaded before import = 0Number of asset objects unloaded after import = 2

========================================================================
Received Import Request.
  Time since last request: 0.000027 seconds.
  path: Assets/Asset/Tileset/fantasy_ [version 2.0]/forest_/Floor/forest__66.asset
  artifactKey: Guid(8e28cb29e584b464ba2b2163977e96ea) Importer(2089858483,b0f066a214c2f5e87bad3c948f4d605d)
Start importing Assets/Asset/Tileset/fantasy_ [version 2.0]/forest_/Floor/forest__66.asset using Guid(8e28cb29e584b464ba2b2163977e96ea) Importer(2089858483,b0f066a214c2f5e87bad3c948f4d605d) (ScriptedImporter) -> (artifact id: '3c7881b2ba993a22243b8fe32a5cf451') in 0.0133093 seconds
Number of updated asset objects reloaded before import = 0Number of asset objects unloaded after import = 2

========================================================================
Received Import Request.
  Time since last request: 0.000019 seconds.
  path: Assets/Asset/Tileset/fantasy_ [version 2.0]/taiga_/taiga_ [resources].png
  artifactKey: Guid(47c0a03ae1e52de4e97ad08f5e5d0cd8) Importer(2089858483,b0f066a214c2f5e87bad3c948f4d605d)
Start importing Assets/Asset/Tileset/fantasy_ [version 2.0]/taiga_/taiga_ [resources].png using Guid(47c0a03ae1e52de4e97ad08f5e5d0cd8) Importer(2089858483,b0f066a214c2f5e87bad3c948f4d605d) (ScriptedImporter) -> (artifact id: '6c4f8c044f451e809e45a71c15b8b484') in 0.038214 seconds
Number of updated asset objects reloaded before import = 0Number of asset objects unloaded after import = 36

========================================================================
Received Import Request.
  Time since last request: 0.000017 seconds.
  path: Assets/Asset/Tileset/fantasy_ [version 2.0]/fantasy_/tundraForest.png
  artifactKey: Guid(81a892c1f2ef5984cac1e5571fd1b1c7) Importer(2089858483,b0f066a214c2f5e87bad3c948f4d605d)
Start importing Assets/Asset/Tileset/fantasy_ [version 2.0]/fantasy_/tundraForest.png using Guid(81a892c1f2ef5984cac1e5571fd1b1c7) Importer(2089858483,b0f066a214c2f5e87bad3c948f4d605d) (ScriptedImporter) -> (artifact id: 'ccb3ca1292f9917fc00de76144e9e1bb') in 0.0179732 seconds
Number of updated asset objects reloaded before import = 0Number of asset objects unloaded after import = 3

========================================================================
Received Import Request.
  Time since last request: 0.000016 seconds.
  path: Assets/Asset/Tileset/fantasy_ [version 2.0]/forest_/Floor/forest__114.asset
  artifactKey: Guid(a69f8a1601d70b8468b4f69b05b2d42e) Importer(2089858483,b0f066a214c2f5e87bad3c948f4d605d)
Start importing Assets/Asset/Tileset/fantasy_ [version 2.0]/forest_/Floor/forest__114.asset using Guid(a69f8a1601d70b8468b4f69b05b2d42e) Importer(2089858483,b0f066a214c2f5e87bad3c948f4d605d) (ScriptedImporter) -> (artifact id: 'd6bf728215cf092218fc22498da11d66') in 0.0126223 seconds
Number of updated asset objects reloaded before import = 0Number of asset objects unloaded after import = 2

========================================================================
Received Import Request.
  Time since last request: 0.000012 seconds.
  path: Assets/Asset/Tileset/fantasy_ [version 2.0]/forest_/Floor/forest__18.asset
  artifactKey: Guid(20e88d2770f75b44fae7dee4fe410cff) Importer(2089858483,b0f066a214c2f5e87bad3c948f4d605d)
Start importing Assets/Asset/Tileset/fantasy_ [version 2.0]/forest_/Floor/forest__18.asset using Guid(20e88d2770f75b44fae7dee4fe410cff) Importer(2089858483,b0f066a214c2f5e87bad3c948f4d605d) (ScriptedImporter) -> (artifact id: '64d2580eb7c90612d8732f4d8a5d4188') in 0.0146017 seconds
Number of updated asset objects reloaded before import = 0Number of asset objects unloaded after import = 2

========================================================================
Received Import Request.
  Time since last request: 0.000089 seconds.
  path: Assets/Asset/Tileset/fantasy_ [version 2.0]/forest_/Floor/forest__88.asset
  artifactKey: Guid(470d5b5ac5250a94f81044f998884d08) Importer(2089858483,b0f066a214c2f5e87bad3c948f4d605d)
Start importing Assets/Asset/Tileset/fantasy_ [version 2.0]/forest_/Floor/forest__88.asset using Guid(470d5b5ac5250a94f81044f998884d08) Importer(2089858483,b0f066a214c2f5e87bad3c948f4d605d) (ScriptedImporter) -> (artifact id: '0cbb70486aa1c26747fdb3d01bc59b5a') in 0.0133279 seconds
Number of updated asset objects reloaded before import = 0Number of asset objects unloaded after import = 2

========================================================================
Received Import Request.
  Time since last request: 0.000021 seconds.
  path: Assets/Asset/Tileset/fantasy_ [version 2.0]/forest_/Floor/forest__62.asset
  artifactKey: Guid(d5e3abab778340447b2ff0f6031b2a40) Importer(2089858483,b0f066a214c2f5e87bad3c948f4d605d)
Start importing Assets/Asset/Tileset/fantasy_ [version 2.0]/forest_/Floor/forest__62.asset using Guid(d5e3abab778340447b2ff0f6031b2a40) Importer(2089858483,b0f066a214c2f5e87bad3c948f4d605d) (ScriptedImporter) -> (artifact id: '4ec6095d00efac93cefb438d9e9ca874') in 0.0123473 seconds
Number of updated asset objects reloaded before import = 0Number of asset objects unloaded after import = 2

========================================================================
Received Import Request.
  Time since last request: 0.000013 seconds.
  path: Assets/Asset/Tileset/fantasy_ [version 2.0]/cave_/cave_ [fountain].png
  artifactKey: Guid(b59313dbb82a47542b4c36a39ac6470d) Importer(2089858483,b0f066a214c2f5e87bad3c948f4d605d)
Start importing Assets/Asset/Tileset/fantasy_ [version 2.0]/cave_/cave_ [fountain].png using Guid(b59313dbb82a47542b4c36a39ac6470d) Importer(2089858483,b0f066a214c2f5e87bad3c948f4d605d) (ScriptedImporter) -> (artifact id: 'd5bae8298d08f83a9cda919d7a007e79') in 0.0241753 seconds
Number of updated asset objects reloaded before import = 0Number of asset objects unloaded after import = 3

========================================================================
Received Import Request.
  Time since last request: 0.000011 seconds.
  path: Assets/Asset/Tileset/fantasy_ [version 2.0]/forest_/Box/forest_ [fencesAndWalls]_74.asset
  artifactKey: Guid(41c47a8a1595b624987a84bc5b4b4d17) Importer(2089858483,b0f066a214c2f5e87bad3c948f4d605d)
Start importing Assets/Asset/Tileset/fantasy_ [version 2.0]/forest_/Box/forest_ [fencesAndWalls]_74.asset using Guid(41c47a8a1595b624987a84bc5b4b4d17) Importer(2089858483,b0f066a214c2f5e87bad3c948f4d605d) (ScriptedImporter) -> (artifact id: 'ffd6c5ebd99df1291ee473b4987cac78') in 0.0122026 seconds
Number of updated asset objects reloaded before import = 0Number of asset objects unloaded after import = 2

========================================================================
Received Import Request.
  Time since last request: 0.000027 seconds.
  path: Assets/Asset/Tileset/fantasy_ [version 2.0]/forest_/Box/forest_ [fencesAndWalls]_82.asset
  artifactKey: Guid(fbb005ca0c30a6a48929ba2cb8c3cbda) Importer(2089858483,b0f066a214c2f5e87bad3c948f4d605d)
Start importing Assets/Asset/Tileset/fantasy_ [version 2.0]/forest_/Box/forest_ [fencesAndWalls]_82.asset using Guid(fbb005ca0c30a6a48929ba2cb8c3cbda) Importer(2089858483,b0f066a214c2f5e87bad3c948f4d605d) (ScriptedImporter) -> (artifact id: '010d65e5c19b5cf95b3fb2ce5f74edb2') in 0.0124122 seconds
Number of updated asset objects reloaded before import = 0Number of asset objects unloaded after import = 2

========================================================================
Received Import Request.
  Time since last request: 0.000011 seconds.
  path: Assets/Asset/Tileset/fantasy_ [version 2.0]/forest_/Box/forest_ [fencesAndWalls]_114.asset
  artifactKey: Guid(e67b563cffe875a4f9b213c323a67165) Importer(2089858483,b0f066a214c2f5e87bad3c948f4d605d)
Start importing Assets/Asset/Tileset/fantasy_ [version 2.0]/forest_/Box/forest_ [fencesAndWalls]_114.asset using Guid(e67b563cffe875a4f9b213c323a67165) Importer(2089858483,b0f066a214c2f5e87bad3c948f4d605d) (ScriptedImporter) -> (artifact id: '63b0ac84e371e638d6d4cbd7a4153c92') in 0.0152057 seconds
Number of updated asset objects reloaded before import = 0Number of asset objects unloaded after import = 2

========================================================================
Received Import Request.
  Time since last request: 0.000017 seconds.
  path: Assets/Asset/Tileset/fantasy_ [version 2.0]/forest_/Floor/forest__96.asset
  artifactKey: Guid(0d3282fbba34abf4ab18fd8065917eb6) Importer(2089858483,b0f066a214c2f5e87bad3c948f4d605d)
Start importing Assets/Asset/Tileset/fantasy_ [version 2.0]/forest_/Floor/forest__96.asset using Guid(0d3282fbba34abf4ab18fd8065917eb6) Importer(2089858483,b0f066a214c2f5e87bad3c948f4d605d) (ScriptedImporter) -> (artifact id: 'e07f056e6d85cb3e4dc8a001384244f8') in 0.0102504 seconds
Number of updated asset objects reloaded before import = 0Number of asset objects unloaded after import = 2

========================================================================
Received Import Request.
  Time since last request: 0.000024 seconds.
  path: Assets/Asset/Tileset/fantasy_ [version 2.0]/cave_/railway_.png
  artifactKey: Guid(7989035b46fed5141aef5f96bd32e00a) Importer(2089858483,b0f066a214c2f5e87bad3c948f4d605d)
Start importing Assets/Asset/Tileset/fantasy_ [version 2.0]/cave_/railway_.png using Guid(7989035b46fed5141aef5f96bd32e00a) Importer(2089858483,b0f066a214c2f5e87bad3c948f4d605d) (ScriptedImporter) -> (artifact id: '2fbcf3aa3cd2f4e5efeeb71b550ff123') in 0.0169651 seconds
Number of updated asset objects reloaded before import = 0Number of asset objects unloaded after import = 7

========================================================================
Received Import Request.
  Time since last request: 0.000016 seconds.
  path: Assets/Asset/Tileset/fantasy_ [version 2.0]/forest_/Floor/forest__69.asset
  artifactKey: Guid(509ae09ba0dd77c40b5e9fd3aca33259) Importer(2089858483,b0f066a214c2f5e87bad3c948f4d605d)
Start importing Assets/Asset/Tileset/fantasy_ [version 2.0]/forest_/Floor/forest__69.asset using Guid(509ae09ba0dd77c40b5e9fd3aca33259) Importer(2089858483,b0f066a214c2f5e87bad3c948f4d605d) (ScriptedImporter) -> (artifact id: '05e399226803dc400fc620a46759f183') in 0.0122363 seconds
Number of updated asset objects reloaded before import = 0Number of asset objects unloaded after import = 2

========================================================================
Received Import Request.
  Time since last request: 0.000015 seconds.
  path: Assets/Asset/Tileset/fantasy_ [version 2.0]/desert_/Floor/desert__6.asset
  artifactKey: Guid(dbc342702f2916b4ea52eb6d7ceb90c3) Importer(2089858483,b0f066a214c2f5e87bad3c948f4d605d)
Start importing Assets/Asset/Tileset/fantasy_ [version 2.0]/desert_/Floor/desert__6.asset using Guid(dbc342702f2916b4ea52eb6d7ceb90c3) Importer(2089858483,b0f066a214c2f5e87bad3c948f4d605d) (ScriptedImporter) -> (artifact id: '68fc983c62f35aedba762d8ab89ff7cf') in 0.0120057 seconds
Number of updated asset objects reloaded before import = 0Number of asset objects unloaded after import = 2

========================================================================
Received Import Request.
  Time since last request: 0.000013 seconds.
  path: Assets/Asset/Tileset/fantasy_ [version 2.0]/desert_/Floor/desert__53.asset
  artifactKey: Guid(965ee767eb89ced44bf6c552b2afa336) Importer(2089858483,b0f066a214c2f5e87bad3c948f4d605d)
Start importing Assets/Asset/Tileset/fantasy_ [version 2.0]/desert_/Floor/desert__53.asset using Guid(965ee767eb89ced44bf6c552b2afa336) Importer(2089858483,b0f066a214c2f5e87bad3c948f4d605d) (ScriptedImporter) -> (artifact id: 'f4d299474b0b32e4cee3d5c033fa694d') in 0.013953 seconds
Number of updated asset objects reloaded before import = 0Number of asset objects unloaded after import = 2

========================================================================
Received Import Request.
  Time since last request: 0.000015 seconds.
  path: Assets/Asset/Tileset/fantasy_ [version 2.0]/desert_/Floor/desert__18.asset
  artifactKey: Guid(3b6034bcca0d3824c95f838620729ba1) Importer(2089858483,b0f066a214c2f5e87bad3c948f4d605d)
Start importing Assets/Asset/Tileset/fantasy_ [version 2.0]/desert_/Floor/desert__18.asset using Guid(3b6034bcca0d3824c95f838620729ba1) Importer(2089858483,b0f066a214c2f5e87bad3c948f4d605d) (ScriptedImporter) -> (artifact id: 'f6ff5e71c7d3abb316a4ad11d8106985') in 0.013952 seconds
Number of updated asset objects reloaded before import = 0Number of asset objects unloaded after import = 2

========================================================================
Received Import Request.
  Time since last request: 0.000017 seconds.
  path: Assets/Asset/Tileset/fantasy_ [version 2.0]/forest_/Box/forest_ [fencesAndWalls]_23.asset
  artifactKey: Guid(745df36de3ee08341a9ba77b61822bd1) Importer(2089858483,b0f066a214c2f5e87bad3c948f4d605d)
Start importing Assets/Asset/Tileset/fantasy_ [version 2.0]/forest_/Box/forest_ [fencesAndWalls]_23.asset using Guid(745df36de3ee08341a9ba77b61822bd1) Importer(2089858483,b0f066a214c2f5e87bad3c948f4d605d) (ScriptedImporter) -> (artifact id: 'f3feafe7228ab55946e3fc152c87a6cc') in 0.0126324 seconds
Number of updated asset objects reloaded before import = 0Number of asset objects unloaded after import = 2

========================================================================
Received Import Request.
  Time since last request: 0.000019 seconds.
  path: Assets/Asset/Tileset/fantasy_ [version 2.0]/desert_/Floor/desert__37.asset
  artifactKey: Guid(c1aff44c88e300e4f8ea0d2ce8fc1758) Importer(2089858483,b0f066a214c2f5e87bad3c948f4d605d)
Start importing Assets/Asset/Tileset/fantasy_ [version 2.0]/desert_/Floor/desert__37.asset using Guid(c1aff44c88e300e4f8ea0d2ce8fc1758) Importer(2089858483,b0f066a214c2f5e87bad3c948f4d605d) (ScriptedImporter) -> (artifact id: '6544586791c15e76a00fe5660d563e8d') in 0.0134957 seconds
Number of updated asset objects reloaded before import = 0Number of asset objects unloaded after import = 2

========================================================================
Received Import Request.
  Time since last request: 0.000012 seconds.
  path: Assets/Asset/Tileset/fantasy_ [version 2.0]/desert_/Floor/desert__87.asset
  artifactKey: Guid(d431286d9bf8c9f4b95086771ad016b4) Importer(2089858483,b0f066a214c2f5e87bad3c948f4d605d)
Start importing Assets/Asset/Tileset/fantasy_ [version 2.0]/desert_/Floor/desert__87.asset using Guid(d431286d9bf8c9f4b95086771ad016b4) Importer(2089858483,b0f066a214c2f5e87bad3c948f4d605d) (ScriptedImporter) -> (artifact id: '81503a6bf53a6b73898f1a190bc11a06') in 0.0123581 seconds
Number of updated asset objects reloaded before import = 0Number of asset objects unloaded after import = 2

========================================================================
Received Import Request.
  Time since last request: 0.000013 seconds.
  path: Assets/Asset/Tileset/fantasy_ [version 2.0]/forest_/Box/forest_ [fencesAndWalls]_93.asset
  artifactKey: Guid(67e4211daf1d9ca4d8fab8b9e127e441) Importer(2089858483,b0f066a214c2f5e87bad3c948f4d605d)
Start importing Assets/Asset/Tileset/fantasy_ [version 2.0]/forest_/Box/forest_ [fencesAndWalls]_93.asset using Guid(67e4211daf1d9ca4d8fab8b9e127e441) Importer(2089858483,b0f066a214c2f5e87bad3c948f4d605d) (ScriptedImporter) -> (artifact id: 'da67bdc0cd37daeaa0e33a8c372aedd8') in 0.0135234 seconds
Number of updated asset objects reloaded before import = 0Number of asset objects unloaded after import = 2

========================================================================
Received Import Request.
  Time since last request: 0.000015 seconds.
  path: Assets/Asset/Tileset/fantasy_ [version 2.0]/forest_/Floor/forest__11.asset
  artifactKey: Guid(31f15ebca7da0454e808371d3ea00fc3) Importer(2089858483,b0f066a214c2f5e87bad3c948f4d605d)
Start importing Assets/Asset/Tileset/fantasy_ [version 2.0]/forest_/Floor/forest__11.asset using Guid(31f15ebca7da0454e808371d3ea00fc3) Importer(2089858483,b0f066a214c2f5e87bad3c948f4d605d) (ScriptedImporter) -> (artifact id: 'e06efc601ac47404fd896bd86137497a') in 0.0151343 seconds
Number of updated asset objects reloaded before import = 0Number of asset objects unloaded after import = 2

========================================================================
Received Import Request.
  Time since last request: 0.000015 seconds.
  path: Assets/Asset/Tileset/fantasy_ [version 2.0]/desert_/Floor/desert__10.asset
  artifactKey: Guid(dda6ae7d332d8644daa9dd6431472e22) Importer(2089858483,b0f066a214c2f5e87bad3c948f4d605d)
Start importing Assets/Asset/Tileset/fantasy_ [version 2.0]/desert_/Floor/desert__10.asset using Guid(dda6ae7d332d8644daa9dd6431472e22) Importer(2089858483,b0f066a214c2f5e87bad3c948f4d605d) (ScriptedImporter) -> (artifact id: '172e69e192f433f3becae60cd04695e1') in 0.0123398 seconds
Number of updated asset objects reloaded before import = 0Number of asset objects unloaded after import = 2

========================================================================
Received Import Request.
  Time since last request: 0.000016 seconds.
  path: Assets/Asset/Tileset/fantasy_ [version 2.0]/forest_/Floor/forest__29.asset
  artifactKey: Guid(1dbb647c999ca47449bfffc390f3b9a9) Importer(2089858483,b0f066a214c2f5e87bad3c948f4d605d)
Start importing Assets/Asset/Tileset/fantasy_ [version 2.0]/forest_/Floor/forest__29.asset using Guid(1dbb647c999ca47449bfffc390f3b9a9) Importer(2089858483,b0f066a214c2f5e87bad3c948f4d605d) (ScriptedImporter) -> (artifact id: '1a50b614e3b41555f93e9852d8420387') in 0.0119876 seconds
Number of updated asset objects reloaded before import = 0Number of asset objects unloaded after import = 2

========================================================================
Received Import Request.
  Time since last request: 0.000021 seconds.
  path: Assets/Asset/Tileset/fantasy_ [version 2.0]/forest_/Floor/forest__2.asset
  artifactKey: Guid(9a937e7cdd885ec429f0a300e1058b9d) Importer(2089858483,b0f066a214c2f5e87bad3c948f4d605d)
Start importing Assets/Asset/Tileset/fantasy_ [version 2.0]/forest_/Floor/forest__2.asset using Guid(9a937e7cdd885ec429f0a300e1058b9d) Importer(2089858483,b0f066a214c2f5e87bad3c948f4d605d) (ScriptedImporter) -> (artifact id: '779cf48058d5e0f2923b151a0e6f559b') in 0.0133315 seconds
Number of updated asset objects reloaded before import = 0Number of asset objects unloaded after import = 2

========================================================================
Received Import Request.
  Time since last request: 0.000012 seconds.
  path: Assets/Asset/Tileset/fantasy_ [version 2.0]/forest_/Box/forest_ [fencesAndWalls]_29.asset
  artifactKey: Guid(70a83e4df77a3aa4196bf768889ebbe1) Importer(2089858483,b0f066a214c2f5e87bad3c948f4d605d)
Start importing Assets/Asset/Tileset/fantasy_ [version 2.0]/forest_/Box/forest_ [fencesAndWalls]_29.asset using Guid(70a83e4df77a3aa4196bf768889ebbe1) Importer(2089858483,b0f066a214c2f5e87bad3c948f4d605d) (ScriptedImporter) -> (artifact id: '11ef65cfe806bfe3e78a27c3ff48905e') in 0.0137615 seconds
Number of updated asset objects reloaded before import = 0Number of asset objects unloaded after import = 2

========================================================================
Received Import Request.
  Time since last request: 0.000012 seconds.
  path: Assets/Asset/Tileset/fantasy_ [version 2.0]/desert_/Floor/desert__51.asset
  artifactKey: Guid(ee2cdd7dc6217494380648c915d3ef52) Importer(2089858483,b0f066a214c2f5e87bad3c948f4d605d)
Start importing Assets/Asset/Tileset/fantasy_ [version 2.0]/desert_/Floor/desert__51.asset using Guid(ee2cdd7dc6217494380648c915d3ef52) Importer(2089858483,b0f066a214c2f5e87bad3c948f4d605d) (ScriptedImporter) -> (artifact id: 'f4fd555464770b13681ea885471c88ba') in 0.0145395 seconds
Number of updated asset objects reloaded before import = 0Number of asset objects unloaded after import = 2

========================================================================
Received Import Request.
  Time since last request: 0.000016 seconds.
  path: Assets/Asset/Tileset/fantasy_ [version 2.0]/forest_/Box/forest_ [fencesAndWalls]_70.asset
  artifactKey: Guid(76ae2b6e372d2ca4693ed77f5cb9034e) Importer(2089858483,b0f066a214c2f5e87bad3c948f4d605d)
Start importing Assets/Asset/Tileset/fantasy_ [version 2.0]/forest_/Box/forest_ [fencesAndWalls]_70.asset using Guid(76ae2b6e372d2ca4693ed77f5cb9034e) Importer(2089858483,b0f066a214c2f5e87bad3c948f4d605d) (ScriptedImporter) -> (artifact id: 'b10ab5eb2c2948299b9a9172757ae24f') in 0.0143617 seconds
Number of updated asset objects reloaded before import = 0Number of asset objects unloaded after import = 2

========================================================================
Received Import Request.
  Time since last request: 0.000015 seconds.
  path: Assets/Asset/Tileset/fantasy_ [version 2.0]/swamp_/swamp_.png
  artifactKey: Guid(06a0af4f1195e7844b7ec961500cedab) Importer(2089858483,b0f066a214c2f5e87bad3c948f4d605d)
Start importing Assets/Asset/Tileset/fantasy_ [version 2.0]/swamp_/swamp_.png using Guid(06a0af4f1195e7844b7ec961500cedab) Importer(2089858483,b0f066a214c2f5e87bad3c948f4d605d) (ScriptedImporter) -> (artifact id: '18613689f3e8853b04128befc332bf37') in 0.0145198 seconds
Number of updated asset objects reloaded before import = 0Number of asset objects unloaded after import = 3

========================================================================
Received Import Request.
  Time since last request: 0.000020 seconds.
  path: Assets/Asset/Tileset/fantasy_ [version 2.0]/forest_/Box/forest_ [fencesAndWalls]_17.asset
  artifactKey: Guid(be0707cefd88b0f4e8f30c2309508eea) Importer(2089858483,b0f066a214c2f5e87bad3c948f4d605d)
Start importing Assets/Asset/Tileset/fantasy_ [version 2.0]/forest_/Box/forest_ [fencesAndWalls]_17.asset using Guid(be0707cefd88b0f4e8f30c2309508eea) Importer(2089858483,b0f066a214c2f5e87bad3c948f4d605d) (ScriptedImporter) -> (artifact id: 'db0c28bfbf2a89524c384e5d00d707e8') in 0.0137683 seconds
Number of updated asset objects reloaded before import = 0Number of asset objects unloaded after import = 2

========================================================================
Received Import Request.
  Time since last request: 0.000026 seconds.
  path: Assets/Asset/Tileset/fantasy_ [version 2.0]/forest_/Floor/forest__40.asset
  artifactKey: Guid(fbde21d58ef1cb04991740d579fbfae1) Importer(2089858483,b0f066a214c2f5e87bad3c948f4d605d)
Start importing Assets/Asset/Tileset/fantasy_ [version 2.0]/forest_/Floor/forest__40.asset using Guid(fbde21d58ef1cb04991740d579fbfae1) Importer(2089858483,b0f066a214c2f5e87bad3c948f4d605d) (ScriptedImporter) -> (artifact id: '82fc179075f9fd0c96c23787e2863f43') in 0.0162667 seconds
Number of updated asset objects reloaded before import = 0Number of asset objects unloaded after import = 2

========================================================================
Received Import Request.
  Time since last request: 0.000018 seconds.
  path: Assets/Asset/Tileset/fantasy_ [version 2.0]/forest_/Floor/forest__39.asset
  artifactKey: Guid(7e6199b04c3b9fb4a8e1305af0f4a6e7) Importer(2089858483,b0f066a214c2f5e87bad3c948f4d605d)
Start importing Assets/Asset/Tileset/fantasy_ [version 2.0]/forest_/Floor/forest__39.asset using Guid(7e6199b04c3b9fb4a8e1305af0f4a6e7) Importer(2089858483,b0f066a214c2f5e87bad3c948f4d605d) (ScriptedImporter) -> (artifact id: '02415385ccee9b963f71d072400f2202') in 0.0138791 seconds
Number of updated asset objects reloaded before import = 0Number of asset objects unloaded after import = 2

========================================================================
Received Import Request.
  Time since last request: 0.000015 seconds.
  path: Assets/Asset/Tileset/fantasy_ [version 2.0]/forest_/Box/forest_ [fencesAndWalls]_89.asset
  artifactKey: Guid(1eb8acbe82d8d9441a6f402c7bc38b9d) Importer(2089858483,b0f066a214c2f5e87bad3c948f4d605d)
Start importing Assets/Asset/Tileset/fantasy_ [version 2.0]/forest_/Box/forest_ [fencesAndWalls]_89.asset using Guid(1eb8acbe82d8d9441a6f402c7bc38b9d) Importer(2089858483,b0f066a214c2f5e87bad3c948f4d605d) (ScriptedImporter) -> (artifact id: '61b36a1972780242c1853ac2dfdde2e9') in 0.0131078 seconds
Number of updated asset objects reloaded before import = 0Number of asset objects unloaded after import = 2

========================================================================
Received Import Request.
  Time since last request: 0.000013 seconds.
  path: Assets/Asset/Tileset/fantasy_ [version 2.0]/forest_/forest_ [bridgeVertical].png
  artifactKey: Guid(315f46575a3462244a7ecddd156c7d6d) Importer(2089858483,b0f066a214c2f5e87bad3c948f4d605d)
Start importing Assets/Asset/Tileset/fantasy_ [version 2.0]/forest_/forest_ [bridgeVertical].png using Guid(315f46575a3462244a7ecddd156c7d6d) Importer(2089858483,b0f066a214c2f5e87bad3c948f4d605d) (ScriptedImporter) -> (artifact id: 'e85956b2c86ca725c4ecb9d98d7d9106') in 0.0131383 seconds
Number of updated asset objects reloaded before import = 0Number of asset objects unloaded after import = 3

========================================================================
Received Import Request.
  Time since last request: 0.000019 seconds.
  path: Assets/Asset/Tileset/fantasy_ [version 2.0]/forest_/Box/forest_ [fencesAndWalls]_33.asset
  artifactKey: Guid(295660c147795e34c8f40cd292b5292c) Importer(2089858483,b0f066a214c2f5e87bad3c948f4d605d)
Start importing Assets/Asset/Tileset/fantasy_ [version 2.0]/forest_/Box/forest_ [fencesAndWalls]_33.asset using Guid(295660c147795e34c8f40cd292b5292c) Importer(2089858483,b0f066a214c2f5e87bad3c948f4d605d) (ScriptedImporter) -> (artifact id: '7ecffef3d9e420a67b4d19398172c2ee') in 0.0127657 seconds
Number of updated asset objects reloaded before import = 0Number of asset objects unloaded after import = 2

========================================================================
Received Import Request.
  Time since last request: 0.000017 seconds.
  path: Assets/Asset/Tileset/fantasy_ [version 2.0]/forest_/Box/forest_ [fencesAndWalls]_42.asset
  artifactKey: Guid(9a6a3194053b2e647b88e018ae36f784) Importer(2089858483,b0f066a214c2f5e87bad3c948f4d605d)
Start importing Assets/Asset/Tileset/fantasy_ [version 2.0]/forest_/Box/forest_ [fencesAndWalls]_42.asset using Guid(9a6a3194053b2e647b88e018ae36f784) Importer(2089858483,b0f066a214c2f5e87bad3c948f4d605d) (ScriptedImporter) -> (artifact id: 'c8faf9cddb7bbe3761af0edc62c0a82c') in 0.0129479 seconds
Number of updated asset objects reloaded before import = 0Number of asset objects unloaded after import = 2

========================================================================
Received Import Request.
  Time since last request: 0.000025 seconds.
  path: Assets/Asset/Tileset/fantasy_ [version 2.0]/forest_/Box/forest_ [fencesAndWalls]_25.asset
  artifactKey: Guid(9d86367385911774ca0780174abbbe5c) Importer(2089858483,b0f066a214c2f5e87bad3c948f4d605d)
Start importing Assets/Asset/Tileset/fantasy_ [version 2.0]/forest_/Box/forest_ [fencesAndWalls]_25.asset using Guid(9d86367385911774ca0780174abbbe5c) Importer(2089858483,b0f066a214c2f5e87bad3c948f4d605d) (ScriptedImporter) -> (artifact id: '36061ae04d406e83988a234f1b4e6711') in 0.0137322 seconds
Number of updated asset objects reloaded before import = 0Number of asset objects unloaded after import = 2

========================================================================
Received Import Request.
  Time since last request: 0.000018 seconds.
  path: Assets/Asset/Tileset/fantasy_ [version 2.0]/desert_/Floor/desert__32.asset
  artifactKey: Guid(fc6da7f57bd2d8d4fb587dc791e67f27) Importer(2089858483,b0f066a214c2f5e87bad3c948f4d605d)
Start importing Assets/Asset/Tileset/fantasy_ [version 2.0]/desert_/Floor/desert__32.asset using Guid(fc6da7f57bd2d8d4fb587dc791e67f27) Importer(2089858483,b0f066a214c2f5e87bad3c948f4d605d) (ScriptedImporter) -> (artifact id: '0a8ec56bb9da78e401a674d5adab1181') in 0.0121137 seconds
Number of updated asset objects reloaded before import = 0Number of asset objects unloaded after import = 2

========================================================================
Received Import Request.
  Time since last request: 0.000017 seconds.
  path: Assets/Asset/Tileset/fantasy_ [version 2.0]/forest_/Box/forest_ [fencesAndWalls]_8.asset
  artifactKey: Guid(0285fbff26c1cbd4e9dbab9255e70570) Importer(2089858483,b0f066a214c2f5e87bad3c948f4d605d)
Start importing Assets/Asset/Tileset/fantasy_ [version 2.0]/forest_/Box/forest_ [fencesAndWalls]_8.asset using Guid(0285fbff26c1cbd4e9dbab9255e70570) Importer(2089858483,b0f066a214c2f5e87bad3c948f4d605d) (ScriptedImporter) -> (artifact id: '58df95299db06bfe085c939cfbba9a19') in 0.0130861 seconds
Number of updated asset objects reloaded before import = 0Number of asset objects unloaded after import = 2

========================================================================
Received Import Request.
  Time since last request: 0.000017 seconds.
  path: Assets/Asset/Tileset/fantasy_ [version 2.0]/swamp_/swamp_ [fountain].png
  artifactKey: Guid(f5c5bf33323fd1e4ba9ab5003d36059b) Importer(2089858483,b0f066a214c2f5e87bad3c948f4d605d)
Start importing Assets/Asset/Tileset/fantasy_ [version 2.0]/swamp_/swamp_ [fountain].png using Guid(f5c5bf33323fd1e4ba9ab5003d36059b) Importer(2089858483,b0f066a214c2f5e87bad3c948f4d605d) (ScriptedImporter) -> (artifact id: '2e7aa31b6a7f19e613c269b0350504c0') in 0.0142176 seconds
Number of updated asset objects reloaded before import = 0Number of asset objects unloaded after import = 3

========================================================================
Received Import Request.
  Time since last request: 0.000016 seconds.
  path: Assets/Asset/Tileset/fantasy_ [version 2.0]/forest_/Floor/forest__56.asset
  artifactKey: Guid(d3af8fefac93de847befc687e493a176) Importer(2089858483,b0f066a214c2f5e87bad3c948f4d605d)
Start importing Assets/Asset/Tileset/fantasy_ [version 2.0]/forest_/Floor/forest__56.asset using Guid(d3af8fefac93de847befc687e493a176) Importer(2089858483,b0f066a214c2f5e87bad3c948f4d605d) (ScriptedImporter) -> (artifact id: '1b9982444bc02cdae6b13dc13f6c40c4') in 0.0137803 seconds
Number of updated asset objects reloaded before import = 0Number of asset objects unloaded after import = 2

========================================================================
Received Import Request.
  Time since last request: 0.000018 seconds.
  path: Assets/Asset/Tileset/fantasy_ [version 2.0]/forest_/Box/forest_ [fencesAndWalls]_18.asset
  artifactKey: Guid(7a2e2dfef03d1e1418a727c1cc80581b) Importer(2089858483,b0f066a214c2f5e87bad3c948f4d605d)
Start importing Assets/Asset/Tileset/fantasy_ [version 2.0]/forest_/Box/forest_ [fencesAndWalls]_18.asset using Guid(7a2e2dfef03d1e1418a727c1cc80581b) Importer(2089858483,b0f066a214c2f5e87bad3c948f4d605d) (ScriptedImporter) -> (artifact id: '7eaefcf92717d60c89b1a314eddc3ef2') in 0.0138969 seconds
Number of updated asset objects reloaded before import = 0Number of asset objects unloaded after import = 2

========================================================================
Received Import Request.
  Time since last request: 0.000022 seconds.
  path: Assets/Asset/Tileset/fantasy_ [version 2.0]/forest_/Box/forest_ [fencesAndWalls]_86.asset
  artifactKey: Guid(2ce9d6cf96e91234fa6d76d263596df3) Importer(2089858483,b0f066a214c2f5e87bad3c948f4d605d)
Start importing Assets/Asset/Tileset/fantasy_ [version 2.0]/forest_/Box/forest_ [fencesAndWalls]_86.asset using Guid(2ce9d6cf96e91234fa6d76d263596df3) Importer(2089858483,b0f066a214c2f5e87bad3c948f4d605d) (ScriptedImporter) -> (artifact id: '3e7dab40c2c1a82ab96d4cd6065220cc') in 0.0114274 seconds
Number of updated asset objects reloaded before import = 0Number of asset objects unloaded after import = 2

========================================================================
Received Import Request.
  Time since last request: 0.000012 seconds.
  path: Assets/Asset/Tileset/fantasy_ [version 2.0]/forest_/Box/forest_ [fencesAndWalls]_61.asset
  artifactKey: Guid(31c02b3e0b0534442a9011dd6b5ece01) Importer(2089858483,b0f066a214c2f5e87bad3c948f4d605d)
Start importing Assets/Asset/Tileset/fantasy_ [version 2.0]/forest_/Box/forest_ [fencesAndWalls]_61.asset using Guid(31c02b3e0b0534442a9011dd6b5ece01) Importer(2089858483,b0f066a214c2f5e87bad3c948f4d605d) (ScriptedImporter) -> (artifact id: 'c6c8baa47bb6cc3a2bd4c74844cbfce6') in 0.0116714 seconds
Number of updated asset objects reloaded before import = 0Number of asset objects unloaded after import = 2

========================================================================
Received Import Request.
  Time since last request: 0.000016 seconds.
  path: Assets/Asset/Tileset/fantasy_ [version 2.0]/desert_/desert_ [bridgeHorizontal].png
  artifactKey: Guid(4e729b4e4c1e1a749845a7793dcf69c5) Importer(2089858483,b0f066a214c2f5e87bad3c948f4d605d)
Start importing Assets/Asset/Tileset/fantasy_ [version 2.0]/desert_/desert_ [bridgeHorizontal].png using Guid(4e729b4e4c1e1a749845a7793dcf69c5) Importer(2089858483,b0f066a214c2f5e87bad3c948f4d605d) (ScriptedImporter) -> (artifact id: '58c1426bf7f3aa147482a60cf83a5737') in 0.0140737 seconds
Number of updated asset objects reloaded before import = 0Number of asset objects unloaded after import = 3

========================================================================
Received Import Request.
  Time since last request: 0.000018 seconds.
  path: Assets/Asset/Tileset/fantasy_ [version 2.0]/forest_/Floor/forest__50.asset
  artifactKey: Guid(8f5b96f05785a6b489eee66c40f01082) Importer(2089858483,b0f066a214c2f5e87bad3c948f4d605d)
Start importing Assets/Asset/Tileset/fantasy_ [version 2.0]/forest_/Floor/forest__50.asset using Guid(8f5b96f05785a6b489eee66c40f01082) Importer(2089858483,b0f066a214c2f5e87bad3c948f4d605d) (ScriptedImporter) -> (artifact id: '65f06ca30fac8e128696737a07a1eb75') in 0.0127605 seconds
Number of updated asset objects reloaded before import = 0Number of asset objects unloaded after import = 2

========================================================================
Received Import Request.
  Time since last request: 0.000011 seconds.
  path: Assets/Asset/Tileset/fantasy_ [version 2.0]/forest_/Floor/forest__67.asset
  artifactKey: Guid(5c9d4ffb48d746545a211a2514a0e3ed) Importer(2089858483,b0f066a214c2f5e87bad3c948f4d605d)
Start importing Assets/Asset/Tileset/fantasy_ [version 2.0]/forest_/Floor/forest__67.asset using Guid(5c9d4ffb48d746545a211a2514a0e3ed) Importer(2089858483,b0f066a214c2f5e87bad3c948f4d605d) (ScriptedImporter) -> (artifact id: 'cf496cafdf337328a9cee6848a449139') in 0.0133454 seconds
Number of updated asset objects reloaded before import = 0Number of asset objects unloaded after import = 2

========================================================================
Received Import Request.
  Time since last request: 0.000015 seconds.
  path: Assets/Asset/Tileset/fantasy_ [version 2.0]/forest_/Floor/forest__63.asset
  artifactKey: Guid(c3b8553f78676d944bd8ca178c957913) Importer(2089858483,b0f066a214c2f5e87bad3c948f4d605d)
Start importing Assets/Asset/Tileset/fantasy_ [version 2.0]/forest_/Floor/forest__63.asset using Guid(c3b8553f78676d944bd8ca178c957913) Importer(2089858483,b0f066a214c2f5e87bad3c948f4d605d) (ScriptedImporter) -> (artifact id: '34bfbbd2fb71ba9dd9a074e66f6a7c6f') in 0.0130399 seconds
Number of updated asset objects reloaded before import = 0Number of asset objects unloaded after import = 2

========================================================================
Received Import Request.
  Time since last request: 0.000021 seconds.
  path: Assets/Asset/Tileset/fantasy_ [version 2.0]/forest_/Floor/forest__97.asset
  artifactKey: Guid(08dfc99d6e8f7d9438b7902ec6347f92) Importer(2089858483,b0f066a214c2f5e87bad3c948f4d605d)
Start importing Assets/Asset/Tileset/fantasy_ [version 2.0]/forest_/Floor/forest__97.asset using Guid(08dfc99d6e8f7d9438b7902ec6347f92) Importer(2089858483,b0f066a214c2f5e87bad3c948f4d605d) (ScriptedImporter) -> (artifact id: 'e758e5592677a6b0fd6c2819721d4049') in 0.0131298 seconds
Number of updated asset objects reloaded before import = 0Number of asset objects unloaded after import = 2

========================================================================
Received Import Request.
  Time since last request: 0.000016 seconds.
  path: Assets/Asset/Tileset/fantasy_ [version 2.0]/forest_/Floor/forest__7.asset
  artifactKey: Guid(50f71b79cf608a244abdaa9a1e4478fd) Importer(2089858483,b0f066a214c2f5e87bad3c948f4d605d)
Start importing Assets/Asset/Tileset/fantasy_ [version 2.0]/forest_/Floor/forest__7.asset using Guid(50f71b79cf608a244abdaa9a1e4478fd) Importer(2089858483,b0f066a214c2f5e87bad3c948f4d605d) (ScriptedImporter) -> (artifact id: '24d6f9f700522dad4df34092ebdf46a7') in 0.0147894 seconds
Number of updated asset objects reloaded before import = 0Number of asset objects unloaded after import = 2

========================================================================
Received Import Request.
  Time since last request: 0.000046 seconds.
  path: Assets/Asset/Tileset/fantasy_ [version 2.0]/forest_/Floor/forest__89.asset
  artifactKey: Guid(0f076c0ee62f5124a8349f796b3952eb) Importer(2089858483,b0f066a214c2f5e87bad3c948f4d605d)
Start importing Assets/Asset/Tileset/fantasy_ [version 2.0]/forest_/Floor/forest__89.asset using Guid(0f076c0ee62f5124a8349f796b3952eb) Importer(2089858483,b0f066a214c2f5e87bad3c948f4d605d) (ScriptedImporter) -> (artifact id: '9b46d33273b9a0bf0b68de309f68d1d6') in 0.019748 seconds
Number of updated asset objects reloaded before import = 0Number of asset objects unloaded after import = 2

========================================================================
Received Import Request.
  Time since last request: 0.000011 seconds.
  path: Assets/Asset/Tileset/fantasy_ [version 2.0]/desert_/Floor/desert__50.asset
  artifactKey: Guid(0a6e4397512d0114895ca837addc6247) Importer(2089858483,b0f066a214c2f5e87bad3c948f4d605d)
Start importing Assets/Asset/Tileset/fantasy_ [version 2.0]/desert_/Floor/desert__50.asset using Guid(0a6e4397512d0114895ca837addc6247) Importer(2089858483,b0f066a214c2f5e87bad3c948f4d605d) (ScriptedImporter) -> (artifact id: 'fc9850db3ee54a6fc21d0bca1489ad29') in 0.0115902 seconds
Number of updated asset objects reloaded before import = 0Number of asset objects unloaded after import = 2

========================================================================
Received Import Request.
  Time since last request: 0.000015 seconds.
  path: Assets/Asset/Tileset/fantasy_ [version 2.0]/forest_/Box/forest_ [fencesAndWalls]_26.asset
  artifactKey: Guid(be987a801173e804fb87d7a2907f9a77) Importer(2089858483,b0f066a214c2f5e87bad3c948f4d605d)
Start importing Assets/Asset/Tileset/fantasy_ [version 2.0]/forest_/Box/forest_ [fencesAndWalls]_26.asset using Guid(be987a801173e804fb87d7a2907f9a77) Importer(2089858483,b0f066a214c2f5e87bad3c948f4d605d) (ScriptedImporter) -> (artifact id: '72871a6aabe82295b1b2a10d3daf9a57') in 0.0120196 seconds
Number of updated asset objects reloaded before import = 0Number of asset objects unloaded after import = 2

========================================================================
Received Import Request.
  Time since last request: 18.277556 seconds.
  path: Assets/Asset/Tilemap/fantasy_ [version 2.0]/swamp_
  artifactKey: Guid(b8d0262d468060d4d992f23d04f0022d) Importer(2089858483,b0f066a214c2f5e87bad3c948f4d605d)
Start importing Assets/Asset/Tilemap/fantasy_ [version 2.0]/swamp_ using Guid(b8d0262d468060d4d992f23d04f0022d) Importer(2089858483,b0f066a214c2f5e87bad3c948f4d605d) (ScriptedImporter) -> (artifact id: 'ba71f7884c47b0b062928bd9d8a23656') in 0.0120436 seconds
Number of updated asset objects reloaded before import = 0Number of asset objects unloaded after import = 1

========================================================================
Received Import Request.
  Time since last request: 0.000013 seconds.
  path: Assets/Asset/Tilemap/fantasy_ [version 2.0]/desert_/Floor/desert__36.asset
  artifactKey: Guid(84f439519ec68004ba5f6cdd4fcf2c5c) Importer(2089858483,b0f066a214c2f5e87bad3c948f4d605d)
Start importing Assets/Asset/Tilemap/fantasy_ [version 2.0]/desert_/Floor/desert__36.asset using Guid(84f439519ec68004ba5f6cdd4fcf2c5c) Importer(2089858483,b0f066a214c2f5e87bad3c948f4d605d) (ScriptedImporter) -> (artifact id: 'adff8213db78363b4409fd040c0a0c7d') in 0.0130173 seconds
Number of updated asset objects reloaded before import = 0Number of asset objects unloaded after import = 2

========================================================================
Received Import Request.
  Time since last request: 0.000013 seconds.
  path: Assets/Asset/Tilemap/fantasy_ [version 2.0]/desert_/Floor/desert__23.asset
  artifactKey: Guid(f92e30607b570144eb925072c38ff4b0) Importer(2089858483,b0f066a214c2f5e87bad3c948f4d605d)
Start importing Assets/Asset/Tilemap/fantasy_ [version 2.0]/desert_/Floor/desert__23.asset using Guid(f92e30607b570144eb925072c38ff4b0) Importer(2089858483,b0f066a214c2f5e87bad3c948f4d605d) (ScriptedImporter) -> (artifact id: 'f78c0e934fc064911b5e87c65763b3bd') in 0.0114634 seconds
Number of updated asset objects reloaded before import = 0Number of asset objects unloaded after import = 2

========================================================================
Received Import Request.
  Time since last request: 0.000046 seconds.
  path: Assets/Asset/Tilemap/fantasy_ [version 2.0]/desert_/Floor/desert__35.asset
  artifactKey: Guid(b76b86200ba86b644b566658dd91e74a) Importer(2089858483,b0f066a214c2f5e87bad3c948f4d605d)
Start importing Assets/Asset/Tilemap/fantasy_ [version 2.0]/desert_/Floor/desert__35.asset using Guid(b76b86200ba86b644b566658dd91e74a) Importer(2089858483,b0f066a214c2f5e87bad3c948f4d605d) (ScriptedImporter) -> (artifact id: '85feaab2989b45f360b5c4ab8ac6333f') in 0.0121366 seconds
Number of updated asset objects reloaded before import = 0Number of asset objects unloaded after import = 2

========================================================================
Received Import Request.
  Time since last request: 0.000013 seconds.
  path: Assets/Asset/Tilemap/fantasy_ [version 2.0]/forest_/Floor/forest__20.asset
  artifactKey: Guid(a20726c030e62d643a60584d6654d410) Importer(2089858483,b0f066a214c2f5e87bad3c948f4d605d)
Start importing Assets/Asset/Tilemap/fantasy_ [version 2.0]/forest_/Floor/forest__20.asset using Guid(a20726c030e62d643a60584d6654d410) Importer(2089858483,b0f066a214c2f5e87bad3c948f4d605d) (ScriptedImporter) -> (artifact id: 'd765ba3bd09203890cd30dbf9f5bbe80') in 0.0130063 seconds
Number of updated asset objects reloaded before import = 0Number of asset objects unloaded after import = 2

========================================================================
Received Import Request.
  Time since last request: 0.000011 seconds.
  path: Assets/Asset/Tilemap/fantasy_ [version 2.0]/forest_/forest_ [fencesAndWalls].png
  artifactKey: Guid(18349142855b0b242b24ff60a7885351) Importer(2089858483,b0f066a214c2f5e87bad3c948f4d605d)
Start importing Assets/Asset/Tilemap/fantasy_ [version 2.0]/forest_/forest_ [fencesAndWalls].png using Guid(18349142855b0b242b24ff60a7885351) Importer(2089858483,b0f066a214c2f5e87bad3c948f4d605d) (ScriptedImporter) -> (artifact id: 'c980bd4472566201aefb384d4b9d1716') in 0.0933503 seconds
Number of updated asset objects reloaded before import = 0Number of asset objects unloaded after import = 121

========================================================================
Received Import Request.
  Time since last request: 0.000033 seconds.
  path: Assets/Asset/Tilemap/fantasy_ [version 2.0]/forest_/Floor/forest__30.asset
  artifactKey: Guid(cd206092723013b4a92b7edfa2642b7a) Importer(2089858483,b0f066a214c2f5e87bad3c948f4d605d)
Start importing Assets/Asset/Tilemap/fantasy_ [version 2.0]/forest_/Floor/forest__30.asset using Guid(cd206092723013b4a92b7edfa2642b7a) Importer(2089858483,b0f066a214c2f5e87bad3c948f4d605d) (ScriptedImporter) -> (artifact id: '0a1b8ad69a3f45f730d8c5701bfe85d6') in 0.01446 seconds
Number of updated asset objects reloaded before import = 0Number of asset objects unloaded after import = 2

========================================================================
Received Import Request.
  Time since last request: 0.000023 seconds.
  path: Assets/Asset/Tilemap/fantasy_ [version 2.0]/forest_/Floor/forest__15.asset
  artifactKey: Guid(dfec90002dc250d429850d6f76b5f544) Importer(2089858483,b0f066a214c2f5e87bad3c948f4d605d)
Start importing Assets/Asset/Tilemap/fantasy_ [version 2.0]/forest_/Floor/forest__15.asset using Guid(dfec90002dc250d429850d6f76b5f544) Importer(2089858483,b0f066a214c2f5e87bad3c948f4d605d) (ScriptedImporter) -> (artifact id: 'cb7c419b5839a7ec9faea987223f152f') in 0.0106578 seconds
Number of updated asset objects reloaded before import = 0Number of asset objects unloaded after import = 2

========================================================================
Received Import Request.
  Time since last request: 0.000021 seconds.
  path: Assets/Asset/Tilemap/fantasy_ [version 2.0]/forest_/Box/forest_ [fencesAndWalls]_19.asset
  artifactKey: Guid(2c8f1d033ae224442bc1e7faedd2f69e) Importer(2089858483,b0f066a214c2f5e87bad3c948f4d605d)
Start importing Assets/Asset/Tilemap/fantasy_ [version 2.0]/forest_/Box/forest_ [fencesAndWalls]_19.asset using Guid(2c8f1d033ae224442bc1e7faedd2f69e) Importer(2089858483,b0f066a214c2f5e87bad3c948f4d605d) (ScriptedImporter) -> (artifact id: 'ebb13b309e463f84bdcd287c0cfe04f1') in 0.0127248 seconds
Number of updated asset objects reloaded before import = 0Number of asset objects unloaded after import = 2

========================================================================
Received Import Request.
  Time since last request: 0.000015 seconds.
  path: Assets/Asset/Tilemap/fantasy_ [version 2.0]/swamp_/swamp_ [fencesAndWalls].png
  artifactKey: Guid(44e1e8013494081468143217a3ee9dd7) Importer(2089858483,b0f066a214c2f5e87bad3c948f4d605d)
Start importing Assets/Asset/Tilemap/fantasy_ [version 2.0]/swamp_/swamp_ [fencesAndWalls].png using Guid(44e1e8013494081468143217a3ee9dd7) Importer(2089858483,b0f066a214c2f5e87bad3c948f4d605d) (ScriptedImporter) -> (artifact id: '156f24d9f676225161ffef77793533fc') in 0.0372795 seconds
Number of updated asset objects reloaded before import = 0Number of asset objects unloaded after import = 25

========================================================================
Received Import Request.
  Time since last request: 0.000017 seconds.
  path: Assets/Asset/Tilemap/fantasy_ [version 2.0]/forest_/forestPath_.png
  artifactKey: Guid(0103bec3906232d4181a275c7318d79f) Importer(2089858483,b0f066a214c2f5e87bad3c948f4d605d)
Start importing Assets/Asset/Tilemap/fantasy_ [version 2.0]/forest_/forestPath_.png using Guid(0103bec3906232d4181a275c7318d79f) Importer(2089858483,b0f066a214c2f5e87bad3c948f4d605d) (ScriptedImporter) -> (artifact id: 'd69dd4cbd854270b16b3d87761778b78') in 0.0175276 seconds
Number of updated asset objects reloaded before import = 0Number of asset objects unloaded after import = 3

========================================================================
Received Import Request.
  Time since last request: 0.000018 seconds.
  path: Assets/Asset/Tilemap/fantasy_ [version 2.0]/tundra_/tundra_ [bridgeVertical].png
  artifactKey: Guid(b6553ae4ace95d24a944c89d173dcbbe) Importer(2089858483,b0f066a214c2f5e87bad3c948f4d605d)
Start importing Assets/Asset/Tilemap/fantasy_ [version 2.0]/tundra_/tundra_ [bridgeVertical].png using Guid(b6553ae4ace95d24a944c89d173dcbbe) Importer(2089858483,b0f066a214c2f5e87bad3c948f4d605d) (ScriptedImporter) -> (artifact id: 'b7ff0875efeb9c6a3b526b1f15fd8f03') in 0.0163085 seconds
Number of updated asset objects reloaded before import = 0Number of asset objects unloaded after import = 3

========================================================================
Received Import Request.
  Time since last request: 0.000027 seconds.
  path: Assets/Asset/Tilemap/fantasy_ [version 2.0]/forest_/Box/forest_ [fencesAndWalls]_109.asset
  artifactKey: Guid(e1ca81557188f6e4eac72ea87be1664a) Importer(2089858483,b0f066a214c2f5e87bad3c948f4d605d)
Start importing Assets/Asset/Tilemap/fantasy_ [version 2.0]/forest_/Box/forest_ [fencesAndWalls]_109.asset using Guid(e1ca81557188f6e4eac72ea87be1664a) Importer(2089858483,b0f066a214c2f5e87bad3c948f4d605d) (ScriptedImporter) -> (artifact id: '0d136d1244d63d7de61619a99af9290f') in 0.0128703 seconds
Number of updated asset objects reloaded before import = 0Number of asset objects unloaded after import = 2

========================================================================
Received Import Request.
  Time since last request: 0.000014 seconds.
  path: Assets/Asset/Tilemap/fantasy_ [version 2.0]/desert_/Floor/desert__21.asset
  artifactKey: Guid(3c69a8140693473449041a68f775a5cf) Importer(2089858483,b0f066a214c2f5e87bad3c948f4d605d)
Start importing Assets/Asset/Tilemap/fantasy_ [version 2.0]/desert_/Floor/desert__21.asset using Guid(3c69a8140693473449041a68f775a5cf) Importer(2089858483,b0f066a214c2f5e87bad3c948f4d605d) (ScriptedImporter) -> (artifact id: '771fde8cdd0498208ae4426b662f84f0') in 0.0142667 seconds
Number of updated asset objects reloaded before import = 0Number of asset objects unloaded after import = 2

========================================================================
Received Import Request.
  Time since last request: 0.000013 seconds.
  path: Assets/Asset/Tilemap/fantasy_ [version 2.0]/forest_/Box/forest_ [fencesAndWalls]_33.asset
  artifactKey: Guid(295660c147795e34c8f40cd292b5292c) Importer(2089858483,b0f066a214c2f5e87bad3c948f4d605d)
Start importing Assets/Asset/Tilemap/fantasy_ [version 2.0]/forest_/Box/forest_ [fencesAndWalls]_33.asset using Guid(295660c147795e34c8f40cd292b5292c) Importer(2089858483,b0f066a214c2f5e87bad3c948f4d605d) (ScriptedImporter) -> (artifact id: 'bb092a2c9dd098d4cde49935294fae84') in 0.0125481 seconds
Number of updated asset objects reloaded before import = 0Number of asset objects unloaded after import = 2

========================================================================
Received Import Request.
  Time since last request: 0.000015 seconds.
  path: Assets/Asset/Tilemap/fantasy_ [version 2.0]/forest_/Floor/forest__98.asset
  artifactKey: Guid(67571a74f849a0148b9f9d63d3b9bdbb) Importer(2089858483,b0f066a214c2f5e87bad3c948f4d605d)
Start importing Assets/Asset/Tilemap/fantasy_ [version 2.0]/forest_/Floor/forest__98.asset using Guid(67571a74f849a0148b9f9d63d3b9bdbb) Importer(2089858483,b0f066a214c2f5e87bad3c948f4d605d) (ScriptedImporter) -> (artifact id: '8da04b41e5bce3ae0f8d6db24a8fce70') in 0.0134573 seconds
Number of updated asset objects reloaded before import = 0Number of asset objects unloaded after import = 2

========================================================================
Received Import Request.
  Time since last request: 0.000011 seconds.
  path: Assets/Asset/Tilemap/fantasy_ [version 2.0]/swamp_/swamp_ [fountain].png
  artifactKey: Guid(f5c5bf33323fd1e4ba9ab5003d36059b) Importer(2089858483,b0f066a214c2f5e87bad3c948f4d605d)
Start importing Assets/Asset/Tilemap/fantasy_ [version 2.0]/swamp_/swamp_ [fountain].png using Guid(f5c5bf33323fd1e4ba9ab5003d36059b) Importer(2089858483,b0f066a214c2f5e87bad3c948f4d605d) (ScriptedImporter) -> (artifact id: 'fba843a210caa4b25eaf9a56df884329') in 0.013247 seconds
Number of updated asset objects reloaded before import = 0Number of asset objects unloaded after import = 3

========================================================================
Received Import Request.
  Time since last request: 0.000023 seconds.
  path: Assets/Asset/Tilemap/fantasy_ [version 2.0]/forest_/Floor/forest__55.asset
  artifactKey: Guid(cd641f04bcb8fff43a5ad0733786fd8a) Importer(2089858483,b0f066a214c2f5e87bad3c948f4d605d)
Start importing Assets/Asset/Tilemap/fantasy_ [version 2.0]/forest_/Floor/forest__55.asset using Guid(cd641f04bcb8fff43a5ad0733786fd8a) Importer(2089858483,b0f066a214c2f5e87bad3c948f4d605d) (ScriptedImporter) -> (artifact id: 'd587f3a0877026c85504bc38e1617fe4') in 0.0093349 seconds
Number of updated asset objects reloaded before import = 0Number of asset objects unloaded after import = 2

========================================================================
Received Import Request.
  Time since last request: 0.000024 seconds.
  path: Assets/Asset/Tilemap/fantasy_ [version 2.0]/forest_/Box/forest_ [fencesAndWalls]_7.asset
  artifactKey: Guid(a24245c09d3cdd7418171b0b72c7f80f) Importer(2089858483,b0f066a214c2f5e87bad3c948f4d605d)
Start importing Assets/Asset/Tilemap/fantasy_ [version 2.0]/forest_/Box/forest_ [fencesAndWalls]_7.asset using Guid(a24245c09d3cdd7418171b0b72c7f80f) Importer(2089858483,b0f066a214c2f5e87bad3c948f4d605d) (ScriptedImporter) -> (artifact id: 'c01691ddaea54a8392750e55692cf58a') in 0.0120784 seconds
Number of updated asset objects reloaded before import = 0Number of asset objects unloaded after import = 2

========================================================================
Received Import Request.
  Time since last request: 0.000016 seconds.
  path: Assets/Asset/Tilemap/fantasy_ [version 2.0]/forest_/Box/forest_ [fencesAndWalls]_12.asset
  artifactKey: Guid(c7c35f726e58c7a469e8bc67d94f15b6) Importer(2089858483,b0f066a214c2f5e87bad3c948f4d605d)
Start importing Assets/Asset/Tilemap/fantasy_ [version 2.0]/forest_/Box/forest_ [fencesAndWalls]_12.asset using Guid(c7c35f726e58c7a469e8bc67d94f15b6) Importer(2089858483,b0f066a214c2f5e87bad3c948f4d605d) (ScriptedImporter) -> (artifact id: 'd5fb58c6e1cb775c6bf1753af1658fb8') in 0.0134822 seconds
Number of updated asset objects reloaded before import = 0Number of asset objects unloaded after import = 2

========================================================================
Received Import Request.
  Time since last request: 0.000017 seconds.
  path: Assets/Asset/Tilemap/fantasy_ [version 2.0]/forest_/Floor/forest__44.asset
  artifactKey: Guid(3e3e9ea204e07bf45b33a1ab772fdc9e) Importer(2089858483,b0f066a214c2f5e87bad3c948f4d605d)
Start importing Assets/Asset/Tilemap/fantasy_ [version 2.0]/forest_/Floor/forest__44.asset using Guid(3e3e9ea204e07bf45b33a1ab772fdc9e) Importer(2089858483,b0f066a214c2f5e87bad3c948f4d605d) (ScriptedImporter) -> (artifact id: '9e34573f0e17bb86a9152b3483f0fe76') in 0.013027 seconds
Number of updated asset objects reloaded before import = 0Number of asset objects unloaded after import = 2

========================================================================
Received Import Request.
  Time since last request: 0.000011 seconds.
  path: Assets/Asset/Tilemap/fantasy_ [version 2.0]/desert_/Floor/desert__4.asset
  artifactKey: Guid(336b01b69870b894fbce9a3b0149fbd8) Importer(2089858483,b0f066a214c2f5e87bad3c948f4d605d)
Start importing Assets/Asset/Tilemap/fantasy_ [version 2.0]/desert_/Floor/desert__4.asset using Guid(336b01b69870b894fbce9a3b0149fbd8) Importer(2089858483,b0f066a214c2f5e87bad3c948f4d605d) (ScriptedImporter) -> (artifact id: '94d6c584a814a4bbe662de5146bc0afa') in 0.0121485 seconds
Number of updated asset objects reloaded before import = 0Number of asset objects unloaded after import = 2

========================================================================
Received Import Request.
  Time since last request: 0.000019 seconds.
  path: Assets/Asset/Tilemap/fantasy_ [version 2.0]/desert_/Floor/desert__60.asset
  artifactKey: Guid(42cb43b67f0892f4697ce58dbcf461e3) Importer(2089858483,b0f066a214c2f5e87bad3c948f4d605d)
Start importing Assets/Asset/Tilemap/fantasy_ [version 2.0]/desert_/Floor/desert__60.asset using Guid(42cb43b67f0892f4697ce58dbcf461e3) Importer(2089858483,b0f066a214c2f5e87bad3c948f4d605d) (ScriptedImporter) -> (artifact id: 'b3ac4f50da6f5e6b3502a2285ba759f1') in 0.0134347 seconds
Number of updated asset objects reloaded before import = 0Number of asset objects unloaded after import = 2

========================================================================
Received Import Request.
  Time since last request: 0.000015 seconds.
  path: Assets/Asset/Tilemap/fantasy_ [version 2.0]/forest_/Floor/forest__114.asset
  artifactKey: Guid(a69f8a1601d70b8468b4f69b05b2d42e) Importer(2089858483,b0f066a214c2f5e87bad3c948f4d605d)
Start importing Assets/Asset/Tilemap/fantasy_ [version 2.0]/forest_/Floor/forest__114.asset using Guid(a69f8a1601d70b8468b4f69b05b2d42e) Importer(2089858483,b0f066a214c2f5e87bad3c948f4d605d) (ScriptedImporter) -> (artifact id: 'a3dede727c2a875d17237d7364155686') in 0.0108383 seconds
Number of updated asset objects reloaded before import = 0Number of asset objects unloaded after import = 2

========================================================================
Received Import Request.
  Time since last request: 0.000021 seconds.
  path: Assets/Asset/Tilemap/fantasy_ [version 2.0]/forest_/Floor/forest__65.asset
  artifactKey: Guid(a624c256bd3a9c448a594fde122bdd73) Importer(2089858483,b0f066a214c2f5e87bad3c948f4d605d)
Start importing Assets/Asset/Tilemap/fantasy_ [version 2.0]/forest_/Floor/forest__65.asset using Guid(a624c256bd3a9c448a594fde122bdd73) Importer(2089858483,b0f066a214c2f5e87bad3c948f4d605d) (ScriptedImporter) -> (artifact id: '30f7f8cbe620c927df5da62f6c881ce3') in 0.0145731 seconds
Number of updated asset objects reloaded before import = 0Number of asset objects unloaded after import = 2

========================================================================
Received Import Request.
  Time since last request: 0.000013 seconds.
  path: Assets/Asset/Tilemap/fantasy_ [version 2.0]/forest_/Box/forest_ [fencesAndWalls]_72.asset
  artifactKey: Guid(b230d476e81c3174c88236baf733cf7f) Importer(2089858483,b0f066a214c2f5e87bad3c948f4d605d)
Start importing Assets/Asset/Tilemap/fantasy_ [version 2.0]/forest_/Box/forest_ [fencesAndWalls]_72.asset using Guid(b230d476e81c3174c88236baf733cf7f) Importer(2089858483,b0f066a214c2f5e87bad3c948f4d605d) (ScriptedImporter) -> (artifact id: 'b3f88f6486832759579313dad2245050') in 0.013388 seconds
Number of updated asset objects reloaded before import = 0Number of asset objects unloaded after import = 2

========================================================================
Received Import Request.
  Time since last request: 0.000013 seconds.
  path: Assets/Asset/Tilemap/fantasy_ [version 2.0]/forest_/Box/forest_ [fencesAndWalls]_112.asset
  artifactKey: Guid(dc6de8f5668fc95408433c3f01b026d7) Importer(2089858483,b0f066a214c2f5e87bad3c948f4d605d)
Start importing Assets/Asset/Tilemap/fantasy_ [version 2.0]/forest_/Box/forest_ [fencesAndWalls]_112.asset using Guid(dc6de8f5668fc95408433c3f01b026d7) Importer(2089858483,b0f066a214c2f5e87bad3c948f4d605d) (ScriptedImporter) -> (artifact id: '3f9baa9edd84fca7fc877969ad07498d') in 0.0116012 seconds
Number of updated asset objects reloaded before import = 0Number of asset objects unloaded after import = 2

========================================================================
Received Import Request.
  Time since last request: 0.000014 seconds.
  path: Assets/Asset/Tilemap/fantasy_ [version 2.0]/desert_/Floor/desert__102.asset
  artifactKey: Guid(cf385d16e69345e4e8093e209c1d964a) Importer(2089858483,b0f066a214c2f5e87bad3c948f4d605d)
Start importing Assets/Asset/Tilemap/fantasy_ [version 2.0]/desert_/Floor/desert__102.asset using Guid(cf385d16e69345e4e8093e209c1d964a) Importer(2089858483,b0f066a214c2f5e87bad3c948f4d605d) (ScriptedImporter) -> (artifact id: '1a70c70a6b2da859220c6c2f7724a3ce') in 0.011947 seconds
Number of updated asset objects reloaded before import = 0Number of asset objects unloaded after import = 2

========================================================================
Received Import Request.
  Time since last request: 0.000019 seconds.
  path: Assets/Asset/Tilemap/fantasy_ [version 2.0]/fantasy_/tundraDesert_.png
  artifactKey: Guid(73a1d38483bf7f0489acf4b0af7a716c) Importer(2089858483,b0f066a214c2f5e87bad3c948f4d605d)
Start importing Assets/Asset/Tilemap/fantasy_ [version 2.0]/fantasy_/tundraDesert_.png using Guid(73a1d38483bf7f0489acf4b0af7a716c) Importer(2089858483,b0f066a214c2f5e87bad3c948f4d605d) (ScriptedImporter) -> (artifact id: '05fffed76c259d362f72661e07adb1e2') in 0.0156506 seconds
Number of updated asset objects reloaded before import = 0Number of asset objects unloaded after import = 3

========================================================================
Received Import Request.
  Time since last request: 0.000017 seconds.
  path: Assets/Asset/Tilemap/fantasy_ [version 2.0]/forest_/Box/forest_ [fencesAndWalls]_94.asset
  artifactKey: Guid(8f3960034f466bf4c84ca5f917fa88b4) Importer(2089858483,b0f066a214c2f5e87bad3c948f4d605d)
Start importing Assets/Asset/Tilemap/fantasy_ [version 2.0]/forest_/Box/forest_ [fencesAndWalls]_94.asset using Guid(8f3960034f466bf4c84ca5f917fa88b4) Importer(2089858483,b0f066a214c2f5e87bad3c948f4d605d) (ScriptedImporter) -> (artifact id: '81bbeb5274c0feaac87f6c0f3ade96c9') in 0.0130746 seconds
Number of updated asset objects reloaded before import = 0Number of asset objects unloaded after import = 2

========================================================================
Received Import Request.
  Time since last request: 0.000025 seconds.
  path: Assets/Asset/Tilemap/fantasy_ [version 2.0]/readMe_.txt
  artifactKey: Guid(3011dbf01b4ac6642bb96c9a026e3b19) Importer(2089858483,b0f066a214c2f5e87bad3c948f4d605d)
Start importing Assets/Asset/Tilemap/fantasy_ [version 2.0]/readMe_.txt using Guid(3011dbf01b4ac6642bb96c9a026e3b19) Importer(2089858483,b0f066a214c2f5e87bad3c948f4d605d) (ScriptedImporter) -> (artifact id: 'aa5886943a9296e68ccb1a86fc30b965') in 0.0127985 seconds
Number of updated asset objects reloaded before import = 0Number of asset objects unloaded after import = 1

========================================================================
Received Import Request.
  Time since last request: 0.000014 seconds.
  path: Assets/Asset/Tilemap/fantasy_ [version 2.0]/forest_/Box/forest_ [fencesAndWalls]_118.asset
  artifactKey: Guid(5877641019705de40b98cdc486ac8385) Importer(2089858483,b0f066a214c2f5e87bad3c948f4d605d)
Start importing Assets/Asset/Tilemap/fantasy_ [version 2.0]/forest_/Box/forest_ [fencesAndWalls]_118.asset using Guid(5877641019705de40b98cdc486ac8385) Importer(2089858483,b0f066a214c2f5e87bad3c948f4d605d) (ScriptedImporter) -> (artifact id: '3210168b5c901aa52173f4629ed27b07') in 0.0125374 seconds
Number of updated asset objects reloaded before import = 0Number of asset objects unloaded after import = 2

========================================================================
Received Import Request.
  Time since last request: 0.000013 seconds.
  path: Assets/Asset/Tilemap/fantasy_ [version 2.0]/desert_/desert_ [bridgeAnimatedTiles].png
  artifactKey: Guid(fd968638df1754044998ff07079977b6) Importer(2089858483,b0f066a214c2f5e87bad3c948f4d605d)
Start importing Assets/Asset/Tilemap/fantasy_ [version 2.0]/desert_/desert_ [bridgeAnimatedTiles].png using Guid(fd968638df1754044998ff07079977b6) Importer(2089858483,b0f066a214c2f5e87bad3c948f4d605d) (ScriptedImporter) -> (artifact id: '229d78fb131c8c094481070a92bedccb') in 0.0150026 seconds
Number of updated asset objects reloaded before import = 0Number of asset objects unloaded after import = 3

========================================================================
Received Import Request.
  Time since last request: 0.000013 seconds.
  path: Assets/Asset/Tilemap/fantasy_ [version 2.0]/forest_/Box/forest_ [fencesAndWalls]_101.asset
  artifactKey: Guid(2af4292805cf9f24fb35d4c1ccb85607) Importer(2089858483,b0f066a214c2f5e87bad3c948f4d605d)
Start importing Assets/Asset/Tilemap/fantasy_ [version 2.0]/forest_/Box/forest_ [fencesAndWalls]_101.asset using Guid(2af4292805cf9f24fb35d4c1ccb85607) Importer(2089858483,b0f066a214c2f5e87bad3c948f4d605d) (ScriptedImporter) -> (artifact id: '593dde7a932ca938a319b04320ae152f') in 0.0118586 seconds
Number of updated asset objects reloaded before import = 0Number of asset objects unloaded after import = 2

========================================================================
Received Import Request.
  Time since last request: 0.000014 seconds.
  path: Assets/Asset/Tilemap/fantasy_ [version 2.0]/desert_/Floor/desert__62.asset
  artifactKey: Guid(62a4170a60c03e149853bf1006fe24ac) Importer(2089858483,b0f066a214c2f5e87bad3c948f4d605d)
Start importing Assets/Asset/Tilemap/fantasy_ [version 2.0]/desert_/Floor/desert__62.asset using Guid(62a4170a60c03e149853bf1006fe24ac) Importer(2089858483,b0f066a214c2f5e87bad3c948f4d605d) (ScriptedImporter) -> (artifact id: 'fc37e2fcc54474e746d7ea905081728b') in 0.0122154 seconds
Number of updated asset objects reloaded before import = 0Number of asset objects unloaded after import = 2

========================================================================
Received Import Request.
  Time since last request: 0.000018 seconds.
  path: Assets/Asset/Tilemap/fantasy_ [version 2.0]/forest_/Floor/forest__99.asset
  artifactKey: Guid(5086bd487f28f4a47a520a4b305e7a51) Importer(2089858483,b0f066a214c2f5e87bad3c948f4d605d)
Start importing Assets/Asset/Tilemap/fantasy_ [version 2.0]/forest_/Floor/forest__99.asset using Guid(5086bd487f28f4a47a520a4b305e7a51) Importer(2089858483,b0f066a214c2f5e87bad3c948f4d605d) (ScriptedImporter) -> (artifact id: '30120798b667ef591aad52240901ddd5') in 0.0117442 seconds
Number of updated asset objects reloaded before import = 0Number of asset objects unloaded after import = 2

========================================================================
Received Import Request.
  Time since last request: 0.000022 seconds.
  path: Assets/Asset/Tilemap/fantasy_ [version 2.0]/forest_/Box/forest_ [fencesAndWalls]_60.asset
  artifactKey: Guid(2b371f3aa6ec5a240b817057091b8549) Importer(2089858483,b0f066a214c2f5e87bad3c948f4d605d)
Start importing Assets/Asset/Tilemap/fantasy_ [version 2.0]/forest_/Box/forest_ [fencesAndWalls]_60.asset using Guid(2b371f3aa6ec5a240b817057091b8549) Importer(2089858483,b0f066a214c2f5e87bad3c948f4d605d) (ScriptedImporter) -> (artifact id: '8765035dba6e382cfc9d462654c9e335') in 0.014062 seconds
Number of updated asset objects reloaded before import = 0Number of asset objects unloaded after import = 2

========================================================================
Received Import Request.
  Time since last request: 0.000013 seconds.
  path: Assets/Asset/Tilemap/fantasy_ [version 2.0]/desert_/Floor/desert__84.asset
  artifactKey: Guid(298eaf38965a6604fafc2ba1908bb156) Importer(2089858483,b0f066a214c2f5e87bad3c948f4d605d)
Start importing Assets/Asset/Tilemap/fantasy_ [version 2.0]/desert_/Floor/desert__84.asset using Guid(298eaf38965a6604fafc2ba1908bb156) Importer(2089858483,b0f066a214c2f5e87bad3c948f4d605d) (ScriptedImporter) -> (artifact id: '06b3af900ab5718ead133684c7fb4598') in 0.0115315 seconds
Number of updated asset objects reloaded before import = 0Number of asset objects unloaded after import = 2

========================================================================
Received Import Request.
  Time since last request: 0.000019 seconds.
  path: Assets/Asset/Tilemap/fantasy_ [version 2.0]/forest_/Floor/forest__27.asset
  artifactKey: Guid(f092ebe7746e7ff4d9e3e192c36ddf74) Importer(2089858483,b0f066a214c2f5e87bad3c948f4d605d)
Start importing Assets/Asset/Tilemap/fantasy_ [version 2.0]/forest_/Floor/forest__27.asset using Guid(f092ebe7746e7ff4d9e3e192c36ddf74) Importer(2089858483,b0f066a214c2f5e87bad3c948f4d605d) (ScriptedImporter) -> (artifact id: 'ab4fb20d6b3d51eaca4a37c58cfd91cb') in 0.0116587 seconds
Number of updated asset objects reloaded before import = 0Number of asset objects unloaded after import = 2

========================================================================
Received Import Request.
  Time since last request: 0.000012 seconds.
  path: Assets/Asset/Tilemap/fantasy_ [version 2.0]/forest_/Floor/forest__42.asset
  artifactKey: Guid(ec716af722e391d4fbb0cac748dbe274) Importer(2089858483,b0f066a214c2f5e87bad3c948f4d605d)
Start importing Assets/Asset/Tilemap/fantasy_ [version 2.0]/forest_/Floor/forest__42.asset using Guid(ec716af722e391d4fbb0cac748dbe274) Importer(2089858483,b0f066a214c2f5e87bad3c948f4d605d) (ScriptedImporter) -> (artifact id: 'f0e7f1aa820112a4fd25aa39f9ca3f4c') in 0.0105194 seconds
Number of updated asset objects reloaded before import = 0Number of asset objects unloaded after import = 2

========================================================================
Received Import Request.
  Time since last request: 0.000013 seconds.
  path: Assets/Asset/Tilemap/fantasy_ [version 2.0]/forest_/Box/forest_ [fencesAndWalls]_69.asset
  artifactKey: Guid(df526d99f8af14243991c39c96f78174) Importer(2089858483,b0f066a214c2f5e87bad3c948f4d605d)
Start importing Assets/Asset/Tilemap/fantasy_ [version 2.0]/forest_/Box/forest_ [fencesAndWalls]_69.asset using Guid(df526d99f8af14243991c39c96f78174) Importer(2089858483,b0f066a214c2f5e87bad3c948f4d605d) (ScriptedImporter) -> (artifact id: 'dc52d31749e742e9ec44e845b0de3b46') in 0.013506 seconds
Number of updated asset objects reloaded before import = 0Number of asset objects unloaded after import = 2

========================================================================
Received Import Request.
  Time since last request: 0.000022 seconds.
  path: Assets/Asset/Tilemap/fantasy_ [version 2.0]/forest_/Box/forest_ [fencesAndWalls]_51.asset
  artifactKey: Guid(f188f1d4a2c9d9d43952b8b3ec510f03) Importer(2089858483,b0f066a214c2f5e87bad3c948f4d605d)
Start importing Assets/Asset/Tilemap/fantasy_ [version 2.0]/forest_/Box/forest_ [fencesAndWalls]_51.asset using Guid(f188f1d4a2c9d9d43952b8b3ec510f03) Importer(2089858483,b0f066a214c2f5e87bad3c948f4d605d) (ScriptedImporter) -> (artifact id: 'b401d69be058d1561707a5e644dedb8e') in 0.0134775 seconds
Number of updated asset objects reloaded before import = 0Number of asset objects unloaded after import = 2

========================================================================
Received Import Request.
  Time since last request: 0.000024 seconds.
  path: Assets/Asset/Tilemap/fantasy_ [version 2.0]/forest_/Floor/forest__86.asset
  artifactKey: Guid(107ce336d762382458d0dee81e098380) Importer(2089858483,b0f066a214c2f5e87bad3c948f4d605d)
Start importing Assets/Asset/Tilemap/fantasy_ [version 2.0]/forest_/Floor/forest__86.asset using Guid(107ce336d762382458d0dee81e098380) Importer(2089858483,b0f066a214c2f5e87bad3c948f4d605d) (ScriptedImporter) -> (artifact id: '00f065228a591c4c89a65e57ac933ad0') in 0.0128021 seconds
Number of updated asset objects reloaded before import = 0Number of asset objects unloaded after import = 2

========================================================================
Received Import Request.
  Time since last request: 0.000014 seconds.
  path: Assets/Asset/Tilemap/fantasy_ [version 2.0]/forest_/Floor/forest__62.asset
  artifactKey: Guid(d5e3abab778340447b2ff0f6031b2a40) Importer(2089858483,b0f066a214c2f5e87bad3c948f4d605d)
Start importing Assets/Asset/Tilemap/fantasy_ [version 2.0]/forest_/Floor/forest__62.asset using Guid(d5e3abab778340447b2ff0f6031b2a40) Importer(2089858483,b0f066a214c2f5e87bad3c948f4d605d) (ScriptedImporter) -> (artifact id: 'a55daf149f6e1345e89f0e2af8c8dfbe') in 0.0132611 seconds
Number of updated asset objects reloaded before import = 0Number of asset objects unloaded after import = 2

========================================================================
Received Import Request.
  Time since last request: 0.000011 seconds.
  path: Assets/Asset/Tilemap/fantasy_ [version 2.0]/cave_/cave_.png
  artifactKey: Guid(938ca16b9cd6f924b998e8edd3691431) Importer(2089858483,b0f066a214c2f5e87bad3c948f4d605d)
Start importing Assets/Asset/Tilemap/fantasy_ [version 2.0]/cave_/cave_.png using Guid(938ca16b9cd6f924b998e8edd3691431) Importer(2089858483,b0f066a214c2f5e87bad3c948f4d605d) (ScriptedImporter) -> (artifact id: '69bcbc7d7c246e6e21b8f658fddbd8db') in 0.0144581 seconds
Number of updated asset objects reloaded before import = 0Number of asset objects unloaded after import = 3

========================================================================
Received Import Request.
  Time since last request: 0.000016 seconds.
  path: Assets/Asset/Tilemap/fantasy_ [version 2.0]/forest_/Box/forest_ [fencesAndWalls]_110.asset
  artifactKey: Guid(a0cf48fafe1b9bb4f8b1f18ca9164314) Importer(2089858483,b0f066a214c2f5e87bad3c948f4d605d)
Start importing Assets/Asset/Tilemap/fantasy_ [version 2.0]/forest_/Box/forest_ [fencesAndWalls]_110.asset using Guid(a0cf48fafe1b9bb4f8b1f18ca9164314) Importer(2089858483,b0f066a214c2f5e87bad3c948f4d605d) (ScriptedImporter) -> (artifact id: '0188318f6fd6167c9855e649cab10c8c') in 0.0107395 seconds
Number of updated asset objects reloaded before import = 0Number of asset objects unloaded after import = 2

========================================================================
Received Import Request.
  Time since last request: 0.000012 seconds.
  path: Assets/Asset/Tilemap/fantasy_ [version 2.0]/tundra_/igloo_.png
  artifactKey: Guid(447a5a7a72ec1ed4799308e0c7c56af9) Importer(2089858483,b0f066a214c2f5e87bad3c948f4d605d)
Start importing Assets/Asset/Tilemap/fantasy_ [version 2.0]/tundra_/igloo_.png using Guid(447a5a7a72ec1ed4799308e0c7c56af9) Importer(2089858483,b0f066a214c2f5e87bad3c948f4d605d) (ScriptedImporter) -> (artifact id: '5608d9888ba2e5058c2fb56a7767bf4f') in 0.0186573 seconds
Number of updated asset objects reloaded before import = 0Number of asset objects unloaded after import = 10

========================================================================
Received Import Request.
  Time since last request: 0.000016 seconds.
  path: Assets/Asset/Tilemap/fantasy_ [version 2.0]/forest_/Box/forest_ [fencesAndWalls]_71.asset
  artifactKey: Guid(723f657b770eaf44e947f193a29e36b1) Importer(2089858483,b0f066a214c2f5e87bad3c948f4d605d)
Start importing Assets/Asset/Tilemap/fantasy_ [version 2.0]/forest_/Box/forest_ [fencesAndWalls]_71.asset using Guid(723f657b770eaf44e947f193a29e36b1) Importer(2089858483,b0f066a214c2f5e87bad3c948f4d605d) (ScriptedImporter) -> (artifact id: 'ffc0d056c937328ab0805a69f7dfe89c') in 0.0131554 seconds
Number of updated asset objects reloaded before import = 0Number of asset objects unloaded after import = 2

========================================================================
Received Import Request.
  Time since last request: 0.000021 seconds.
  path: Assets/Asset/Tilemap/fantasy_ [version 2.0]/forest_/Floor/forest__33.asset
  artifactKey: Guid(6312e05be3a2fa44c8c1b76123578e66) Importer(2089858483,b0f066a214c2f5e87bad3c948f4d605d)
Start importing Assets/Asset/Tilemap/fantasy_ [version 2.0]/forest_/Floor/forest__33.asset using Guid(6312e05be3a2fa44c8c1b76123578e66) Importer(2089858483,b0f066a214c2f5e87bad3c948f4d605d) (ScriptedImporter) -> (artifact id: '2da6e8cc1a4d792f3e89a3e56c6ee11c') in 0.0140359 seconds
Number of updated asset objects reloaded before import = 0Number of asset objects unloaded after import = 2

========================================================================
Received Import Request.
  Time since last request: 0.000052 seconds.
  path: Assets/Asset/Tilemap/fantasy_ [version 2.0]/forest_/Box/forest_ [fencesAndWalls]_97.asset
  artifactKey: Guid(4b7a959bf61e1ac40b725faa2f6e96d6) Importer(2089858483,b0f066a214c2f5e87bad3c948f4d605d)
Start importing Assets/Asset/Tilemap/fantasy_ [version 2.0]/forest_/Box/forest_ [fencesAndWalls]_97.asset using Guid(4b7a959bf61e1ac40b725faa2f6e96d6) Importer(2089858483,b0f066a214c2f5e87bad3c948f4d605d) (ScriptedImporter) -> (artifact id: '20513b8acdb73431f2f8e9a8e472a9e8') in 0.0151667 seconds
Number of updated asset objects reloaded before import = 0Number of asset objects unloaded after import = 2

========================================================================
Received Import Request.
  Time since last request: 0.000014 seconds.
  path: Assets/Asset/Tilemap/fantasy_ [version 2.0]/forest_/Box/forest_ [fencesAndWalls]_117.asset
  artifactKey: Guid(b84e3361f0810f54ba607f597f596719) Importer(2089858483,b0f066a214c2f5e87bad3c948f4d605d)
Start importing Assets/Asset/Tilemap/fantasy_ [version 2.0]/forest_/Box/forest_ [fencesAndWalls]_117.asset using Guid(b84e3361f0810f54ba607f597f596719) Importer(2089858483,b0f066a214c2f5e87bad3c948f4d605d) (ScriptedImporter) -> (artifact id: '47af8d44cebf5c6dd10aef5aedabe57c') in 0.0105066 seconds
Number of updated asset objects reloaded before import = 0Number of asset objects unloaded after import = 2

========================================================================
Received Import Request.
  Time since last request: 0.000014 seconds.
  path: Assets/Asset/Tilemap/fantasy_ [version 2.0]/forest_/Box/forest_ [fencesAndWalls]_95.asset
  artifactKey: Guid(c17accda1d03ef049b8370b356d501ea) Importer(2089858483,b0f066a214c2f5e87bad3c948f4d605d)
Start importing Assets/Asset/Tilemap/fantasy_ [version 2.0]/forest_/Box/forest_ [fencesAndWalls]_95.asset using Guid(c17accda1d03ef049b8370b356d501ea) Importer(2089858483,b0f066a214c2f5e87bad3c948f4d605d) (ScriptedImporter) -> (artifact id: 'e8b09ef3ad1078c7414f8e7afa880656') in 0.0132824 seconds
Number of updated asset objects reloaded before import = 0Number of asset objects unloaded after import = 2

========================================================================
Received Import Request.
  Time since last request: 0.000017 seconds.
  path: Assets/Asset/Tilemap/fantasy_ [version 2.0]/forest_/Floor/forest__13.asset
  artifactKey: Guid(8ee29d53902719c4285b6f78269ccd93) Importer(2089858483,b0f066a214c2f5e87bad3c948f4d605d)
Start importing Assets/Asset/Tilemap/fantasy_ [version 2.0]/forest_/Floor/forest__13.asset using Guid(8ee29d53902719c4285b6f78269ccd93) Importer(2089858483,b0f066a214c2f5e87bad3c948f4d605d) (ScriptedImporter) -> (artifact id: '15a86a8afac7229bc97ffb6f2d73669c') in 0.0109848 seconds
Number of updated asset objects reloaded before import = 0Number of asset objects unloaded after import = 2

========================================================================
Received Import Request.
  Time since last request: 0.000014 seconds.
  path: Assets/Asset/Tilemap/fantasy_ [version 2.0]/desert_/desertPath_.png
  artifactKey: Guid(0303dd2b0a225d5429e5a284a06d4cda) Importer(2089858483,b0f066a214c2f5e87bad3c948f4d605d)
Start importing Assets/Asset/Tilemap/fantasy_ [version 2.0]/desert_/desertPath_.png using Guid(0303dd2b0a225d5429e5a284a06d4cda) Importer(2089858483,b0f066a214c2f5e87bad3c948f4d605d) (ScriptedImporter) -> (artifact id: '05c4eae355452169a13095ed3b25284e') in 0.0124463 seconds
Number of updated asset objects reloaded before import = 0Number of asset objects unloaded after import = 3

========================================================================
Received Import Request.
  Time since last request: 0.000022 seconds.
  path: Assets/Asset/Tilemap/fantasy_ [version 2.0]/forest_/Floor/forest__92.asset
  artifactKey: Guid(698d096c745711b468f19519ed5a0faa) Importer(2089858483,b0f066a214c2f5e87bad3c948f4d605d)
Start importing Assets/Asset/Tilemap/fantasy_ [version 2.0]/forest_/Floor/forest__92.asset using Guid(698d096c745711b468f19519ed5a0faa) Importer(2089858483,b0f066a214c2f5e87bad3c948f4d605d) (ScriptedImporter) -> (artifact id: 'f9dfe86dd193f43befddcb31dae6c188') in 0.0128158 seconds
Number of updated asset objects reloaded before import = 0Number of asset objects unloaded after import = 2

========================================================================
Received Import Request.
  Time since last request: 0.000015 seconds.
  path: Assets/Asset/Tilemap/fantasy_ [version 2.0]/desert_/Floor/desert__87.asset
  artifactKey: Guid(d431286d9bf8c9f4b95086771ad016b4) Importer(2089858483,b0f066a214c2f5e87bad3c948f4d605d)
Start importing Assets/Asset/Tilemap/fantasy_ [version 2.0]/desert_/Floor/desert__87.asset using Guid(d431286d9bf8c9f4b95086771ad016b4) Importer(2089858483,b0f066a214c2f5e87bad3c948f4d605d) (ScriptedImporter) -> (artifact id: '7ccede36f0c9222fb98aa2a765e50809') in 0.0190539 seconds
Number of updated asset objects reloaded before import = 0Number of asset objects unloaded after import = 2

========================================================================
Received Import Request.
  Time since last request: 0.000020 seconds.
  path: Assets/Asset/Tilemap/fantasy_ [version 2.0]/desert_/desert_.png
  artifactKey: Guid(49e94c0d58490a44e98b5dc4f87e4168) Importer(2089858483,b0f066a214c2f5e87bad3c948f4d605d)
Start importing Assets/Asset/Tilemap/fantasy_ [version 2.0]/desert_/desert_.png using Guid(49e94c0d58490a44e98b5dc4f87e4168) Importer(2089858483,b0f066a214c2f5e87bad3c948f4d605d) (ScriptedImporter) -> (artifact id: '16f8dfa68c096cb3b37c6de4d0b4910f') in 0.0903839 seconds
Number of updated asset objects reloaded before import = 0Number of asset objects unloaded after import = 117

========================================================================
Received Import Request.
  Time since last request: 0.000019 seconds.
  path: Assets/Asset/Tilemap/fantasy_ [version 2.0]/forest_/Floor/forest__59.asset
  artifactKey: Guid(8257edbcae3693e4d9a2f8aa7577b544) Importer(2089858483,b0f066a214c2f5e87bad3c948f4d605d)
Start importing Assets/Asset/Tilemap/fantasy_ [version 2.0]/forest_/Floor/forest__59.asset using Guid(8257edbcae3693e4d9a2f8aa7577b544) Importer(2089858483,b0f066a214c2f5e87bad3c948f4d605d) (ScriptedImporter) -> (artifact id: '8f8d564f20bb0c490664c24bf7087c90') in 0.0139304 seconds
Number of updated asset objects reloaded before import = 0Number of asset objects unloaded after import = 2

========================================================================
Received Import Request.
  Time since last request: 0.000026 seconds.
  path: Assets/Asset/Tilemap/fantasy_ [version 2.0]/forest_/Box/forest_ [fencesAndWalls]_23.asset
  artifactKey: Guid(745df36de3ee08341a9ba77b61822bd1) Importer(2089858483,b0f066a214c2f5e87bad3c948f4d605d)
Start importing Assets/Asset/Tilemap/fantasy_ [version 2.0]/forest_/Box/forest_ [fencesAndWalls]_23.asset using Guid(745df36de3ee08341a9ba77b61822bd1) Importer(2089858483,b0f066a214c2f5e87bad3c948f4d605d) (ScriptedImporter) -> (artifact id: 'be68037182eae1e38c3982f9174a1f12') in 0.013452 seconds
Number of updated asset objects reloaded before import = 0Number of asset objects unloaded after import = 2

========================================================================
Received Import Request.
  Time since last request: 0.000016 seconds.
  path: Assets/Asset/Tilemap/fantasy_ [version 2.0]/forest_/Floor/forest__53.asset
  artifactKey: Guid(421375fc9c8ad81458097c0588e95d33) Importer(2089858483,b0f066a214c2f5e87bad3c948f4d605d)
Start importing Assets/Asset/Tilemap/fantasy_ [version 2.0]/forest_/Floor/forest__53.asset using Guid(421375fc9c8ad81458097c0588e95d33) Importer(2089858483,b0f066a214c2f5e87bad3c948f4d605d) (ScriptedImporter) -> (artifact id: '5f15f98e3efb28e8e478acbdd99d5969') in 0.0115018 seconds
Number of updated asset objects reloaded before import = 0Number of asset objects unloaded after import = 2

========================================================================
Received Import Request.
  Time since last request: 0.000013 seconds.
  path: Assets/Asset/Tilemap/fantasy_ [version 2.0]/forest_/Floor/forest__11.asset
  artifactKey: Guid(31f15ebca7da0454e808371d3ea00fc3) Importer(2089858483,b0f066a214c2f5e87bad3c948f4d605d)
Start importing Assets/Asset/Tilemap/fantasy_ [version 2.0]/forest_/Floor/forest__11.asset using Guid(31f15ebca7da0454e808371d3ea00fc3) Importer(2089858483,b0f066a214c2f5e87bad3c948f4d605d) (ScriptedImporter) -> (artifact id: '74406ec952e1e46948336d92d715de76') in 0.0127992 seconds
Number of updated asset objects reloaded before import = 0Number of asset objects unloaded after import = 2

========================================================================
Received Import Request.
  Time since last request: 0.000013 seconds.
  path: Assets/Asset/Tilemap/fantasy_ [version 2.0]/forest_/Floor/forest__49.asset
  artifactKey: Guid(32e3972d2d6a90c4c89ea6ef1ff95a68) Importer(2089858483,b0f066a214c2f5e87bad3c948f4d605d)
Start importing Assets/Asset/Tilemap/fantasy_ [version 2.0]/forest_/Floor/forest__49.asset using Guid(32e3972d2d6a90c4c89ea6ef1ff95a68) Importer(2089858483,b0f066a214c2f5e87bad3c948f4d605d) (ScriptedImporter) -> (artifact id: '3f1563976a5c8c00efe8e36da8478683') in 0.0150052 seconds
Number of updated asset objects reloaded before import = 0Number of asset objects unloaded after import = 2

========================================================================
Received Import Request.
  Time since last request: 0.000013 seconds.
  path: Assets/Asset/Tilemap/fantasy_ [version 2.0]/forest_/Box/forest_ [fencesAndWalls]_37.asset
  artifactKey: Guid(624fa64c371dda1428db5ad8fb620b77) Importer(2089858483,b0f066a214c2f5e87bad3c948f4d605d)
Start importing Assets/Asset/Tilemap/fantasy_ [version 2.0]/forest_/Box/forest_ [fencesAndWalls]_37.asset using Guid(624fa64c371dda1428db5ad8fb620b77) Importer(2089858483,b0f066a214c2f5e87bad3c948f4d605d) (ScriptedImporter) -> (artifact id: 'b223c61cbb1e0006d2fda5a905df2864') in 0.0150017 seconds
Number of updated asset objects reloaded before import = 0Number of asset objects unloaded after import = 2

========================================================================
Received Import Request.
  Time since last request: 0.000017 seconds.
  path: Assets/Asset/Tilemap/fantasy_ [version 2.0]/desert_/Floor/desert__8.asset
  artifactKey: Guid(bb69de7144b0f3c4d995738751cdba6a) Importer(2089858483,b0f066a214c2f5e87bad3c948f4d605d)
Start importing Assets/Asset/Tilemap/fantasy_ [version 2.0]/desert_/Floor/desert__8.asset using Guid(bb69de7144b0f3c4d995738751cdba6a) Importer(2089858483,b0f066a214c2f5e87bad3c948f4d605d) (ScriptedImporter) -> (artifact id: 'e30678a9a16ce493958fb37367c1b2ed') in 0.0138583 seconds
Number of updated asset objects reloaded before import = 0Number of asset objects unloaded after import = 2

========================================================================
Received Import Request.
  Time since last request: 0.000023 seconds.
  path: Assets/Asset/Tilemap/fantasy_ [version 2.0]/desert_/Floor/desert__16.asset
  artifactKey: Guid(e11dc16f67bd9fb4890836b810ac9fd1) Importer(2089858483,b0f066a214c2f5e87bad3c948f4d605d)
Start importing Assets/Asset/Tilemap/fantasy_ [version 2.0]/desert_/Floor/desert__16.asset using Guid(e11dc16f67bd9fb4890836b810ac9fd1) Importer(2089858483,b0f066a214c2f5e87bad3c948f4d605d) (ScriptedImporter) -> (artifact id: '00f2929f0cb991ed96035222b77e108c') in 0.0130476 seconds
Number of updated asset objects reloaded before import = 0Number of asset objects unloaded after import = 2

========================================================================
Received Import Request.
  Time since last request: 0.000013 seconds.
  path: Assets/Asset/Tilemap/fantasy_ [version 2.0]/desert_/Floor/desert__9.asset
  artifactKey: Guid(11feda0f5cec3c3419a91e6110a85d3b) Importer(2089858483,b0f066a214c2f5e87bad3c948f4d605d)
Start importing Assets/Asset/Tilemap/fantasy_ [version 2.0]/desert_/Floor/desert__9.asset using Guid(11feda0f5cec3c3419a91e6110a85d3b) Importer(2089858483,b0f066a214c2f5e87bad3c948f4d605d) (ScriptedImporter) -> (artifact id: 'd6c5e8a6f8f90166f810ddb76137ff6f') in 0.0145146 seconds
Number of updated asset objects reloaded before import = 0Number of asset objects unloaded after import = 2

========================================================================
Received Import Request.
  Time since last request: 0.000011 seconds.
  path: Assets/Asset/Tilemap/fantasy_ [version 2.0]/forest_/Box/forest_ [fencesAndWalls]_20.asset
  artifactKey: Guid(ecfb34bd961e96b4d8d365450f518351) Importer(2089858483,b0f066a214c2f5e87bad3c948f4d605d)
Start importing Assets/Asset/Tilemap/fantasy_ [version 2.0]/forest_/Box/forest_ [fencesAndWalls]_20.asset using Guid(ecfb34bd961e96b4d8d365450f518351) Importer(2089858483,b0f066a214c2f5e87bad3c948f4d605d) (ScriptedImporter) -> (artifact id: '777cf601e0f506bebde3f88e395015d4') in 0.0158087 seconds
Number of updated asset objects reloaded before import = 0Number of asset objects unloaded after import = 2

========================================================================
Received Import Request.
  Time since last request: 0.000020 seconds.
  path: Assets/Asset/Tilemap/fantasy_ [version 2.0]/cave_/cave_ [bridgeHorizontal].png
  artifactKey: Guid(e02cbe8f64cb90a4993ae51a483cfb48) Importer(2089858483,b0f066a214c2f5e87bad3c948f4d605d)
Start importing Assets/Asset/Tilemap/fantasy_ [version 2.0]/cave_/cave_ [bridgeHorizontal].png using Guid(e02cbe8f64cb90a4993ae51a483cfb48) Importer(2089858483,b0f066a214c2f5e87bad3c948f4d605d) (ScriptedImporter) -> (artifact id: '047c9364eff786cc2d32f91059b4915b') in 0.0152114 seconds
Number of updated asset objects reloaded before import = 0Number of asset objects unloaded after import = 3

========================================================================
Received Import Request.
  Time since last request: 0.000012 seconds.
  path: Assets/Asset/Tilemap/fantasy_ [version 2.0]/taiga_/taiga_ [fountain].png
  artifactKey: Guid(67fa3abeb1712b0449f1641f95106513) Importer(2089858483,b0f066a214c2f5e87bad3c948f4d605d)
Start importing Assets/Asset/Tilemap/fantasy_ [version 2.0]/taiga_/taiga_ [fountain].png using Guid(67fa3abeb1712b0449f1641f95106513) Importer(2089858483,b0f066a214c2f5e87bad3c948f4d605d) (ScriptedImporter) -> (artifact id: '7c3e376a941bf1368dbae9cc87a13810') in 0.0151198 seconds
Number of updated asset objects reloaded before import = 0Number of asset objects unloaded after import = 3

========================================================================
Received Import Request.
  Time since last request: 0.000016 seconds.
  path: Assets/Asset/Tilemap/fantasy_ [version 2.0]/swamp_/swamp_ [resources].png
  artifactKey: Guid(da020f7dbf5bb2c45a8df044845d4760) Importer(2089858483,b0f066a214c2f5e87bad3c948f4d605d)
Start importing Assets/Asset/Tilemap/fantasy_ [version 2.0]/swamp_/swamp_ [resources].png using Guid(da020f7dbf5bb2c45a8df044845d4760) Importer(2089858483,b0f066a214c2f5e87bad3c948f4d605d) (ScriptedImporter) -> (artifact id: '15686fe2d2adc339034e5e8af60d5591') in 0.0406981 seconds
Number of updated asset objects reloaded before import = 0Number of asset objects unloaded after import = 38

========================================================================
Received Import Request.
  Time since last request: 0.000025 seconds.
  path: Assets/Asset/Tilemap/fantasy_ [version 2.0]/forest_/Box/forest_ [fencesAndWalls]_96.asset
  artifactKey: Guid(ae5cf6defb3326a409d916813a2a0bdd) Importer(2089858483,b0f066a214c2f5e87bad3c948f4d605d)
Start importing Assets/Asset/Tilemap/fantasy_ [version 2.0]/forest_/Box/forest_ [fencesAndWalls]_96.asset using Guid(ae5cf6defb3326a409d916813a2a0bdd) Importer(2089858483,b0f066a214c2f5e87bad3c948f4d605d) (ScriptedImporter) -> (artifact id: '8f9d4d9007c01f7bb3a207728ba5a125') in 0.0128173 seconds
Number of updated asset objects reloaded before import = 0Number of asset objects unloaded after import = 2

========================================================================
Received Import Request.
  Time since last request: 0.000015 seconds.
  path: Assets/Asset/Tilemap/fantasy_ [version 2.0]/forest_/Box/forest_ [fencesAndWalls]_21.asset
  artifactKey: Guid(0bd74a8c56153b849a772f1c6fef633b) Importer(2089858483,b0f066a214c2f5e87bad3c948f4d605d)
Start importing Assets/Asset/Tilemap/fantasy_ [version 2.0]/forest_/Box/forest_ [fencesAndWalls]_21.asset using Guid(0bd74a8c56153b849a772f1c6fef633b) Importer(2089858483,b0f066a214c2f5e87bad3c948f4d605d) (ScriptedImporter) -> (artifact id: 'd65e1d38e5182860d62c5476396481c6') in 0.0131306 seconds
Number of updated asset objects reloaded before import = 0Number of asset objects unloaded after import = 2

========================================================================
Received Import Request.
  Time since last request: 0.000011 seconds.
  path: Assets/Asset/Tilemap/fantasy_ [version 2.0]/forest_/Box/forest_ [fencesAndWalls]_61.asset
  artifactKey: Guid(31c02b3e0b0534442a9011dd6b5ece01) Importer(2089858483,b0f066a214c2f5e87bad3c948f4d605d)
Start importing Assets/Asset/Tilemap/fantasy_ [version 2.0]/forest_/Box/forest_ [fencesAndWalls]_61.asset using Guid(31c02b3e0b0534442a9011dd6b5ece01) Importer(2089858483,b0f066a214c2f5e87bad3c948f4d605d) (ScriptedImporter) -> (artifact id: '1a26a08ae4c1910aaa10f75286e3786c') in 0.0113587 seconds
Number of updated asset objects reloaded before import = 0Number of asset objects unloaded after import = 2

========================================================================
Received Import Request.
  Time since last request: 0.000012 seconds.
  path: Assets/Asset/Tilemap/fantasy_ [version 2.0]/forest_/Floor/FloorPallete1.prefab
  artifactKey: Guid(02f991edad0969941b8c8c788eb908d0) Importer(2089858483,b0f066a214c2f5e87bad3c948f4d605d)
Start importing Assets/Asset/Tilemap/fantasy_ [version 2.0]/forest_/Floor/FloorPallete1.prefab using Guid(02f991edad0969941b8c8c788eb908d0) Importer(2089858483,b0f066a214c2f5e87bad3c948f4d605d) (ScriptedImporter) -> (artifact id: '00e6ddc6110d5f13b8565ca66e8a8e32') in 0.02195 seconds
Number of updated asset objects reloaded before import = 0Number of asset objects unloaded after import = 10

========================================================================
Received Import Request.
  Time since last request: 0.000013 seconds.
  path: Assets/Asset/Tilemap/fantasy_ [version 2.0]/forest_/Box/forest_ [fencesAndWalls]_8.asset
  artifactKey: Guid(0285fbff26c1cbd4e9dbab9255e70570) Importer(2089858483,b0f066a214c2f5e87bad3c948f4d605d)
Start importing Assets/Asset/Tilemap/fantasy_ [version 2.0]/forest_/Box/forest_ [fencesAndWalls]_8.asset using Guid(0285fbff26c1cbd4e9dbab9255e70570) Importer(2089858483,b0f066a214c2f5e87bad3c948f4d605d) (ScriptedImporter) -> (artifact id: '759dc39dda4d84d65b0be4fbad34d44a') in 0.0119224 seconds
Number of updated asset objects reloaded before import = 0Number of asset objects unloaded after import = 2

========================================================================
Received Import Request.
  Time since last request: 0.000017 seconds.
  path: Assets/Asset/Tilemap/fantasy_ [version 2.0]/forest_/Box/forest_ [fencesAndWalls]_85.asset
  artifactKey: Guid(a615b170d2bd40846aea2d79063f212b) Importer(2089858483,b0f066a214c2f5e87bad3c948f4d605d)
Start importing Assets/Asset/Tilemap/fantasy_ [version 2.0]/forest_/Box/forest_ [fencesAndWalls]_85.asset using Guid(a615b170d2bd40846aea2d79063f212b) Importer(2089858483,b0f066a214c2f5e87bad3c948f4d605d) (ScriptedImporter) -> (artifact id: 'a81277488a77d67e69c0268fcc21eb44') in 0.0121864 seconds
Number of updated asset objects reloaded before import = 0Number of asset objects unloaded after import = 2

========================================================================
Received Import Request.
  Time since last request: 0.000023 seconds.
  path: Assets/Asset/Tilemap/fantasy_ [version 2.0]/forest_/Box/forest_ [fencesAndWalls]_2.asset
  artifactKey: Guid(e7f3dc58cd6d0b14fa18c0f6b52c8513) Importer(2089858483,b0f066a214c2f5e87bad3c948f4d605d)
Start importing Assets/Asset/Tilemap/fantasy_ [version 2.0]/forest_/Box/forest_ [fencesAndWalls]_2.asset using Guid(e7f3dc58cd6d0b14fa18c0f6b52c8513) Importer(2089858483,b0f066a214c2f5e87bad3c948f4d605d) (ScriptedImporter) -> (artifact id: '8af5a3ee0534b7768f1130124e989ddf') in 0.0122121 seconds
Number of updated asset objects reloaded before import = 0Number of asset objects unloaded after import = 2

========================================================================
Received Import Request.
  Time since last request: 0.000015 seconds.
  path: Assets/Asset/Tilemap/fantasy_ [version 2.0]/forest_/Box/forest_ [fencesAndWalls]_56.asset
  artifactKey: Guid(2a34e1604dbc03449b89aeb8a23eff65) Importer(2089858483,b0f066a214c2f5e87bad3c948f4d605d)
Start importing Assets/Asset/Tilemap/fantasy_ [version 2.0]/forest_/Box/forest_ [fencesAndWalls]_56.asset using Guid(2a34e1604dbc03449b89aeb8a23eff65) Importer(2089858483,b0f066a214c2f5e87bad3c948f4d605d) (ScriptedImporter) -> (artifact id: '84e88a0b4be7a3d612b19f5d080577a4') in 0.0125999 seconds
Number of updated asset objects reloaded before import = 0Number of asset objects unloaded after import = 2

========================================================================
Received Import Request.
  Time since last request: 0.000011 seconds.
  path: Assets/Asset/Tilemap/fantasy_ [version 2.0]/desert_/desert_ [bridgeHorizontal].png
  artifactKey: Guid(4e729b4e4c1e1a749845a7793dcf69c5) Importer(2089858483,b0f066a214c2f5e87bad3c948f4d605d)
Start importing Assets/Asset/Tilemap/fantasy_ [version 2.0]/desert_/desert_ [bridgeHorizontal].png using Guid(4e729b4e4c1e1a749845a7793dcf69c5) Importer(2089858483,b0f066a214c2f5e87bad3c948f4d605d) (ScriptedImporter) -> (artifact id: 'a5d34ea1182d944fcc31feb3da3f51db') in 0.0127135 seconds
Number of updated asset objects reloaded before import = 0Number of asset objects unloaded after import = 3

========================================================================
Received Import Request.
  Time since last request: 0.000012 seconds.
  path: Assets/Asset/Tilemap/fantasy_ [version 2.0]/forest_/Floor/forest__82.asset
  artifactKey: Guid(e5932e95f6ab23742b56e3313ba6ce99) Importer(2089858483,b0f066a214c2f5e87bad3c948f4d605d)
Start importing Assets/Asset/Tilemap/fantasy_ [version 2.0]/forest_/Floor/forest__82.asset using Guid(e5932e95f6ab23742b56e3313ba6ce99) Importer(2089858483,b0f066a214c2f5e87bad3c948f4d605d) (ScriptedImporter) -> (artifact id: 'cad79f68601fe7a0fa23b234fc2a0531') in 0.0276281 seconds
Number of updated asset objects reloaded before import = 0Number of asset objects unloaded after import = 2

========================================================================
Received Import Request.
  Time since last request: 0.000015 seconds.
  path: Assets/Asset/Tilemap/fantasy_ [version 2.0]/taiga_/taiga_ [fencesAndWalls].png
  artifactKey: Guid(af7d4ff8fa8b0154c80270244275309a) Importer(2089858483,b0f066a214c2f5e87bad3c948f4d605d)
Start importing Assets/Asset/Tilemap/fantasy_ [version 2.0]/taiga_/taiga_ [fencesAndWalls].png using Guid(af7d4ff8fa8b0154c80270244275309a) Importer(2089858483,b0f066a214c2f5e87bad3c948f4d605d) (ScriptedImporter) -> (artifact id: 'ac2f6da8caf8f3b9559623ee9faf5cb1') in 0.0301161 seconds
Number of updated asset objects reloaded before import = 0Number of asset objects unloaded after import = 25

========================================================================
Received Import Request.
  Time since last request: 0.000019 seconds.
  path: Assets/Asset/Tilemap/fantasy_ [version 2.0]/forest_/Floor/forest__57.asset
  artifactKey: Guid(cf95ce549c40adc42b315ac2971dff19) Importer(2089858483,b0f066a214c2f5e87bad3c948f4d605d)
Start importing Assets/Asset/Tilemap/fantasy_ [version 2.0]/forest_/Floor/forest__57.asset using Guid(cf95ce549c40adc42b315ac2971dff19) Importer(2089858483,b0f066a214c2f5e87bad3c948f4d605d) (ScriptedImporter) -> (artifact id: '88783650bf25b81da06f5d49e688fea7') in 0.0130574 seconds
Number of updated asset objects reloaded before import = 0Number of asset objects unloaded after import = 2

========================================================================
Received Import Request.
  Time since last request: 0.000026 seconds.
  path: Assets/Asset/Tilemap/fantasy_ [version 2.0]/forest_/Floor/forest__109.asset
  artifactKey: Guid(defe79af558f5ef418a573af9b59b200) Importer(2089858483,b0f066a214c2f5e87bad3c948f4d605d)
Start importing Assets/Asset/Tilemap/fantasy_ [version 2.0]/forest_/Floor/forest__109.asset using Guid(defe79af558f5ef418a573af9b59b200) Importer(2089858483,b0f066a214c2f5e87bad3c948f4d605d) (ScriptedImporter) -> (artifact id: '155728283fd900884e232e290680dcfb') in 0.0124959 seconds
Number of updated asset objects reloaded before import = 0Number of asset objects unloaded after import = 2

========================================================================
Received Import Request.
  Time since last request: 0.000014 seconds.
  path: Assets/Asset/Tilemap/fantasy_ [version 2.0]/desert_/Floor/desert__34.asset
  artifactKey: Guid(da44a95f500230a46901ec448a560fc0) Importer(2089858483,b0f066a214c2f5e87bad3c948f4d605d)
Start importing Assets/Asset/Tilemap/fantasy_ [version 2.0]/desert_/Floor/desert__34.asset using Guid(da44a95f500230a46901ec448a560fc0) Importer(2089858483,b0f066a214c2f5e87bad3c948f4d605d) (ScriptedImporter) -> (artifact id: '644f9a42c63f322fd1af23f99ac097da') in 0.0132567 seconds
Number of updated asset objects reloaded before import = 0Number of asset objects unloaded after import = 2

========================================================================
Received Import Request.
  Time since last request: 0.000014 seconds.
  path: Assets/Asset/Tilemap/fantasy_ [version 2.0]/forest_/Floor/forest__7.asset
  artifactKey: Guid(50f71b79cf608a244abdaa9a1e4478fd) Importer(2089858483,b0f066a214c2f5e87bad3c948f4d605d)
Start importing Assets/Asset/Tilemap/fantasy_ [version 2.0]/forest_/Floor/forest__7.asset using Guid(50f71b79cf608a244abdaa9a1e4478fd) Importer(2089858483,b0f066a214c2f5e87bad3c948f4d605d) (ScriptedImporter) -> (artifact id: 'eab10d25694c76fe31b2c2c11019006b') in 0.0126119 seconds
Number of updated asset objects reloaded before import = 0Number of asset objects unloaded after import = 2

========================================================================
Received Import Request.
  Time since last request: 0.000014 seconds.
  path: Assets/Asset/Tilemap/fantasy_ [version 2.0]/desert_/Floor/desert__20.asset
  artifactKey: Guid(91102f4d1c285f84ca9aea6ebec3fd6f) Importer(2089858483,b0f066a214c2f5e87bad3c948f4d605d)
Start importing Assets/Asset/Tilemap/fantasy_ [version 2.0]/desert_/Floor/desert__20.asset using Guid(91102f4d1c285f84ca9aea6ebec3fd6f) Importer(2089858483,b0f066a214c2f5e87bad3c948f4d605d) (ScriptedImporter) -> (artifact id: 'a142e8932ad17be8af0d9087700a0836') in 0.014084 seconds
Number of updated asset objects reloaded before import = 0Number of asset objects unloaded after import = 2

========================================================================
Received Import Request.
  Time since last request: 0.000014 seconds.
  path: Assets/Asset/Tilemap/fantasy_ [version 2.0]/forest_/Floor/forest__89.asset
  artifactKey: Guid(0f076c0ee62f5124a8349f796b3952eb) Importer(2089858483,b0f066a214c2f5e87bad3c948f4d605d)
Start importing Assets/Asset/Tilemap/fantasy_ [version 2.0]/forest_/Floor/forest__89.asset using Guid(0f076c0ee62f5124a8349f796b3952eb) Importer(2089858483,b0f066a214c2f5e87bad3c948f4d605d) (ScriptedImporter) -> (artifact id: 'a37a1c433b40ac5d20f1466437277568') in 0.0119736 seconds
Number of updated asset objects reloaded before import = 0Number of asset objects unloaded after import = 2

========================================================================
Received Import Request.
  Time since last request: 0.000017 seconds.
  path: Assets/Asset/Tilemap/fantasy_ [version 2.0]/desert_/Floor/desert__50.asset
  artifactKey: Guid(0a6e4397512d0114895ca837addc6247) Importer(2089858483,b0f066a214c2f5e87bad3c948f4d605d)
Start importing Assets/Asset/Tilemap/fantasy_ [version 2.0]/desert_/Floor/desert__50.asset using Guid(0a6e4397512d0114895ca837addc6247) Importer(2089858483,b0f066a214c2f5e87bad3c948f4d605d) (ScriptedImporter) -> (artifact id: 'adb5f9c68fa52a8a3c1b0810dc55a0ef') in 0.0150991 seconds
Number of updated asset objects reloaded before import = 0Number of asset objects unloaded after import = 2

========================================================================
Received Import Request.
  Time since last request: 0.000024 seconds.
  path: Assets/Asset/Tilemap/fantasy_ [version 2.0]/forest_/Box/forest_ [fencesAndWalls]_26.asset
  artifactKey: Guid(be987a801173e804fb87d7a2907f9a77) Importer(2089858483,b0f066a214c2f5e87bad3c948f4d605d)
Start importing Assets/Asset/Tilemap/fantasy_ [version 2.0]/forest_/Box/forest_ [fencesAndWalls]_26.asset using Guid(be987a801173e804fb87d7a2907f9a77) Importer(2089858483,b0f066a214c2f5e87bad3c948f4d605d) (ScriptedImporter) -> (artifact id: '683ae02b97782aa9ae1a9645138883c7') in 0.0125008 seconds
Number of updated asset objects reloaded before import = 0Number of asset objects unloaded after import = 2

========================================================================
Received Prepare
Begin MonoManager ReloadAssembly
[Licensing::Client] Successfully resolved entitlement details
- Loaded All Assemblies, in  1.550 seconds
Refreshing native plugins compatible for Editor in 1.58 ms, found 4 plugins.
Native extension for WindowsStandalone target not found
Native extension for WebGL target not found
[Package Manager] Failed to launch server process. Reason: Unity was launched with the -noUpm command-line argument
[Package Manager] Unable to send message (not connected to server process).
[Package Manager] Cannot connect to Unity Package Manager local server
Mono: successfully reloaded assembly
- Finished resetting the current domain, in  0.561 seconds
Domain Reload Profiling: 2110ms
	BeginReloadAssembly (194ms)
		ExecutionOrderSort (0ms)
		DisableScriptedObjects (11ms)
		BackupInstance (0ms)
		ReleaseScriptingObjects (0ms)
		CreateAndSetChildDomain (43ms)
	RebuildCommonClasses (34ms)
	RebuildNativeTypeToScriptingClass (10ms)
	initialDomainReloadingComplete (25ms)
	LoadAllAssembliesAndSetupDomain (1284ms)
		LoadAssemblies (1225ms)
		RebuildTransferFunctionScriptingTraits (0ms)
		AnalyzeDomain (145ms)
			TypeCache.Refresh (8ms)
				TypeCache.ScanAssembly (0ms)
			BuildScriptInfoCaches (125ms)
			ResolveRequiredComponents (8ms)
	FinalizeReload (562ms)
		ReleaseScriptCaches (0ms)
		RebuildScriptCaches (0ms)
		SetupLoadedEditorAssemblies (445ms)
			LogAssemblyErrors (0ms)
			InitializePlatformSupportModulesInManaged (2ms)
			SetLoadedEditorAssemblies (5ms)
			BeforeProcessingInitializeOnLoad (117ms)
			ProcessInitializeOnLoadAttributes (261ms)
			ProcessInitializeOnLoadMethodAttributes (55ms)
			AfterProcessingInitializeOnLoad (5ms)
			EditorAssembliesLoaded (0ms)
		ExecutionOrderSort2 (0ms)
		AwakeInstancesAfterBackupRestoration (11ms)
Refreshing native plugins compatible for Editor in 2.39 ms, found 4 plugins.
Preloading 0 native plugins for Editor in 0.00 ms.
Unloading 16 Unused Serialized files (Serialized files now loaded: 0)
Unloading 6879 unused Assets / (3.9 MB). Loaded Objects now: 7721.
Memory consumption went from 161.4 MB to 157.4 MB.
Total: 9.190600 ms (FindLiveObjects: 0.510600 ms CreateObjectMapping: 0.449100 ms MarkObjects: 6.409600 ms  DeleteObjects: 1.820200 ms)

Prepare: number of updated asset objects reloaded= 0
========================================================================
Received Prepare
Begin MonoManager ReloadAssembly
- Loaded All Assemblies, in  1.705 seconds
Refreshing native plugins compatible for Editor in 3.18 ms, found 4 plugins.
Native extension for WindowsStandalone target not found
Native extension for WebGL target not found
[Package Manager] Failed to launch server process. Reason: Unity was launched with the -noUpm command-line argument
[Package Manager] Unable to send message (not connected to server process).
[Package Manager] Cannot connect to Unity Package Manager local server
Mono: successfully reloaded assembly
- Finished resetting the current domain, in  0.876 seconds
Domain Reload Profiling: 2564ms
	BeginReloadAssembly (529ms)
		ExecutionOrderSort (0ms)
		DisableScriptedObjects (20ms)
		BackupInstance (0ms)
		ReleaseScriptingObjects (0ms)
		CreateAndSetChildDomain (111ms)
	RebuildCommonClasses (70ms)
	RebuildNativeTypeToScriptingClass (25ms)
	initialDomainReloadingComplete (66ms)
	LoadAllAssembliesAndSetupDomain (997ms)
		LoadAssemblies (988ms)
		RebuildTransferFunctionScriptingTraits (0ms)
		AnalyzeDomain (300ms)
			TypeCache.Refresh (17ms)
				TypeCache.ScanAssembly (0ms)
			BuildScriptInfoCaches (256ms)
			ResolveRequiredComponents (19ms)
	FinalizeReload (876ms)
		ReleaseScriptCaches (0ms)
		RebuildScriptCaches (0ms)
		SetupLoadedEditorAssemblies (662ms)
			LogAssemblyErrors (0ms)
			InitializePlatformSupportModulesInManaged (4ms)
			SetLoadedEditorAssemblies (8ms)
			BeforeProcessingInitializeOnLoad (269ms)
			ProcessInitializeOnLoadAttributes (302ms)
			ProcessInitializeOnLoadMethodAttributes (72ms)
			AfterProcessingInitializeOnLoad (6ms)
			EditorAssembliesLoaded (0ms)
		ExecutionOrderSort2 (0ms)
		AwakeInstancesAfterBackupRestoration (14ms)
Refreshing native plugins compatible for Editor in 1.79 ms, found 4 plugins.
Preloading 0 native plugins for Editor in 0.00 ms.
Unloading 16 Unused Serialized files (Serialized files now loaded: 0)
Unloading 6879 unused Assets / (3.8 MB). Loaded Objects now: 7724.
Memory consumption went from 161.4 MB to 157.6 MB.
Total: 6.737200 ms (FindLiveObjects: 0.474100 ms CreateObjectMapping: 0.305400 ms MarkObjects: 4.329300 ms  DeleteObjects: 1.627500 ms)

Prepare: number of updated asset objects reloaded= 0
========================================================================
Received Prepare
Begin MonoManager ReloadAssembly
- Loaded All Assemblies, in  0.610 seconds
Refreshing native plugins compatible for Editor in 1.43 ms, found 4 plugins.
Native extension for WindowsStandalone target not found
Native extension for WebGL target not found
[Package Manager] Failed to launch server process. Reason: Unity was launched with the -noUpm command-line argument
[Package Manager] Unable to send message (not connected to server process).
[Package Manager] Cannot connect to Unity Package Manager local server
Mono: successfully reloaded assembly
- Finished resetting the current domain, in  0.614 seconds
Domain Reload Profiling: 1224ms
	BeginReloadAssembly (175ms)
		ExecutionOrderSort (0ms)
		DisableScriptedObjects (12ms)
		BackupInstance (0ms)
		ReleaseScriptingObjects (0ms)
		CreateAndSetChildDomain (36ms)
	RebuildCommonClasses (29ms)
	RebuildNativeTypeToScriptingClass (11ms)
	initialDomainReloadingComplete (27ms)
	LoadAllAssembliesAndSetupDomain (368ms)
		LoadAssemblies (294ms)
		RebuildTransferFunctionScriptingTraits (0ms)
		AnalyzeDomain (153ms)
			TypeCache.Refresh (5ms)
				TypeCache.ScanAssembly (0ms)
			BuildScriptInfoCaches (132ms)
			ResolveRequiredComponents (10ms)
	FinalizeReload (615ms)
		ReleaseScriptCaches (0ms)
		RebuildScriptCaches (0ms)
		SetupLoadedEditorAssemblies (490ms)
			LogAssemblyErrors (0ms)
			InitializePlatformSupportModulesInManaged (2ms)
			SetLoadedEditorAssemblies (5ms)
			BeforeProcessingInitializeOnLoad (145ms)
			ProcessInitializeOnLoadAttributes (270ms)
			ProcessInitializeOnLoadMethodAttributes (63ms)
			AfterProcessingInitializeOnLoad (5ms)
			EditorAssembliesLoaded (0ms)
		ExecutionOrderSort2 (0ms)
		AwakeInstancesAfterBackupRestoration (12ms)
Refreshing native plugins compatible for Editor in 1.84 ms, found 4 plugins.
Preloading 0 native plugins for Editor in 0.00 ms.
Unloading 16 Unused Serialized files (Serialized files now loaded: 0)
Unloading 6879 unused Assets / (3.8 MB). Loaded Objects now: 7727.
Memory consumption went from 161.5 MB to 157.6 MB.
Total: 6.742100 ms (FindLiveObjects: 0.509300 ms CreateObjectMapping: 0.335800 ms MarkObjects: 4.443600 ms  DeleteObjects: 1.452000 ms)

Prepare: number of updated asset objects reloaded= 0
========================================================================
Received Prepare
Begin MonoManager ReloadAssembly
[Licensing::Client] Successfully resolved entitlement details
- Loaded All Assemblies, in  0.666 seconds
Refreshing native plugins compatible for Editor in 1.96 ms, found 4 plugins.
Native extension for WindowsStandalone target not found
Native extension for WebGL target not found
[Package Manager] Failed to launch server process. Reason: Unity was launched with the -noUpm command-line argument
[Package Manager] Unable to send message (not connected to server process).
[Package Manager] Cannot connect to Unity Package Manager local server
Mono: successfully reloaded assembly
- Finished resetting the current domain, in  0.678 seconds
Domain Reload Profiling: 1344ms
	BeginReloadAssembly (193ms)
		ExecutionOrderSort (0ms)
		DisableScriptedObjects (12ms)
		BackupInstance (0ms)
		ReleaseScriptingObjects (0ms)
		CreateAndSetChildDomain (38ms)
	RebuildCommonClasses (30ms)
	RebuildNativeTypeToScriptingClass (12ms)
	initialDomainReloadingComplete (33ms)
	LoadAllAssembliesAndSetupDomain (398ms)
		LoadAssemblies (313ms)
		RebuildTransferFunctionScriptingTraits (0ms)
		AnalyzeDomain (171ms)
			TypeCache.Refresh (6ms)
				TypeCache.ScanAssembly (0ms)
			BuildScriptInfoCaches (150ms)
			ResolveRequiredComponents (10ms)
	FinalizeReload (679ms)
		ReleaseScriptCaches (0ms)
		RebuildScriptCaches (0ms)
		SetupLoadedEditorAssemblies (537ms)
			LogAssemblyErrors (0ms)
			InitializePlatformSupportModulesInManaged (3ms)
			SetLoadedEditorAssemblies (5ms)
			BeforeProcessingInitializeOnLoad (135ms)
			ProcessInitializeOnLoadAttributes (308ms)
			ProcessInitializeOnLoadMethodAttributes (79ms)
			AfterProcessingInitializeOnLoad (7ms)
			EditorAssembliesLoaded (0ms)
		ExecutionOrderSort2 (0ms)
		AwakeInstancesAfterBackupRestoration (14ms)
Refreshing native plugins compatible for Editor in 2.52 ms, found 4 plugins.
Preloading 0 native plugins for Editor in 0.00 ms.
Unloading 16 Unused Serialized files (Serialized files now loaded: 0)
Unloading 6879 unused Assets / (4.3 MB). Loaded Objects now: 7730.
Memory consumption went from 161.5 MB to 157.2 MB.
Total: 8.855400 ms (FindLiveObjects: 0.625700 ms CreateObjectMapping: 0.392700 ms MarkObjects: 5.497700 ms  DeleteObjects: 2.338200 ms)

Prepare: number of updated asset objects reloaded= 0
========================================================================
Received Prepare
Begin MonoManager ReloadAssembly
- Loaded All Assemblies, in  0.654 seconds
Refreshing native plugins compatible for Editor in 1.78 ms, found 4 plugins.
Native extension for WindowsStandalone target not found
Native extension for WebGL target not found
[Package Manager] Failed to launch server process. Reason: Unity was launched with the -noUpm command-line argument
[Package Manager] Unable to send message (not connected to server process).
[Package Manager] Cannot connect to Unity Package Manager local server
Mono: successfully reloaded assembly
- Finished resetting the current domain, in  0.707 seconds
Domain Reload Profiling: 1361ms
	BeginReloadAssembly (180ms)
		ExecutionOrderSort (0ms)
		DisableScriptedObjects (11ms)
		BackupInstance (0ms)
		ReleaseScriptingObjects (0ms)
		CreateAndSetChildDomain (37ms)
	RebuildCommonClasses (31ms)
	RebuildNativeTypeToScriptingClass (12ms)
	initialDomainReloadingComplete (23ms)
	LoadAllAssembliesAndSetupDomain (407ms)
		LoadAssemblies (316ms)
		RebuildTransferFunctionScriptingTraits (0ms)
		AnalyzeDomain (172ms)
			TypeCache.Refresh (6ms)
				TypeCache.ScanAssembly (0ms)
			BuildScriptInfoCaches (152ms)
			ResolveRequiredComponents (9ms)
	FinalizeReload (708ms)
		ReleaseScriptCaches (0ms)
		RebuildScriptCaches (0ms)
		SetupLoadedEditorAssemblies (555ms)
			LogAssemblyErrors (0ms)
			InitializePlatformSupportModulesInManaged (2ms)
			SetLoadedEditorAssemblies (5ms)
			BeforeProcessingInitializeOnLoad (138ms)
			ProcessInitializeOnLoadAttributes (327ms)
			ProcessInitializeOnLoadMethodAttributes (76ms)
			AfterProcessingInitializeOnLoad (6ms)
			EditorAssembliesLoaded (0ms)
		ExecutionOrderSort2 (0ms)
		AwakeInstancesAfterBackupRestoration (15ms)
Refreshing native plugins compatible for Editor in 2.15 ms, found 4 plugins.
Preloading 0 native plugins for Editor in 0.00 ms.
Unloading 16 Unused Serialized files (Serialized files now loaded: 0)
Unloading 6879 unused Assets / (3.9 MB). Loaded Objects now: 7733.
Memory consumption went from 161.5 MB to 157.6 MB.
Total: 7.991000 ms (FindLiveObjects: 0.664700 ms CreateObjectMapping: 0.361500 ms MarkObjects: 5.164700 ms  DeleteObjects: 1.798800 ms)

Prepare: number of updated asset objects reloaded= 0
========================================================================
Received Prepare
Refreshing native plugins compatible for Editor in 7.93 ms, found 4 plugins.
Preloading 0 native plugins for Editor in 0.00 ms.
Unloading 16 Unused Serialized files (Serialized files now loaded: 0)
Unloading 6869 unused Assets / (4.0 MB). Loaded Objects now: 7733.
Memory consumption went from 161.7 MB to 157.7 MB.
Total: 9.593200 ms (FindLiveObjects: 0.614700 ms CreateObjectMapping: 0.417900 ms MarkObjects: 6.149200 ms  DeleteObjects: 2.409900 ms)

Prepare: number of updated asset objects reloaded= 0
========================================================================
Received Prepare
Begin MonoManager ReloadAssembly
- Loaded All Assemblies, in  0.681 seconds
Refreshing native plugins compatible for Editor in 2.75 ms, found 4 plugins.
Native extension for WindowsStandalone target not found
Native extension for WebGL target not found
[Package Manager] Failed to launch server process. Reason: Unity was launched with the -noUpm command-line argument
[Package Manager] Unable to send message (not connected to server process).
[Package Manager] Cannot connect to Unity Package Manager local server
Mono: successfully reloaded assembly
- Finished resetting the current domain, in  0.806 seconds
Domain Reload Profiling: 1487ms
	BeginReloadAssembly (186ms)
		ExecutionOrderSort (0ms)
		DisableScriptedObjects (13ms)
		BackupInstance (0ms)
		ReleaseScriptingObjects (0ms)
		CreateAndSetChildDomain (37ms)
	RebuildCommonClasses (32ms)
	RebuildNativeTypeToScriptingClass (12ms)
	initialDomainReloadingComplete (24ms)
	LoadAllAssembliesAndSetupDomain (425ms)
		LoadAssemblies (322ms)
		RebuildTransferFunctionScriptingTraits (0ms)
		AnalyzeDomain (186ms)
			TypeCache.Refresh (11ms)
				TypeCache.ScanAssembly (0ms)
			BuildScriptInfoCaches (158ms)
			ResolveRequiredComponents (12ms)
	FinalizeReload (807ms)
		ReleaseScriptCaches (0ms)
		RebuildScriptCaches (0ms)
		SetupLoadedEditorAssemblies (640ms)
			LogAssemblyErrors (0ms)
			InitializePlatformSupportModulesInManaged (3ms)
			SetLoadedEditorAssemblies (6ms)
			BeforeProcessingInitializeOnLoad (172ms)
			ProcessInitializeOnLoadAttributes (385ms)
			ProcessInitializeOnLoadMethodAttributes (69ms)
			AfterProcessingInitializeOnLoad (6ms)
			EditorAssembliesLoaded (0ms)
		ExecutionOrderSort2 (0ms)
		AwakeInstancesAfterBackupRestoration (13ms)
Refreshing native plugins compatible for Editor in 2.44 ms, found 4 plugins.
Preloading 0 native plugins for Editor in 0.00 ms.
Unloading 16 Unused Serialized files (Serialized files now loaded: 0)
Unloading 6879 unused Assets / (4.2 MB). Loaded Objects now: 7736.
Memory consumption went from 161.6 MB to 157.4 MB.
Total: 8.290200 ms (FindLiveObjects: 0.592400 ms CreateObjectMapping: 0.518600 ms MarkObjects: 5.265500 ms  DeleteObjects: 1.912500 ms)

Prepare: number of updated asset objects reloaded= 0
========================================================================
Received Prepare
Begin MonoManager ReloadAssembly
- Loaded All Assemblies, in  0.659 seconds
Refreshing native plugins compatible for Editor in 1.95 ms, found 4 plugins.
Native extension for WindowsStandalone target not found
Native extension for WebGL target not found
[Package Manager] Failed to launch server process. Reason: Unity was launched with the -noUpm command-line argument
[Package Manager] Unable to send message (not connected to server process).
[Package Manager] Cannot connect to Unity Package Manager local server
Mono: successfully reloaded assembly
- Finished resetting the current domain, in  0.724 seconds
Domain Reload Profiling: 1382ms
	BeginReloadAssembly (186ms)
		ExecutionOrderSort (0ms)
		DisableScriptedObjects (12ms)
		BackupInstance (0ms)
		ReleaseScriptingObjects (0ms)
		CreateAndSetChildDomain (39ms)
	RebuildCommonClasses (29ms)
	RebuildNativeTypeToScriptingClass (12ms)
	initialDomainReloadingComplete (26ms)
	LoadAllAssembliesAndSetupDomain (404ms)
		LoadAssemblies (317ms)
		RebuildTransferFunctionScriptingTraits (0ms)
		AnalyzeDomain (170ms)
			TypeCache.Refresh (8ms)
				TypeCache.ScanAssembly (0ms)
			BuildScriptInfoCaches (149ms)
			ResolveRequiredComponents (9ms)
	FinalizeReload (724ms)
		ReleaseScriptCaches (0ms)
		RebuildScriptCaches (0ms)
		SetupLoadedEditorAssemblies (574ms)
			LogAssemblyErrors (0ms)
			InitializePlatformSupportModulesInManaged (2ms)
			SetLoadedEditorAssemblies (6ms)
			BeforeProcessingInitializeOnLoad (138ms)
			ProcessInitializeOnLoadAttributes (336ms)
			ProcessInitializeOnLoadMethodAttributes (84ms)
			AfterProcessingInitializeOnLoad (8ms)
			EditorAssembliesLoaded (0ms)
		ExecutionOrderSort2 (0ms)
		AwakeInstancesAfterBackupRestoration (22ms)
Refreshing native plugins compatible for Editor in 2.74 ms, found 4 plugins.
Preloading 0 native plugins for Editor in 0.00 ms.
Unloading 16 Unused Serialized files (Serialized files now loaded: 0)
Unloading 6879 unused Assets / (3.6 MB). Loaded Objects now: 7739.
Memory consumption went from 161.6 MB to 158.0 MB.
Total: 8.149100 ms (FindLiveObjects: 0.540300 ms CreateObjectMapping: 0.402800 ms MarkObjects: 5.454800 ms  DeleteObjects: 1.750000 ms)

Prepare: number of updated asset objects reloaded= 0
========================================================================
Received Prepare
Begin MonoManager ReloadAssembly
[Licensing::Client] Successfully resolved entitlement details
- Loaded All Assemblies, in  0.655 seconds
Refreshing native plugins compatible for Editor in 1.65 ms, found 4 plugins.
Native extension for WindowsStandalone target not found
Native extension for WebGL target not found
[Package Manager] Failed to launch server process. Reason: Unity was launched with the -noUpm command-line argument
[Package Manager] Unable to send message (not connected to server process).
[Package Manager] Cannot connect to Unity Package Manager local server
Mono: successfully reloaded assembly
- Finished resetting the current domain, in  0.882 seconds
Domain Reload Profiling: 1537ms
	BeginReloadAssembly (192ms)
		ExecutionOrderSort (0ms)
		DisableScriptedObjects (12ms)
		BackupInstance (0ms)
		ReleaseScriptingObjects (0ms)
		CreateAndSetChildDomain (37ms)
	RebuildCommonClasses (31ms)
	RebuildNativeTypeToScriptingClass (11ms)
	initialDomainReloadingComplete (24ms)
	LoadAllAssembliesAndSetupDomain (397ms)
		LoadAssemblies (315ms)
		RebuildTransferFunctionScriptingTraits (0ms)
		AnalyzeDomain (169ms)
			TypeCache.Refresh (6ms)
				TypeCache.ScanAssembly (0ms)
			BuildScriptInfoCaches (145ms)
			ResolveRequiredComponents (14ms)
	FinalizeReload (883ms)
		ReleaseScriptCaches (0ms)
		RebuildScriptCaches (0ms)
		SetupLoadedEditorAssemblies (721ms)
			LogAssemblyErrors (0ms)
			InitializePlatformSupportModulesInManaged (3ms)
			SetLoadedEditorAssemblies (8ms)
			BeforeProcessingInitializeOnLoad (168ms)
			ProcessInitializeOnLoadAttributes (433ms)
			ProcessInitializeOnLoadMethodAttributes (99ms)
			AfterProcessingInitializeOnLoad (10ms)
			EditorAssembliesLoaded (0ms)
		ExecutionOrderSort2 (0ms)
		AwakeInstancesAfterBackupRestoration (20ms)
Refreshing native plugins compatible for Editor in 2.61 ms, found 4 plugins.
Preloading 0 native plugins for Editor in 0.00 ms.
Unloading 16 Unused Serialized files (Serialized files now loaded: 0)
Unloading 6879 unused Assets / (4.0 MB). Loaded Objects now: 7742.
Memory consumption went from 161.6 MB to 157.6 MB.
Total: 9.048800 ms (FindLiveObjects: 0.539500 ms CreateObjectMapping: 0.352600 ms MarkObjects: 5.754000 ms  DeleteObjects: 2.401000 ms)

Prepare: number of updated asset objects reloaded= 0
========================================================================
Received Prepare
Begin MonoManager ReloadAssembly
[Licensing::Client] Successfully resolved entitlement details
- Loaded All Assemblies, in  0.939 seconds
Refreshing native plugins compatible for Editor in 1.62 ms, found 4 plugins.
Native extension for WindowsStandalone target not found
Native extension for WebGL target not found
[Package Manager] Failed to launch server process. Reason: Unity was launched with the -noUpm command-line argument
[Package Manager] Unable to send message (not connected to server process).
[Package Manager] Cannot connect to Unity Package Manager local server
Mono: successfully reloaded assembly
- Finished resetting the current domain, in  0.719 seconds
Domain Reload Profiling: 1658ms
	BeginReloadAssembly (467ms)
		ExecutionOrderSort (0ms)
		DisableScriptedObjects (14ms)
		BackupInstance (0ms)
		ReleaseScriptingObjects (0ms)
		CreateAndSetChildDomain (39ms)
	RebuildCommonClasses (32ms)
	RebuildNativeTypeToScriptingClass (14ms)
	initialDomainReloadingComplete (26ms)
	LoadAllAssembliesAndSetupDomain (401ms)
		LoadAssemblies (594ms)
		RebuildTransferFunctionScriptingTraits (0ms)
		AnalyzeDomain (167ms)
			TypeCache.Refresh (9ms)
				TypeCache.ScanAssembly (0ms)
			BuildScriptInfoCaches (145ms)
			ResolveRequiredComponents (9ms)
	FinalizeReload (719ms)
		ReleaseScriptCaches (0ms)
		RebuildScriptCaches (0ms)
		SetupLoadedEditorAssemblies (559ms)
			LogAssemblyErrors (0ms)
			InitializePlatformSupportModulesInManaged (2ms)
			SetLoadedEditorAssemblies (5ms)
			BeforeProcessingInitializeOnLoad (141ms)
			ProcessInitializeOnLoadAttributes (330ms)
			ProcessInitializeOnLoadMethodAttributes (74ms)
			AfterProcessingInitializeOnLoad (7ms)
			EditorAssembliesLoaded (0ms)
		ExecutionOrderSort2 (0ms)
		AwakeInstancesAfterBackupRestoration (15ms)
Refreshing native plugins compatible for Editor in 2.33 ms, found 4 plugins.
Preloading 0 native plugins for Editor in 0.00 ms.
Unloading 16 Unused Serialized files (Serialized files now loaded: 0)
Unloading 6879 unused Assets / (4.0 MB). Loaded Objects now: 7745.
Memory consumption went from 161.7 MB to 157.7 MB.
Total: 8.301500 ms (FindLiveObjects: 0.747700 ms CreateObjectMapping: 0.548500 ms MarkObjects: 5.157200 ms  DeleteObjects: 1.846600 ms)

Prepare: number of updated asset objects reloaded= 0
========================================================================
Received Prepare
Begin MonoManager ReloadAssembly
- Loaded All Assemblies, in  0.624 seconds
Refreshing native plugins compatible for Editor in 1.50 ms, found 4 plugins.
Native extension for WindowsStandalone target not found
Native extension for WebGL target not found
[Package Manager] Failed to launch server process. Reason: Unity was launched with the -noUpm command-line argument
[Package Manager] Unable to send message (not connected to server process).
[Package Manager] Cannot connect to Unity Package Manager local server
Mono: successfully reloaded assembly
- Finished resetting the current domain, in  0.583 seconds
Domain Reload Profiling: 1207ms
	BeginReloadAssembly (182ms)
		ExecutionOrderSort (0ms)
		DisableScriptedObjects (10ms)
		BackupInstance (0ms)
		ReleaseScriptingObjects (0ms)
		CreateAndSetChildDomain (37ms)
	RebuildCommonClasses (29ms)
	RebuildNativeTypeToScriptingClass (10ms)
	initialDomainReloadingComplete (25ms)
	LoadAllAssembliesAndSetupDomain (377ms)
		LoadAssemblies (299ms)
		RebuildTransferFunctionScriptingTraits (0ms)
		AnalyzeDomain (156ms)
			TypeCache.Refresh (6ms)
				TypeCache.ScanAssembly (0ms)
			BuildScriptInfoCaches (137ms)
			ResolveRequiredComponents (8ms)
	FinalizeReload (584ms)
		ReleaseScriptCaches (0ms)
		RebuildScriptCaches (0ms)
		SetupLoadedEditorAssemblies (462ms)
			LogAssemblyErrors (0ms)
			InitializePlatformSupportModulesInManaged (2ms)
			SetLoadedEditorAssemblies (6ms)
			BeforeProcessingInitializeOnLoad (118ms)
			ProcessInitializeOnLoadAttributes (271ms)
			ProcessInitializeOnLoadMethodAttributes (59ms)
			AfterProcessingInitializeOnLoad (6ms)
			EditorAssembliesLoaded (0ms)
		ExecutionOrderSort2 (0ms)
		AwakeInstancesAfterBackupRestoration (13ms)
Refreshing native plugins compatible for Editor in 2.46 ms, found 4 plugins.
Preloading 0 native plugins for Editor in 0.00 ms.
Unloading 16 Unused Serialized files (Serialized files now loaded: 0)
Unloading 6879 unused Assets / (3.9 MB). Loaded Objects now: 7748.
Memory consumption went from 161.8 MB to 157.9 MB.
Total: 7.147200 ms (FindLiveObjects: 0.607200 ms CreateObjectMapping: 0.421200 ms MarkObjects: 4.548000 ms  DeleteObjects: 1.569600 ms)

Prepare: number of updated asset objects reloaded= 0
========================================================================
Received Prepare
Begin MonoManager ReloadAssembly
- Loaded All Assemblies, in  0.622 seconds
Refreshing native plugins compatible for Editor in 1.51 ms, found 4 plugins.
Native extension for WindowsStandalone target not found
Native extension for WebGL target not found
[Package Manager] Failed to launch server process. Reason: Unity was launched with the -noUpm command-line argument
[Package Manager] Unable to send message (not connected to server process).
[Package Manager] Cannot connect to Unity Package Manager local server
Mono: successfully reloaded assembly
- Finished resetting the current domain, in  0.642 seconds
Domain Reload Profiling: 1264ms
	BeginReloadAssembly (179ms)
		ExecutionOrderSort (0ms)
		DisableScriptedObjects (10ms)
		BackupInstance (0ms)
		ReleaseScriptingObjects (0ms)
		CreateAndSetChildDomain (36ms)
	RebuildCommonClasses (29ms)
	RebuildNativeTypeToScriptingClass (11ms)
	initialDomainReloadingComplete (29ms)
	LoadAllAssembliesAndSetupDomain (373ms)
		LoadAssemblies (298ms)
		RebuildTransferFunctionScriptingTraits (0ms)
		AnalyzeDomain (161ms)
			TypeCache.Refresh (6ms)
				TypeCache.ScanAssembly (0ms)
			BuildScriptInfoCaches (143ms)
			ResolveRequiredComponents (9ms)
	FinalizeReload (643ms)
		ReleaseScriptCaches (0ms)
		RebuildScriptCaches (0ms)
		SetupLoadedEditorAssemblies (506ms)
			LogAssemblyErrors (0ms)
			InitializePlatformSupportModulesInManaged (2ms)
			SetLoadedEditorAssemblies (5ms)
			BeforeProcessingInitializeOnLoad (120ms)
			ProcessInitializeOnLoadAttributes (303ms)
			ProcessInitializeOnLoadMethodAttributes (70ms)
			AfterProcessingInitializeOnLoad (6ms)
			EditorAssembliesLoaded (0ms)
		ExecutionOrderSort2 (0ms)
		AwakeInstancesAfterBackupRestoration (15ms)
Refreshing native plugins compatible for Editor in 2.80 ms, found 4 plugins.
Preloading 0 native plugins for Editor in 0.00 ms.
Unloading 16 Unused Serialized files (Serialized files now loaded: 0)
Unloading 6879 unused Assets / (3.8 MB). Loaded Objects now: 7751.
Memory consumption went from 161.8 MB to 158.0 MB.
Total: 8.098500 ms (FindLiveObjects: 0.519000 ms CreateObjectMapping: 0.323100 ms MarkObjects: 5.610400 ms  DeleteObjects: 1.644800 ms)

Prepare: number of updated asset objects reloaded= 0
========================================================================
Received Prepare
Begin MonoManager ReloadAssembly
[Licensing::Client] Successfully resolved entitlement details
- Loaded All Assemblies, in  0.647 seconds
Refreshing native plugins compatible for Editor in 1.76 ms, found 4 plugins.
Native extension for WindowsStandalone target not found
Native extension for WebGL target not found
[Package Manager] Failed to launch server process. Reason: Unity was launched with the -noUpm command-line argument
[Package Manager] Unable to send message (not connected to server process).
[Package Manager] Cannot connect to Unity Package Manager local server
Mono: successfully reloaded assembly
- Finished resetting the current domain, in  0.743 seconds
Domain Reload Profiling: 1390ms
	BeginReloadAssembly (182ms)
		ExecutionOrderSort (0ms)
		DisableScriptedObjects (12ms)
		BackupInstance (0ms)
		ReleaseScriptingObjects (0ms)
		CreateAndSetChildDomain (37ms)
	RebuildCommonClasses (30ms)
	RebuildNativeTypeToScriptingClass (11ms)
	initialDomainReloadingComplete (26ms)
	LoadAllAssembliesAndSetupDomain (398ms)
		LoadAssemblies (306ms)
		RebuildTransferFunctionScriptingTraits (0ms)
		AnalyzeDomain (174ms)
			TypeCache.Refresh (6ms)
				TypeCache.ScanAssembly (0ms)
			BuildScriptInfoCaches (148ms)
			ResolveRequiredComponents (13ms)
	FinalizeReload (743ms)
		ReleaseScriptCaches (0ms)
		RebuildScriptCaches (0ms)
		SetupLoadedEditorAssemblies (594ms)
			LogAssemblyErrors (0ms)
			InitializePlatformSupportModulesInManaged (2ms)
			SetLoadedEditorAssemblies (6ms)
			BeforeProcessingInitializeOnLoad (142ms)
			ProcessInitializeOnLoadAttributes (356ms)
			ProcessInitializeOnLoadMethodAttributes (80ms)
			AfterProcessingInitializeOnLoad (7ms)
			EditorAssembliesLoaded (0ms)
		ExecutionOrderSort2 (0ms)
		AwakeInstancesAfterBackupRestoration (18ms)
Refreshing native plugins compatible for Editor in 2.02 ms, found 4 plugins.
Preloading 0 native plugins for Editor in 0.00 ms.
Unloading 16 Unused Serialized files (Serialized files now loaded: 0)
Unloading 6879 unused Assets / (3.6 MB). Loaded Objects now: 7754.
Memory consumption went from 161.9 MB to 158.3 MB.
Total: 8.363200 ms (FindLiveObjects: 0.495300 ms CreateObjectMapping: 0.400600 ms MarkObjects: 5.481700 ms  DeleteObjects: 1.984500 ms)

Prepare: number of updated asset objects reloaded= 0
========================================================================
Received Prepare
Begin MonoManager ReloadAssembly
[Licensing::Client] Successfully resolved entitlement details
- Loaded All Assemblies, in  0.602 seconds
Refreshing native plugins compatible for Editor in 1.66 ms, found 4 plugins.
Native extension for WindowsStandalone target not found
Native extension for WebGL target not found
[Package Manager] Failed to launch server process. Reason: Unity was launched with the -noUpm command-line argument
[Package Manager] Unable to send message (not connected to server process).
[Package Manager] Cannot connect to Unity Package Manager local server
Mono: successfully reloaded assembly
- Finished resetting the current domain, in  0.583 seconds
Domain Reload Profiling: 1185ms
	BeginReloadAssembly (179ms)
		ExecutionOrderSort (0ms)
		DisableScriptedObjects (11ms)
		BackupInstance (0ms)
		ReleaseScriptingObjects (0ms)
		CreateAndSetChildDomain (38ms)
	RebuildCommonClasses (31ms)
	RebuildNativeTypeToScriptingClass (10ms)
	initialDomainReloadingComplete (23ms)
	LoadAllAssembliesAndSetupDomain (358ms)
		LoadAssemblies (289ms)
		RebuildTransferFunctionScriptingTraits (0ms)
		AnalyzeDomain (148ms)
			TypeCache.Refresh (6ms)
				TypeCache.ScanAssembly (0ms)
			BuildScriptInfoCaches (130ms)
			ResolveRequiredComponents (8ms)
	FinalizeReload (583ms)
		ReleaseScriptCaches (0ms)
		RebuildScriptCaches (0ms)
		SetupLoadedEditorAssemblies (464ms)
			LogAssemblyErrors (0ms)
			InitializePlatformSupportModulesInManaged (2ms)
			SetLoadedEditorAssemblies (6ms)
			BeforeProcessingInitializeOnLoad (119ms)
			ProcessInitializeOnLoadAttributes (267ms)
			ProcessInitializeOnLoadMethodAttributes (66ms)
			AfterProcessingInitializeOnLoad (5ms)
			EditorAssembliesLoaded (0ms)
		ExecutionOrderSort2 (0ms)
		AwakeInstancesAfterBackupRestoration (12ms)
Refreshing native plugins compatible for Editor in 1.56 ms, found 4 plugins.
Preloading 0 native plugins for Editor in 0.00 ms.
Unloading 16 Unused Serialized files (Serialized files now loaded: 0)
Unloading 6879 unused Assets / (3.9 MB). Loaded Objects now: 7757.
Memory consumption went from 161.9 MB to 158.0 MB.
Total: 6.890300 ms (FindLiveObjects: 0.567900 ms CreateObjectMapping: 0.480700 ms MarkObjects: 4.221200 ms  DeleteObjects: 1.619100 ms)

Prepare: number of updated asset objects reloaded= 0
========================================================================
Received Prepare
Begin MonoManager ReloadAssembly
[Licensing::Client] Successfully resolved entitlement details
- Loaded All Assemblies, in  0.617 seconds
Refreshing native plugins compatible for Editor in 1.65 ms, found 4 plugins.
Native extension for WindowsStandalone target not found
Native extension for WebGL target not found
[Package Manager] Failed to launch server process. Reason: Unity was launched with the -noUpm command-line argument
[Package Manager] Unable to send message (not connected to server process).
[Package Manager] Cannot connect to Unity Package Manager local server
Mono: successfully reloaded assembly
- Finished resetting the current domain, in  0.721 seconds
Domain Reload Profiling: 1338ms
	BeginReloadAssembly (177ms)
		ExecutionOrderSort (0ms)
		DisableScriptedObjects (13ms)
		BackupInstance (0ms)
		ReleaseScriptingObjects (0ms)
		CreateAndSetChildDomain (36ms)
	RebuildCommonClasses (29ms)
	RebuildNativeTypeToScriptingClass (10ms)
	initialDomainReloadingComplete (22ms)
	LoadAllAssembliesAndSetupDomain (379ms)
		LoadAssemblies (297ms)
		RebuildTransferFunctionScriptingTraits (0ms)
		AnalyzeDomain (158ms)
			TypeCache.Refresh (6ms)
				TypeCache.ScanAssembly (0ms)
			BuildScriptInfoCaches (139ms)
			ResolveRequiredComponents (9ms)
	FinalizeReload (721ms)
		ReleaseScriptCaches (0ms)
		RebuildScriptCaches (0ms)
		SetupLoadedEditorAssemblies (589ms)
			LogAssemblyErrors (0ms)
			InitializePlatformSupportModulesInManaged (2ms)
			SetLoadedEditorAssemblies (6ms)
			BeforeProcessingInitializeOnLoad (150ms)
			ProcessInitializeOnLoadAttributes (347ms)
			ProcessInitializeOnLoadMethodAttributes (76ms)
			AfterProcessingInitializeOnLoad (7ms)
			EditorAssembliesLoaded (0ms)
		ExecutionOrderSort2 (0ms)
		AwakeInstancesAfterBackupRestoration (15ms)
Refreshing native plugins compatible for Editor in 2.78 ms, found 4 plugins.
Preloading 0 native plugins for Editor in 0.00 ms.
Unloading 16 Unused Serialized files (Serialized files now loaded: 0)
Unloading 6879 unused Assets / (4.0 MB). Loaded Objects now: 7760.
Memory consumption went from 162.0 MB to 157.9 MB.
Total: 7.822100 ms (FindLiveObjects: 0.559600 ms CreateObjectMapping: 0.420800 ms MarkObjects: 5.044100 ms  DeleteObjects: 1.796200 ms)

Prepare: number of updated asset objects reloaded= 0
